<?xml version="1.0" encoding="UTF-8"?>
<kml xmlns="http://www.opengis.net/kml/2.2">
  <Document>
    <name>north-south</name>
    <Style id="icon-1899-DB4436-nodesc-normal">
      <IconStyle>
        <color>ff3644db</color>
        <scale>1</scale>
        <Icon>
          <href>https://www.gstatic.com/mapspro/images/stock/503-wht-blank_maps.png</href>
        </Icon>
        <hotSpot x="32" xunits="pixels" y="64" yunits="insetPixels"/>
      </IconStyle>
      <LabelStyle>
        <scale>0</scale>
      </LabelStyle>
      <BalloonStyle>
        <text><![CDATA[<h3>$[name]</h3>]]></text>
      </BalloonStyle>
    </Style>
    <Style id="icon-1899-DB4436-nodesc-highlight">
      <IconStyle>
        <color>ff3644db</color>
        <scale>1</scale>
        <Icon>
          <href>https://www.gstatic.com/mapspro/images/stock/503-wht-blank_maps.png</href>
        </Icon>
        <hotSpot x="32" xunits="pixels" y="64" yunits="insetPixels"/>
      </IconStyle>
      <LabelStyle>
        <scale>1</scale>
      </LabelStyle>
      <BalloonStyle>
        <text><![CDATA[<h3>$[name]</h3>]]></text>
      </BalloonStyle>
    </Style>
    <StyleMap id="icon-1899-DB4436-nodesc">
      <Pair>
        <key>normal</key>
        <styleUrl>#icon-1899-DB4436-nodesc-normal</styleUrl>
      </Pair>
      <Pair>
        <key>highlight</key>
        <styleUrl>#icon-1899-DB4436-nodesc-highlight</styleUrl>
      </Pair>
    </StyleMap>
    <Style id="line-1267FF-5000-nodesc-normal">
      <LineStyle>
        <color>ffff6712</color>
        <width>5</width>
      </LineStyle>
      <BalloonStyle>
        <text><![CDATA[<h3>$[name]</h3>]]></text>
      </BalloonStyle>
    </Style>
    <Style id="line-1267FF-5000-nodesc-highlight">
      <LineStyle>
        <color>ffff6712</color>
        <width>7.5</width>
      </LineStyle>
      <BalloonStyle>
        <text><![CDATA[<h3>$[name]</h3>]]></text>
      </BalloonStyle>
    </Style>
    <StyleMap id="line-1267FF-5000-nodesc">
      <Pair>
        <key>normal</key>
        <styleUrl>#line-1267FF-5000-nodesc-normal</styleUrl>
      </Pair>
      <Pair>
        <key>highlight</key>
        <styleUrl>#line-1267FF-5000-nodesc-highlight</styleUrl>
      </Pair>
    </StyleMap>
    <Placemark>
      <name>north-south</name>
      <styleUrl>#line-1267FF-5000-nodesc</styleUrl>
      <LineString>
        <tessellate>1</tessellate>
        <coordinates>
          105.8923,18.342,0
          105.89232,18.34197,0
          105.89242,18.34186,0
          105.89269,18.34161,0
          105.89346,18.34083,0
          105.89358,18.34072,0
          105.89372,18.34056,0
          105.89403,18.34017,0
          105.89516,18.33892,0
          105.89557,18.33843,0
          105.89561,18.33835,0
          105.89564,18.33827,0
          105.89563,18.33823,0
          105.89563,18.33814,0
          105.89567,18.33806,0
          105.89574,18.33799,0
          105.8958,18.33796,0
          105.89582,18.33796,0
          105.89585,18.33795,0
          105.89591,18.33795,0
          105.89594,18.33796,0
          105.89596,18.33796,0
          105.89601,18.33794,0
          105.89612,18.33787,0
          105.89617,18.33782,0
          105.89622,18.33778,0
          105.89644,18.33753,0
          105.89647,18.33749,0
          105.89676,18.33718,0
          105.89711,18.33677,0
          105.89725,18.33663,0
          105.89877,18.33493,0
          105.89879,18.3349,0
          105.90022,18.33331,0
          105.90048,18.333,0
          105.90141,18.33198,0
          105.90169,18.33162,0
          105.90729,18.32529,0
          105.90734,18.32522,0
          105.90737,18.3252,0
          105.90748,18.32506,0
          105.9109,18.32113,0
          105.91167,18.32049,0
          105.91189,18.32032,0
          105.91196,18.32025,0
          105.91206,18.32018,0
          105.9121,18.32014,0
          105.9122,18.32006,0
          105.9123,18.31996,0
          105.91245,18.31985,0
          105.91293,18.31941,0
          105.91321,18.31917,0
          105.91343,18.31894,0
          105.9151,18.31737,0
          105.91589,18.31669,0
          105.91862,18.31425,0
          105.92097,18.3122,0
          105.92105,18.31208,0
          105.92139,18.31179,0
          105.92157,18.31157,0
          105.92199,18.3112,0
          105.92247,18.31084,0
          105.9232,18.31022,0
          105.92382,18.30974,0
          105.9248,18.30889,0
          105.92686,18.30697,0
          105.92943,18.3048,0
          105.93328,18.30138,0
          105.93447,18.30026,0
          105.93483,18.29985,0
          105.93482,18.29984,0
          105.93482,18.29973,0
          105.93483,18.29971,0
          105.93484,18.29967,0
          105.93488,18.29963,0
          105.93488,18.29962,0
          105.9349,18.2996,0
          105.93491,18.2996,0
          105.93499,18.29956,0
          105.93508,18.29956,0
          105.93564,18.29924,0
          105.93579,18.2991,0
          105.93718,18.2979,0
          105.93738,18.29771,0
          105.9375,18.29762,0
          105.93751,18.2976,0
          105.93925,18.29607,0
          105.93992,18.29545,0
          105.93992,18.29544,0
          105.94214,18.29346,0
          105.94262,18.29305,0
          105.94278,18.2929,0
          105.94443,18.29146,0
          105.94713,18.28919,0
          105.94788,18.28865,0
          105.94792,18.28861,0
          105.95397,18.28406,0
          105.95462,18.28353,0
          105.95859,18.28057,0
          105.95947,18.27996,0
          105.95991,18.27961,0
          105.96053,18.27916,0
          105.96056,18.27913,0
          105.96078,18.27899,0
          105.96129,18.27862,0
          105.9613,18.27862,0
          105.96294,18.27742,0
          105.96414,18.27642,0
          105.96473,18.276,0
          105.96551,18.27541,0
          105.96635,18.27482,0
          105.96693,18.27439,0
          105.96784,18.27368,0
          105.96786,18.27367,0
          105.97018,18.27186,0
          105.97325,18.26962,0
          105.97383,18.26922,0
          105.97598,18.26761,0
          105.97701,18.26679,0
          105.97854,18.2657,0
          105.98137,18.26356,0
          105.98182,18.26324,0
          105.9838,18.26173,0
          105.98387,18.26167,0
          105.98394,18.26162,0
          105.98395,18.26162,0
          105.98444,18.2612,0
          105.98455,18.26093,0
          105.98456,18.26087,0
          105.98458,18.2608,0
          105.98458,18.2606,0
          105.98434,18.26013,0
          105.98287,18.25746,0
          105.98133,18.25457,0
          105.98101,18.25407,0
          105.9807,18.25363,0
          105.9806,18.25352,0
          105.98054,18.25344,0
          105.98027,18.25312,0
          105.97948,18.25234,0
          105.97841,18.25135,0
          105.97822,18.25116,0
          105.97787,18.25085,0
          105.97687,18.2499,0
          105.97679,18.24984,0
          105.9766,18.24965,0
          105.97597,18.24907,0
          105.97591,18.249,0
          105.97528,18.24841,0
          105.97497,18.24808,0
          105.97446,18.24746,0
          105.97444,18.24744,0
          105.97375,18.24655,0
          105.97368,18.24645,0
          105.97363,18.24639,0
          105.97353,18.24625,0
          105.97345,18.24616,0
          105.97343,18.24612,0
          105.97291,18.24544,0
          105.9729,18.24545,0
          105.97287,18.24546,0
          105.97281,18.24546,0
          105.97278,18.24545,0
          105.97274,18.24541,0
          105.97273,18.24539,0
          105.97272,18.24538,0
          105.97272,18.2453,0
          105.97276,18.24526,0
          105.9726,18.24505,0
          105.97252,18.24493,0
          105.97098,18.24292,0
          105.97096,18.2429,0
          105.96986,18.24147,0
          105.96975,18.24134,0
          105.96963,18.24117,0
          105.96929,18.24076,0
          105.96902,18.24047,0
          105.96883,18.24029,0
          105.96711,18.23886,0
          105.96707,18.23885,0
          105.96704,18.23883,0
          105.967,18.23881,0
          105.96573,18.23777,0
          105.96566,18.2377,0
          105.96429,18.23656,0
          105.96418,18.23648,0
          105.96412,18.23642,0
          105.96355,18.23596,0
          105.96351,18.23592,0
          105.96347,18.23589,0
          105.96325,18.23575,0
          105.96313,18.2357,0
          105.96299,18.23566,0
          105.96288,18.23564,0
          105.96275,18.23564,0
          105.96264,18.23565,0
          105.96245,18.23571,0
          105.96238,18.23574,0
          105.96226,18.23581,0
          105.96217,18.23588,0
          105.96208,18.23597,0
          105.96202,18.23605,0
          105.96197,18.23613,0
          105.96191,18.23628,0
          105.96189,18.23637,0
          105.96188,18.2365,0
          105.9619,18.23669,0
          105.96193,18.23681,0
          105.96198,18.23692,0
          105.96203,18.23701,0
          105.96207,18.23706,0
          105.9622,18.23718,0
          105.96229,18.23723,0
          105.96234,18.23727,0
          105.96242,18.23731,0
          105.96251,18.23734,0
          105.96273,18.23737,0
          105.96283,18.23737,0
          105.96292,18.23736,0
          105.96319,18.23727,0
          105.9634,18.23714,0
          105.96358,18.237,0
          105.96363,18.23697,0
          105.96366,18.23697,0
          105.96368,18.23698,0
          105.96479,18.23595,0
          105.96608,18.2348,0
          105.96896,18.23237,0
          105.97074,18.23102,0
          105.97206,18.23006,0
          105.97421,18.22857,0
          105.97608,18.22736,0
          105.9768,18.22695,0
          105.97883,18.2257,0
          105.97969,18.2252,0
          105.98084,18.22449,0
          105.9828,18.22335,0
          105.9831,18.22316,0
          105.98393,18.22268,0
          105.98549,18.22173,0
          105.98615,18.22136,0
          105.98745,18.22053,0
          105.98804,18.22018,0
          105.98946,18.21928,0
          105.99002,18.21896,0
          105.9935,18.21666,0
          105.99359,18.21661,0
          105.99511,18.21562,0
          105.9954,18.21541,0
          105.99598,18.21503,0
          105.99902,18.21293,0
          105.99936,18.21267,0
          106.00074,18.21171,0
          106.00575,18.20808,0
          106.00609,18.20785,0
          106.00864,18.20602,0
          106.00892,18.20584,0
          106.0159,18.20077,0
          106.01659,18.2003,0
          106.01659,18.20029,0
          106.0186,18.19894,0
          106.01986,18.19815,0
          106.01987,18.19815,0
          106.02057,18.19773,0
          106.02164,18.19713,0
          106.02301,18.19645,0
          106.02326,18.19634,0
          106.0238,18.19613,0
          106.02393,18.19607,0
          106.02452,18.19575,0
          106.02469,18.19567,0
          106.02477,18.19564,0
          106.02541,18.19529,0
          106.02625,18.19489,0
          106.02752,18.19436,0
          106.0286,18.19394,0
          106.02932,18.19368,0
          106.03059,18.19326,0
          106.03061,18.19325,0
          106.03104,18.1931,0
          106.03231,18.19272,0
          106.03336,18.19244,0
          106.03351,18.19239,0
          106.0348,18.19205,0
          106.03586,18.1918,0
          106.03771,18.19143,0
          106.03918,18.19118,0
          106.0636,18.18759,0
          106.06915,18.18672,0
          106.07215,18.18632,0
          106.07453,18.18608,0
          106.07819,18.18579,0
          106.0804,18.18566,0
          106.09488,18.18568,0
          106.09722,18.18561,0
          106.09879,18.18552,0
          106.10137,18.18529,0
          106.10205,18.18518,0
          106.10263,18.18511,0
          106.10376,18.18494,0
          106.10724,18.18429,0
          106.10884,18.18396,0
          106.10909,18.18392,0
          106.1166,18.1824,0
          106.11937,18.18187,0
          106.12185,18.18151,0
          106.13128,18.18064,0
          106.13183,18.18057,0
          106.13217,18.18051,0
          106.13218,18.18051,0
          106.13297,18.18034,0
          106.13384,18.18006,0
          106.1341,18.17996,0
          106.13467,18.17971,0
          106.13526,18.1794,0
          106.13566,18.17916,0
          106.1359,18.179,0
          106.13643,18.17861,0
          106.13686,18.17825,0
          106.13734,18.17778,0
          106.1379,18.17715,0
          106.13801,18.17699,0
          106.13809,18.17689,0
          106.1384,18.17646,0
          106.13871,18.17599,0
          106.14611,18.16421,0
          106.14641,18.1637,0
          106.14762,18.16186,0
          106.14886,18.15983,0
          106.14902,18.1596,0
          106.14905,18.15957,0
          106.14913,18.15945,0
          106.14958,18.15888,0
          106.15036,18.15808,0
          106.15089,18.1576,0
          106.15148,18.1571,0
          106.15228,18.15649,0
          106.15266,18.15624,0
          106.15267,18.15624,0
          106.15343,18.15577,0
          106.15427,18.15529,0
          106.15428,18.15528,0
          106.15838,18.15289,0
          106.15985,18.15195,0
          106.16056,18.15145,0
          106.16062,18.1514,0
          106.16079,18.15128,0
          106.16175,18.15053,0
          106.16257,18.14983,0
          106.16357,18.14891,0
          106.16441,18.14805,0
          106.16676,18.14551,0
          106.1679,18.14424,0
          106.16837,18.14374,0
          106.16842,18.14368,0
          106.16869,18.1434,0
          106.17265,18.13907,0
          106.17334,18.13845,0
          106.17377,18.1381,0
          106.17431,18.13769,0
          106.17476,18.13737,0
          106.17554,18.1369,0
          106.17636,18.13647,0
          106.19063,18.12963,0
          106.19184,18.12902,0
          106.19281,18.12847,0
          106.19396,18.12768,0
          106.19459,18.12712,0
          106.19468,18.12705,0
          106.19511,18.12668,0
          106.19695,18.12474,0
          106.20778,18.1129,0
          106.20791,18.11277,0
          106.21115,18.10924,0
          106.21218,18.10819,0
          106.21265,18.10776,0
          106.21358,18.10697,0
          106.21531,18.10577,0
          106.21744,18.10461,0
          106.21926,18.10389,0
          106.22172,18.10308,0
          106.22521,18.10202,0
          106.22817,18.10099,0
          106.22819,18.10099,0
          106.23517,18.09871,0
          106.23622,18.09826,0
          106.23703,18.09789,0
          106.23787,18.09742,0
          106.2383,18.09716,0
          106.24011,18.09577,0
          106.24071,18.09515,0
          106.2414,18.09434,0
          106.24213,18.09337,0
          106.24279,18.09224,0
          106.2433,18.09123,0
          106.24381,18.09012,0
          106.24447,18.08859,0
          106.2454,18.08654,0
          106.24543,18.08649,0
          106.24615,18.08487,0
          106.24618,18.08479,0
          106.25062,18.0748,0
          106.25109,18.07359,0
          106.25131,18.07283,0
          106.25157,18.07178,0
          106.2516,18.07163,0
          106.25176,18.07022,0
          106.25178,18.06947,0
          106.25176,18.06869,0
          106.25163,18.0665,0
          106.25162,18.06644,0
          106.25159,18.06592,0
          106.25159,18.06577,0
          106.2514,18.06202,0
          106.25135,18.06011,0
          106.25137,18.05945,0
          106.25159,18.05791,0
          106.25177,18.05719,0
          106.25211,18.05612,0
          106.25315,18.05355,0
          106.25329,18.05317,0
          106.25347,18.0528,0
          106.25507,18.04897,0
          106.25519,18.04864,0
          106.25533,18.04834,0
          106.25533,18.04826,0
          106.25537,18.0481,0
          106.25541,18.04787,0
          106.25543,18.04763,0
          106.25541,18.04745,0
          106.25541,18.04741,0
          106.25535,18.04716,0
          106.25525,18.04696,0
          106.25523,18.04691,0
          106.25511,18.04672,0
          106.25499,18.04655,0
          106.25483,18.04636,0
          106.25474,18.04623,0
          106.2547,18.04615,0
          106.25467,18.04605,0
          106.25463,18.04575,0
          106.25463,18.04553,0
          106.25465,18.04539,0
          106.25469,18.04528,0
          106.25476,18.04515,0
          106.25487,18.045,0
          106.25498,18.0449,0
          106.25518,18.04478,0
          106.25532,18.04474,0
          106.25554,18.04471,0
          106.25562,18.04471,0
          106.25574,18.04472,0
          106.25591,18.04476,0
          106.2561,18.04482,0
          106.25615,18.04483,0
          106.25727,18.04527,0
          106.25906,18.04588,0
          106.25936,18.04597,0
          106.25977,18.04611,0
          106.25978,18.04611,0
          106.26098,18.04653,0
          106.26102,18.04654,0
          106.26173,18.04679,0
          106.26179,18.04682,0
          106.26191,18.04681,0
          106.26198,18.04679,0
          106.26203,18.04677,0
          106.26226,18.0466,0
          106.26239,18.04656,0
          106.26246,18.04656,0
          106.26253,18.04657,0
          106.26257,18.04658,0
          106.26269,18.04665,0
          106.26278,18.04681,0
          106.26281,18.04688,0
          106.26293,18.0471,0
          106.26331,18.04817,0
          106.26334,18.0484,0
          106.26343,18.04868,0
          106.26383,18.0498,0
          106.26398,18.05016,0
          106.26597,18.05595,0
          106.26609,18.05637,0
          106.2666,18.05786,0
          106.2666,18.05788,0
          106.26672,18.05802,0
          106.26676,18.05811,0
          106.26696,18.05842,0
          106.267,18.05847,0
          106.26707,18.05851,0
          106.26711,18.05855,0
          106.26716,18.05859,0
          106.26723,18.05863,0
          106.26736,18.05868,0
          106.26743,18.05869,0
          106.26751,18.05869,0
          106.26761,18.05868,0
          106.26782,18.05862,0
          106.26808,18.05833,0
          106.26837,18.05804,0
          106.26848,18.05796,0
          106.26983,18.0566,0
          106.26997,18.05647,0
          106.27015,18.05628,0
          106.27024,18.0562,0
          106.27037,18.05606,0
          106.27171,18.05472,0
          106.27178,18.05466,0
          106.27638,18.04999,0
          106.27648,18.04988,0
          106.27698,18.0495,0
          106.27745,18.04922,0
          106.27891,18.0484,0
          106.27892,18.04839,0
          106.28321,18.04596,0
          106.28472,18.04507,0
          106.28509,18.04488,0
          106.28534,18.04473,0
          106.2856,18.04459,0
          106.28628,18.04419,0
          106.2888,18.0428,0
          106.28961,18.04232,0
          106.28985,18.04219,0
          106.29089,18.04157,0
          106.29124,18.04139,0
          106.29283,18.0405,0
          106.2931,18.04036,0
          106.29341,18.04022,0
          106.29404,18.03998,0
          106.29488,18.03974,0
          106.29632,18.03937,0
          106.29634,18.03937,0
          106.29638,18.03935,0
          106.29926,18.0386,0
          106.29945,18.03856,0
          106.3043,18.03727,0
          106.30646,18.0366,0
          106.3074,18.03626,0
          106.30742,18.03626,0
          106.30762,18.03618,0
          106.31363,18.03408,0
          106.31364,18.03408,0
          106.31473,18.0337,0
          106.31575,18.03331,0
          106.31675,18.03297,0
          106.31754,18.03266,0
          106.31975,18.03189,0
          106.31996,18.03183,0
          106.31997,18.03183,0
          106.32006,18.03179,0
          106.32951,18.02848,0
          106.32983,18.02838,0
          106.33054,18.02819,0
          106.3311,18.02809,0
          106.33247,18.02802,0
          106.34016,18.02815,0
          106.34023,18.02816,0
          106.3403,18.02818,0
          106.34036,18.02819,0
          106.34045,18.02819,0
          106.34051,18.02818,0
          106.34058,18.02818,0
          106.34062,18.02817,0
          106.34346,18.0282,0
          106.34354,18.02821,0
          106.34448,18.02822,0
          106.34456,18.02821,0
          106.34459,18.02821,0
          106.345,18.02816,0
          106.34557,18.02802,0
          106.34763,18.02742,0
          106.34768,18.0274,0
          106.34961,18.02682,0
          106.35222,18.02608,0
          106.35322,18.02582,0
          106.35538,18.02521,0
          106.35539,18.0252,0
          106.35699,18.02477,0
          106.35749,18.02469,0
          106.35784,18.02466,0
          106.36051,18.02471,0
          106.36062,18.02472,0
          106.3626,18.02475,0
          106.36293,18.02471,0
          106.36315,18.02467,0
          106.3634,18.0246,0
          106.36389,18.0244,0
          106.36814,18.02253,0
          106.36858,18.02236,0
          106.36873,18.02231,0
          106.36911,18.02221,0
          106.36931,18.02217,0
          106.37197,18.02177,0
          106.37208,18.02176,0
          106.37606,18.02114,0
          106.37828,18.02087,0
          106.37962,18.02075,0
          106.38146,18.02062,0
          106.38225,18.0205,0
          106.38283,18.02038,0
          106.38305,18.02032,0
          106.38309,18.0203,0
          106.38371,18.02012,0
          106.38393,18.02004,0
          106.38764,18.01851,0
          106.38914,18.01785,0
          106.38979,18.01753,0
          106.38995,18.01744,0
          106.38996,18.01743,0
          106.39312,18.01576,0
          106.39398,18.01538,0
          106.39454,18.01518,0
          106.39585,18.01478,0
          106.39695,18.0145,0
          106.39824,18.01407,0
          106.3992,18.01371,0
          106.39995,18.0134,0
          106.40904,18.00984,0
          106.40917,18.00981,0
          106.40957,18.00967,0
          106.41549,18.00799,0
          106.41567,18.00793,0
          106.41682,18.00761,0
          106.4171,18.00752,0
          106.42597,18.00498,0
          106.42688,18.0047,0
          106.42952,18.00394,0
          106.43113,18.00345,0
          106.43122,18.00343,0
          106.43154,18.00333,0
          106.43161,18.00332,0
          106.43293,18.00298,0
          106.43412,18.00275,0
          106.43624,18.00246,0
          106.43908,18.00215,0
          106.43935,18.00211,0
          106.43936,18.0021,0
          106.44318,18.00167,0
          106.44383,18.00162,0
          106.44443,18.00155,0
          106.44498,18.00146,0
          106.44551,18.00132,0
          106.44583,18.0012,0
          106.44606,18.0011,0
          106.44865,17.99987,0
          106.44971,17.99931,0
          106.45199,17.99819,0
          106.45319,17.99764,0
          106.45403,17.99733,0
          106.45499,17.99706,0
          106.45683,17.9966,0
          106.45694,17.99654,0
          106.45911,17.99605,0
          106.4592,17.99601,0
          106.45969,17.99588,0
          106.45976,17.99587,0
          106.46014,17.99577,0
          106.4609,17.99563,0
          106.46495,17.99521,0
          106.46582,17.99503,0
          106.46608,17.99495,0
          106.46627,17.99487,0
          106.4664,17.99484,0
          106.46655,17.99476,0
          106.46687,17.99455,0
          106.46716,17.99434,0
          106.46717,17.99434,0
          106.46746,17.99412,0
          106.4675,17.99408,0
          106.46783,17.99384,0
          106.4682,17.99359,0
          106.46864,17.99327,0
          106.47033,17.99214,0
          106.47038,17.9921,0
          106.47286,17.99046,0
          106.4729,17.99044,0
          106.47325,17.99021,0
          106.47376,17.98991,0
          106.47521,17.98912,0
          106.47572,17.98878,0
          106.47585,17.98868,0
          106.47604,17.98855,0
          106.47704,17.98777,0
          106.47747,17.98749,0
          106.47748,17.98748,0
          106.47765,17.98735,0
          106.47796,17.98714,0
          106.47827,17.98699,0
          106.4783,17.98698,0
          106.47841,17.98693,0
          106.47844,17.98692,0
          106.47861,17.98684,0
          106.479,17.98671,0
          106.47951,17.98645,0
          106.47975,17.98634,0
          106.47997,17.9862,0
          106.48016,17.98604,0
          106.48047,17.9857,0
          106.48057,17.98553,0
          106.48058,17.98552,0
          106.48065,17.98539,0
          106.48067,17.98536,0
          106.48073,17.98523,0
          106.4809,17.9847,0
          106.48093,17.98441,0
          106.48094,17.9844,0
          106.48118,17.98331,0
          106.4812,17.98301,0
          106.4812,17.98277,0
          106.48114,17.9823,0
          106.4811,17.98219,0
          106.48105,17.98201,0
          106.48085,17.98165,0
          106.48079,17.98156,0
          106.48056,17.98132,0
          106.48027,17.98106,0
          106.48013,17.98097,0
          106.47967,17.98072,0
          106.47854,17.98025,0
          106.47817,17.98006,0
          106.47805,17.97999,0
          106.47804,17.97998,0
          106.47788,17.97988,0
          106.47761,17.97967,0
          106.47754,17.9796,0
          106.4774,17.97948,0
          106.47516,17.97721,0
          106.47469,17.97671,0
          106.47347,17.97548,0
          106.47315,17.97512,0
          106.47312,17.9751,0
          106.47307,17.97505,0
          106.47267,17.9745,0
          106.47228,17.97388,0
          106.47213,17.97361,0
          106.4721,17.97357,0
          106.47174,17.97293,0
          106.47162,17.97275,0
          106.47135,17.9722,0
          106.47126,17.97198,0
          106.47117,17.97169,0
          106.47109,17.97139,0
          106.47102,17.971,0
          106.471,17.97067,0
          106.471,17.97045,0
          106.47099,17.97038,0
          106.471,17.96909,0
          106.47104,17.96842,0
          106.47106,17.96832,0
          106.47109,17.96823,0
          106.47108,17.96786,0
          106.47096,17.96762,0
          106.47079,17.96742,0
          106.47071,17.96735,0
          106.47042,17.96704,0
          106.46999,17.96665,0
          106.46896,17.96588,0
          106.46881,17.96572,0
          106.46857,17.96553,0
          106.46844,17.96539,0
          106.46832,17.96528,0
          106.46818,17.9651,0
          106.46807,17.96492,0
          106.46799,17.96477,0
          106.46788,17.96451,0
          106.4678,17.96428,0
          106.46779,17.96424,0
          106.46774,17.96388,0
          106.46768,17.96041,0
          106.4677,17.95964,0
          106.46772,17.95932,0
          106.46775,17.95905,0
          106.46769,17.95843,0
          106.46764,17.95389,0
          106.46767,17.95299,0
          106.46766,17.95275,0
          106.46771,17.95236,0
          106.46775,17.9522,0
          106.46786,17.95187,0
          106.46805,17.95148,0
          106.46817,17.9513,0
          106.46983,17.94916,0
          106.46995,17.94902,0
          106.47004,17.9489,0
          106.47031,17.94859,0
          106.47058,17.94835,0
          106.47078,17.94821,0
          106.47113,17.94802,0
          106.47231,17.94756,0
          106.47252,17.94746,0
          106.47261,17.94741,0
          106.4727,17.94734,0
          106.47288,17.94717,0
          106.47289,17.94714,0
          106.47291,17.94711,0
          106.47293,17.94706,0
          106.47303,17.94688,0
          106.47303,17.94678,0
          106.47304,17.94674,0
          106.47307,17.9467,0
          106.47308,17.94667,0
          106.4731,17.94665,0
          106.47314,17.94659,0
          106.4739,17.94528,0
          106.47413,17.94485,0
          106.47418,17.94474,0
          106.47686,17.94004,0
          106.47698,17.93981,0
          106.4771,17.93954,0
          106.47716,17.93938,0
          106.47726,17.93905,0
          106.4773,17.93888,0
          106.47737,17.93846,0
          106.47763,17.93522,0
          106.47762,17.93462,0
          106.47742,17.93197,0
          106.47736,17.9316,0
          106.47732,17.93142,0
          106.4773,17.93136,0
          106.4773,17.93131,0
          106.47723,17.93103,0
          106.47713,17.93048,0
          106.47692,17.92966,0
          106.4769,17.9296,0
          106.4769,17.92959,0
          106.4767,17.92879,0
          106.47661,17.92849,0
          106.47646,17.92821,0
          106.47631,17.9279,0
          106.47589,17.92713,0
          106.47477,17.92518,0
          106.4747,17.92504,0
          106.47435,17.92441,0
          106.47336,17.92251,0
          106.47316,17.92209,0
          106.47296,17.92171,0
          106.4724,17.92075,0
          106.47122,17.91891,0
          106.47107,17.91863,0
          106.47084,17.91825,0
          106.46995,17.91666,0
          106.46947,17.91589,0
          106.46813,17.91356,0
          106.46725,17.91197,0
          106.46712,17.91177,0
          106.46697,17.91156,0
          106.46676,17.91124,0
          106.46586,17.90996,0
          106.46538,17.90908,0
          106.46505,17.90843,0
          106.46498,17.90831,0
          106.46471,17.90761,0
          106.4639,17.90591,0
          106.46239,17.90259,0
          106.46238,17.90258,0
          106.46208,17.90191,0
          106.46191,17.90158,0
          106.46151,17.90095,0
          106.45951,17.89824,0
          106.45862,17.89719,0
          106.45801,17.89659,0
          106.45764,17.89618,0
          106.45704,17.89559,0
          106.45685,17.89543,0
          106.45667,17.89525,0
          106.45468,17.89348,0
          106.45461,17.89343,0
          106.45369,17.8926,0
          106.45319,17.89217,0
          106.45207,17.89115,0
          106.45136,17.89053,0
          106.45135,17.89053,0
          106.44949,17.88891,0
          106.44784,17.88755,0
          106.44769,17.8874,0
          106.44738,17.88704,0
          106.44711,17.88663,0
          106.44644,17.88522,0
          106.4462,17.88462,0
          106.44491,17.88169,0
          106.44486,17.88154,0
          106.44427,17.88022,0
          106.44286,17.8776,0
          106.44267,17.87727,0
          106.4424,17.87693,0
          106.4421,17.87663,0
          106.44177,17.87638,0
          106.44136,17.87614,0
          106.43977,17.87546,0
          106.43965,17.8754,0
          106.43944,17.87528,0
          106.43927,17.87517,0
          106.43909,17.87504,0
          106.43894,17.87489,0
          106.4386,17.87449,0
          106.43851,17.87434,0
          106.43847,17.87429,0
          106.43826,17.87365,0
          106.43813,17.87279,0
          106.43788,17.87059,0
          106.43684,17.86387,0
          106.43666,17.86295,0
          106.43631,17.86048,0
          106.43631,17.86041,0
          106.43611,17.85904,0
          106.436,17.85809,0
          106.43557,17.85514,0
          106.43551,17.85484,0
          106.43524,17.8532,0
          106.43433,17.84641,0
          106.43432,17.84641,0
          106.4334,17.83941,0
          106.43339,17.83937,0
          106.43331,17.83882,0
          106.43328,17.8385,0
          106.43325,17.83771,0
          106.43325,17.83749,0
          106.43312,17.83478,0
          106.43284,17.82492,0
          106.43265,17.82038,0
          106.43229,17.8137,0
          106.43215,17.80993,0
          106.43216,17.80888,0
          106.43207,17.8061,0
          106.43203,17.80556,0
          106.43203,17.80507,0
          106.43211,17.803,0
          106.43219,17.80193,0
          106.43237,17.7983,0
          106.43242,17.79775,0
          106.43247,17.79747,0
          106.43248,17.79738,0
          106.43321,17.79349,0
          106.43332,17.79297,0
          106.43359,17.79147,0
          106.43367,17.7911,0
          106.43388,17.79027,0
          106.43475,17.78715,0
          106.43592,17.78332,0
          106.43667,17.78109,0
          106.43683,17.78052,0
          106.43692,17.78026,0
          106.43724,17.77916,0
          106.43727,17.77909,0
          106.4373,17.77899,0
          106.43745,17.77861,0
          106.43786,17.77769,0
          106.43817,17.77706,0
          106.43826,17.7769,0
          106.43849,17.77643,0
          106.43874,17.77604,0
          106.43954,17.77487,0
          106.43997,17.77407,0
          106.44022,17.77356,0
          106.44088,17.77236,0
          106.44133,17.77139,0
          106.44152,17.77101,0
          106.44153,17.77098,0
          106.44178,17.77047,0
          106.44193,17.77019,0
          106.44397,17.76586,0
          106.44445,17.76477,0
          106.44453,17.7645,0
          106.44457,17.76426,0
          106.44457,17.76419,0
          106.44458,17.76412,0
          106.44458,17.764,0
          106.44457,17.76386,0
          106.44457,17.76369,0
          106.4445,17.76327,0
          106.44287,17.75599,0
          106.44284,17.75582,0
          106.44194,17.7519,0
          106.44188,17.75172,0
          106.44166,17.75072,0
          106.44163,17.75061,0
          106.44136,17.74937,0
          106.44113,17.74813,0
          106.44036,17.74481,0
          106.43989,17.74263,0
          106.43982,17.74219,0
          106.43962,17.74147,0
          106.43947,17.74068,0
          106.43942,17.74035,0
          106.4394,17.73982,0
          106.43946,17.73825,0
          106.43951,17.73766,0
          106.43952,17.73685,0
          106.4395,17.73469,0
          106.43947,17.73419,0
          106.43947,17.73407,0
          106.4395,17.73377,0
          106.43949,17.73265,0
          106.43947,17.73241,0
          106.43947,17.73206,0
          106.43945,17.73158,0
          106.43941,17.72857,0
          106.43939,17.72819,0
          106.43935,17.72784,0
          106.43925,17.72722,0
          106.43903,17.72609,0
          106.439,17.72588,0
          106.43899,17.72586,0
          106.43887,17.72517,0
          106.43887,17.72516,0
          106.43879,17.72473,0
          106.4387,17.7241,0
          106.43877,17.72353,0
          106.43884,17.72334,0
          106.43894,17.72311,0
          106.43909,17.72291,0
          106.43925,17.72266,0
          106.43953,17.72239,0
          106.43986,17.7221,0
          106.44177,17.72062,0
          106.44207,17.72037,0
          106.44214,17.72033,0
          106.44259,17.71996,0
          106.44292,17.71972,0
          106.44351,17.71923,0
          106.44367,17.71906,0
          106.44383,17.71887,0
          106.44395,17.71868,0
          106.44396,17.71867,0
          106.44405,17.71852,0
          106.44405,17.71851,0
          106.44414,17.71829,0
          106.44422,17.7179,0
          106.44422,17.71781,0
          106.44423,17.71768,0
          106.44422,17.71744,0
          106.44416,17.71707,0
          106.44411,17.7169,0
          106.4441,17.71683,0
          106.44409,17.71679,0
          106.4441,17.71676,0
          106.44393,17.7163,0
          106.44386,17.71614,0
          106.44386,17.71613,0
          106.44277,17.71333,0
          106.44271,17.71315,0
          106.44216,17.71173,0
          106.44159,17.71009,0
          106.44154,17.70992,0
          106.44149,17.7098,0
          106.44123,17.70907,0
          106.4412,17.70901,0
          106.44103,17.70859,0
          106.44083,17.70802,0
          106.44081,17.70799,0
          106.4406,17.70726,0
          106.44054,17.7069,0
          106.4405,17.70652,0
          106.44048,17.70615,0
          106.44048,17.70586,0
          106.44051,17.70558,0
          106.44063,17.70492,0
          106.44075,17.70448,0
          106.44076,17.70442,0
          106.44082,17.70426,0
          106.44087,17.70409,0
          106.44111,17.7036,0
          106.44118,17.70342,0
          106.44074,17.70265,0
          106.44074,17.70264,0
          106.44062,17.70242,0
          106.43997,17.70133,0
          106.43984,17.70119,0
          106.4394,17.70084,0
          106.43839,17.70009,0
          106.43823,17.69996,0
          106.43814,17.6999,0
          106.43659,17.69875,0
          106.43654,17.69872,0
          106.43494,17.69753,0
          106.4348,17.69738,0
          106.43475,17.69731,0
          106.43464,17.69707,0
          106.43392,17.69519,0
          106.43383,17.69493,0
          106.43377,17.69466,0
          106.43376,17.69465,0
          106.43339,17.69227,0
          106.43339,17.69226,0
          106.43329,17.69173,0
          106.43322,17.69146,0
          106.43287,17.69029,0
          106.43281,17.69014,0
          106.43273,17.69001,0
          106.43271,17.68996,0
          106.43268,17.68992,0
          106.43262,17.68986,0
          106.43259,17.68984,0
          106.43255,17.68982,0
          106.43249,17.6898,0
          106.43242,17.68979,0
          106.43238,17.6898,0
          106.43218,17.68981,0
          106.43196,17.68984,0
          106.43182,17.68985,0
          106.43168,17.68987,0
          106.43155,17.68987,0
          106.43142,17.68986,0
          106.43124,17.68982,0
          106.43102,17.68974,0
          106.43072,17.68965,0
          106.43062,17.68959,0
          106.43052,17.68949,0
          106.43035,17.68928,0
          106.43016,17.689,0
          106.4299,17.68865,0
          106.42972,17.68844,0
          106.42959,17.68831,0
          106.4295,17.68824,0
          106.42904,17.68795,0
          106.42888,17.68786,0
          106.42888,17.68785,0
          106.42872,17.68777,0
          106.42871,17.68776,0
          106.4285,17.68761,0
          106.42843,17.68751,0
          106.42834,17.68735,0
          106.42826,17.68726,0
          106.42824,17.68723,0
          106.42823,17.68723,0
          106.42807,17.68708,0
          106.42766,17.68679,0
          106.42765,17.68678,0
          106.42745,17.68663,0
          106.42727,17.68648,0
          106.4271,17.68631,0
          106.42708,17.6863,0
          106.42689,17.68614,0
          106.42679,17.68608,0
          106.42677,17.68606,0
          106.42663,17.68598,0
          106.42658,17.68596,0
          106.42642,17.68588,0
          106.42639,17.68587,0
          106.4263,17.68581,0
          106.42628,17.6858,0
          106.42626,17.68578,0
          106.42616,17.6857,0
          106.42603,17.68558,0
          106.42564,17.68506,0
          106.42529,17.68464,0
          106.42494,17.68417,0
          106.42491,17.68412,0
          106.42489,17.68404,0
          106.42489,17.68402,0
          106.42488,17.68401,0
          106.42488,17.68395,0
          106.4249,17.68377,0
          106.42497,17.68344,0
          106.42501,17.6833,0
          106.42506,17.68319,0
          106.42512,17.6831,0
          106.42517,17.68304,0
          106.42528,17.68298,0
          106.42545,17.68291,0
          106.42551,17.6829,0
          106.42563,17.68286,0
          106.42565,17.68285,0
          106.42576,17.68282,0
          106.4258,17.6828,0
          106.42581,17.6828,0
          106.42584,17.68278,0
          106.4259,17.68272,0
          106.42592,17.68268,0
          106.42593,17.68267,0
          106.42594,17.68263,0
          106.42596,17.68258,0
          106.42596,17.68253,0
          106.42594,17.68229,0
          106.42586,17.68199,0
          106.4256,17.68123,0
          106.42549,17.68102,0
          106.42541,17.68093,0
          106.4253,17.68084,0
          106.42528,17.68082,0
          106.42485,17.68053,0
          106.42484,17.68052,0
          106.42456,17.68035,0
          106.42444,17.6803,0
          106.42442,17.68028,0
          106.42383,17.68006,0
          106.42379,17.68004,0
          106.42375,17.68003,0
          106.42365,17.67999,0
          106.4235,17.6799,0
          106.42337,17.6798,0
          106.42331,17.67974,0
          106.42323,17.67959,0
          106.42321,17.67946,0
          106.42321,17.67928,0
          106.42324,17.67867,0
          106.42328,17.67818,0
          106.4233,17.67809,0
          106.42334,17.67799,0
          106.42339,17.67789,0
          106.42341,17.67786,0
          106.42341,17.67785,0
          106.42386,17.67708,0
          106.42407,17.67668,0
          106.4241,17.6766,0
          106.4241,17.67658,0
          106.42411,17.67656,0
          106.42412,17.67652,0
          106.42412,17.67644,0
          106.4241,17.6764,0
          106.4241,17.67639,0
          106.424,17.67621,0
          106.42391,17.67595,0
          106.42389,17.67587,0
          106.42388,17.67577,0
          106.42388,17.67562,0
          106.42389,17.67554,0
          106.42392,17.67545,0
          106.42394,17.67537,0
          106.42402,17.6752,0
          106.42416,17.67498,0
          106.42418,17.67494,0
          106.42421,17.67482,0
          106.42421,17.67478,0
          106.4242,17.67472,0
          106.4242,17.6747,0
          106.42414,17.67455,0
          106.42413,17.67454,0
          106.42399,17.67421,0
          106.42387,17.67389,0
          106.42387,17.67387,0
          106.42384,17.67377,0
          106.42384,17.67361,0
          106.42387,17.67331,0
          106.42397,17.67265,0
          106.42397,17.67262,0
          106.424,17.67245,0
          106.42401,17.67233,0
          106.42403,17.67227,0
          106.42409,17.67193,0
          106.42422,17.67137,0
          106.42428,17.67122,0
          106.42429,17.67118,0
          106.42434,17.67106,0
          106.42442,17.67095,0
          106.42446,17.67091,0
          106.42446,17.6709,0
          106.42452,17.67083,0
          106.42473,17.67063,0
          106.42519,17.6703,0
          106.42532,17.67022,0
          106.42549,17.67014,0
          106.42613,17.66987,0
          106.42625,17.66978,0
          106.42631,17.66972,0
          106.42639,17.66959,0
          106.42641,17.66951,0
          106.42642,17.66944,0
          106.42642,17.669,0
          106.42643,17.66893,0
          106.42646,17.66887,0
          106.42648,17.66881,0
          106.42694,17.66829,0
          106.42703,17.6682,0
          106.4283,17.66678,0
          106.42853,17.6665,0
          106.42998,17.66462,0
          106.4301,17.66448,0
          106.43077,17.66361,0
          106.4308,17.66356,0
          106.43389,17.65954,0
          106.43435,17.65897,0
          106.43452,17.65878,0
          106.43463,17.65864,0
          106.43494,17.65828,0
          106.43516,17.658,0
          106.43546,17.65759,0
          106.43553,17.65748,0
          106.43558,17.65737,0
          106.43562,17.65725,0
          106.43565,17.65719,0
          106.43575,17.65694,0
          106.43593,17.65642,0
          106.43609,17.656,0
          106.43609,17.65599,0
          106.43621,17.65558,0
          106.43628,17.65539,0
          106.43651,17.65458,0
          106.43654,17.65434,0
          106.43655,17.65416,0
          106.43656,17.65413,0
          106.43655,17.65408,0
          106.43654,17.65398,0
          106.43654,17.65391,0
          106.43649,17.6538,0
          106.43647,17.65373,0
          106.43638,17.65357,0
          106.43637,17.65357,0
          106.43619,17.65336,0
          106.43606,17.65323,0
          106.4351,17.65237,0
          106.43485,17.6521,0
          106.43481,17.65204,0
          106.43467,17.65169,0
          106.43419,17.65004,0
          106.43412,17.6497,0
          106.4341,17.64947,0
          106.43416,17.64882,0
          106.4343,17.64566,0
          106.43435,17.64491,0
          106.4344,17.64441,0
          106.43442,17.64405,0
          106.43442,17.64387,0
          106.43449,17.64261,0
          106.43449,17.64208,0
          106.43433,17.6378,0
          106.4343,17.63762,0
          106.43425,17.63741,0
          106.43415,17.6371,0
          106.4341,17.63697,0
          106.43388,17.63648,0
          106.43349,17.63574,0
          106.43221,17.6335,0
          106.43191,17.63302,0
          106.43182,17.63286,0
          106.43172,17.63271,0
          106.43163,17.63255,0
          106.43068,17.63101,0
          106.43067,17.631,0
          106.4305,17.63068,0
          106.43032,17.63037,0
          106.43029,17.63037,0
          106.43028,17.63036,0
          106.43026,17.63035,0
          106.43026,17.63033,0
          106.43025,17.63033,0
          106.43025,17.63032,0
          106.43026,17.63032,0
          106.43026,17.63029,0
          106.43027,17.63029,0
          106.43028,17.63028,0
          106.43033,17.63028,0
          106.43033,17.63029,0
          106.43034,17.63029,0
          106.43034,17.6303,0
          106.43035,17.6303,0
          106.43035,17.63033,0
          106.43159,17.63042,0
          106.43183,17.63042,0
          106.43196,17.63041,0
          106.4322,17.63034,0
          106.43243,17.63024,0
          106.43313,17.62982,0
          106.43371,17.6295,0
          106.43444,17.62903,0
          106.4347,17.62884,0
          106.43384,17.62721,0
          106.43279,17.62539,0
          106.43261,17.62502,0
          106.43243,17.62471,0
          106.43241,17.62469,0
          106.43238,17.62459,0
          106.43237,17.62451,0
          106.43241,17.62421,0
          106.43262,17.62367,0
          106.43309,17.62231,0
          106.4332,17.62196,0
          106.43338,17.62145,0
          106.43343,17.62128,0
          106.43378,17.62025,0
          106.43386,17.61998,0
          106.43387,17.6199,0
          106.43388,17.61972,0
          106.43389,17.61966,0
          106.43389,17.61742,0
          106.43387,17.61708,0
          106.43381,17.61685,0
          106.43381,17.61684,0
          106.43327,17.61571,0
          106.43177,17.61241,0
          106.43174,17.61236,0
          106.4317,17.61224,0
          106.43153,17.61182,0
          106.43129,17.61109,0
          106.43126,17.61089,0
          106.43125,17.61077,0
          106.43128,17.61051,0
          106.43133,17.61025,0
          106.43166,17.60885,0
          106.43168,17.60874,0
          106.4317,17.60867,0
          106.43175,17.6084,0
          106.43173,17.60816,0
          106.43155,17.60757,0
          106.43124,17.6064,0
          106.43121,17.60631,0
          106.43119,17.60623,0
          106.4311,17.60598,0
          106.43073,17.60517,0
          106.43072,17.60514,0
          106.43071,17.60502,0
          106.43071,17.60486,0
          106.43077,17.60429,0
          106.43078,17.60425,0
          106.43084,17.60377,0
          106.43084,17.60372,0
          106.43091,17.60312,0
          106.43091,17.60289,0
          106.43086,17.60267,0
          106.43073,17.60236,0
          106.43055,17.602,0
          106.42954,17.60025,0
          106.4295,17.60015,0
          106.42949,17.60015,0
          106.42947,17.60005,0
          106.42947,17.59994,0
          106.42949,17.59985,0
          106.42953,17.59949,0
          106.42953,17.59944,0
          106.42958,17.59903,0
          106.42958,17.59899,0
          106.42975,17.59826,0
          106.42978,17.59784,0
          106.42979,17.59777,0
          106.42975,17.59729,0
          106.42962,17.5966,0
          106.42953,17.59602,0
          106.4293,17.59502,0
          106.4293,17.595,0
          106.42917,17.59409,0
          106.42904,17.59348,0
          106.42902,17.59348,0
          106.42899,17.59344,0
          106.42895,17.59342,0
          106.42891,17.59342,0
          106.42887,17.59344,0
          106.42883,17.59345,0
          106.4288,17.59352,0
          106.42867,17.59376,0
          106.42858,17.59388,0
          106.42858,17.59389,0
          106.42845,17.59409,0
          106.42828,17.59429,0
          106.428,17.59455,0
          106.42798,17.59456,0
          106.42783,17.59467,0
          106.42779,17.59471,0
          106.42756,17.59486,0
          106.42693,17.5952,0
          106.42598,17.59563,0
          106.41594,17.60042,0
          106.41578,17.60051,0
          106.41561,17.60059,0
          106.41545,17.60069,0
          106.41513,17.60087,0
          106.41501,17.60095,0
          106.41497,17.60097,0
          106.41481,17.60107,0
          106.41466,17.60118,0
          106.41404,17.60159,0
          106.41389,17.6017,0
          106.41388,17.60171,0
          106.41375,17.6018,0
          106.41256,17.60092,0
          106.41241,17.6008,0
          106.41077,17.59959,0
          106.40975,17.59879,0
          106.40871,17.59806,0
          106.40829,17.59784,0
          106.4079,17.59774,0
          106.40784,17.59773,0
          106.40764,17.59773,0
          106.40747,17.59775,0
          106.40723,17.59782,0
          106.40708,17.5979,0
          106.40697,17.59799,0
          106.40692,17.59804,0
          106.40679,17.59822,0
          106.40674,17.59839,0
          106.40671,17.5986,0
          106.40674,17.59883,0
          106.40677,17.59889,0
          106.40683,17.59898,0
          106.40693,17.59911,0
          106.40706,17.59925,0
          106.40722,17.59936,0
          106.40726,17.59938,0
          106.40744,17.59945,0
          106.40757,17.59948,0
          106.4079,17.59947,0
          106.408,17.59945,0
          106.4081,17.59941,0
          106.40834,17.59929,0
          106.4117,17.59582,0
          106.41354,17.59386,0
          106.4136,17.59381,0
          106.41365,17.59375,0
          106.4147,17.59266,0
          106.41488,17.59246,0
          106.41907,17.58815,0
          106.41913,17.58808,0
          106.41987,17.58732,0
          106.41994,17.58724,0
          106.42493,17.58206,0
          106.42976,17.57683,0
          106.42987,17.5767,0
          106.43108,17.57539,0
          106.43121,17.57526,0
          106.43343,17.57281,0
          106.43367,17.57253,0
          106.4338,17.5724,0
          106.4371,17.56871,0
          106.4372,17.56861,0
          106.43729,17.5685,0
          106.44281,17.56244,0
          106.44391,17.56137,0
          106.44475,17.56062,0
          106.44606,17.55955,0
          106.44915,17.5571,0
          106.45391,17.55315,0
          106.45793,17.54997,0
          106.46044,17.54791,0
          106.46056,17.54782,0
          106.46172,17.54679,0
          106.46258,17.54586,0
          106.46324,17.54503,0
          106.46413,17.54379,0
          106.46625,17.54025,0
          106.46635,17.54013,0
          106.46723,17.53891,0
          106.46911,17.53688,0
          106.46917,17.53683,0
          106.46932,17.53667,0
          106.47199,17.53403,0
          106.47211,17.5339,0
          106.47529,17.53072,0
          106.47743,17.52853,0
          106.47767,17.52831,0
          106.48196,17.524,0
          106.48847,17.517,0
          106.48861,17.51686,0
          106.48872,17.51673,0
          106.4903,17.51503,0
          106.49201,17.51305,0
          106.49377,17.51111,0
          106.49423,17.51066,0
          106.49577,17.50923,0
          106.49623,17.50886,0
          106.49652,17.50865,0
          106.49653,17.50864,0
          106.49811,17.5076,0
          106.49996,17.50656,0
          106.50178,17.50558,0
          106.50253,17.50514,0
          106.50356,17.50442,0
          106.50439,17.50374,0
          106.5053,17.50283,0
          106.50586,17.50218,0
          106.50636,17.50153,0
          106.50778,17.49935,0
          106.5079,17.49914,0
          106.51008,17.4957,0
          106.51017,17.49554,0
          106.51141,17.49355,0
          106.51169,17.49316,0
          106.51214,17.49236,0
          106.51234,17.49203,0
          106.51242,17.49187,0
          106.51254,17.49166,0
          106.51259,17.49155,0
          106.51271,17.49134,0
          106.51333,17.49016,0
          106.51386,17.48907,0
          106.51389,17.48899,0
          106.51553,17.4857,0
          106.51574,17.48533,0
          106.51628,17.48425,0
          106.51689,17.48292,0
          106.51847,17.47977,0
          106.51848,17.47976,0
          106.52159,17.47337,0
          106.52166,17.4732,0
          106.52189,17.47275,0
          106.5219,17.47272,0
          106.52356,17.46929,0
          106.52357,17.46928,0
          106.52771,17.46122,0
          106.5278,17.46106,0
          106.5288,17.45911,0
          106.53401,17.44807,0
          106.53458,17.44711,0
          106.53493,17.44663,0
          106.53572,17.44573,0
          106.53717,17.44428,0
          106.54253,17.43975,0
          106.5446,17.43817,0
          106.54462,17.43815,0
          106.54637,17.43682,0
          106.54811,17.43537,0
          106.54812,17.43537,0
          106.54854,17.43502,0
          106.54854,17.43501,0
          106.5487,17.43489,0
          106.54898,17.43465,0
          106.54926,17.43443,0
          106.54926,17.43442,0
          106.5494,17.43431,0
          106.5494,17.4343,0
          106.55107,17.43292,0
          106.5514,17.43267,0
          106.55141,17.43266,0
          106.5517,17.43244,0
          106.5517,17.43243,0
          106.5536,17.43096,0
          106.55374,17.43084,0
          106.55448,17.43028,0
          106.55455,17.43022,0
          106.55478,17.43007,0
          106.55478,17.43006,0
          106.55618,17.42914,0
          106.5562,17.42913,0
          106.55845,17.42761,0
          106.56221,17.42537,0
          106.56227,17.42534,0
          106.56767,17.42213,0
          106.56958,17.42094,0
          106.56982,17.42078,0
          106.57169,17.41963,0
          106.57512,17.41771,0
          106.57514,17.41771,0
          106.57935,17.41518,0
          106.57957,17.41506,0
          106.58053,17.41448,0
          106.58058,17.41446,0
          106.58062,17.41443,0
          106.58885,17.40957,0
          106.59061,17.4084,0
          106.59129,17.40791,0
          106.59161,17.40765,0
          106.59211,17.40721,0
          106.59236,17.40697,0
          106.59262,17.40668,0
          106.59314,17.40616,0
          106.59379,17.40542,0
          106.59429,17.40478,0
          106.59435,17.40469,0
          106.59454,17.40444,0
          106.59475,17.40414,0
          106.59483,17.40404,0
          106.59519,17.40354,0
          106.59627,17.40175,0
          106.59652,17.4013,0
          106.59669,17.40102,0
          106.59669,17.40101,0
          106.59708,17.40035,0
          106.59731,17.40001,0
          106.59962,17.39612,0
          106.60096,17.39373,0
          106.60458,17.38756,0
          106.6049,17.38706,0
          106.60669,17.38385,0
          106.60676,17.3837,0
          106.60792,17.38163,0
          106.60793,17.38162,0
          106.60857,17.38046,0
          106.61077,17.37694,0
          106.61085,17.3768,0
          106.61087,17.37678,0
          106.61144,17.37587,0
          106.61168,17.37544,0
          106.61381,17.37105,0
          106.61417,17.37036,0
          106.61813,17.36051,0
          106.61885,17.35861,0
          106.61891,17.35847,0
          106.61901,17.35819,0
          106.61907,17.35805,0
          106.61928,17.35749,0
          106.61929,17.35745,0
          106.62023,17.35497,0
          106.62029,17.35483,0
          106.62081,17.35337,0
          106.62082,17.3533,0
          106.6211,17.35247,0
          106.62213,17.34845,0
          106.62219,17.34826,0
          106.623,17.34513,0
          106.62346,17.34374,0
          106.62447,17.34009,0
          106.62521,17.33676,0
          106.62559,17.33522,0
          106.6258,17.33447,0
          106.62623,17.33227,0
          106.62647,17.33066,0
          106.6265,17.33039,0
          106.62656,17.32999,0
          106.62733,17.32296,0
          106.62735,17.32286,0
          106.62777,17.31881,0
          106.62795,17.31738,0
          106.62796,17.31725,0
          106.62804,17.31664,0
          106.62808,17.31599,0
          106.62836,17.31397,0
          106.62858,17.31292,0
          106.62867,17.31261,0
          106.62887,17.31204,0
          106.6292,17.31126,0
          106.62942,17.31083,0
          106.62963,17.31046,0
          106.63284,17.30444,0
          106.63285,17.30443,0
          106.63309,17.30398,0
          106.63318,17.30383,0
          106.63583,17.29891,0
          106.63583,17.2989,0
          106.63937,17.29221,0
          106.63943,17.29211,0
          106.64298,17.28544,0
          106.64306,17.28531,0
          106.64341,17.28463,0
          106.64349,17.2845,0
          106.64393,17.28365,0
          106.64417,17.28324,0
          106.64792,17.27628,0
          106.64795,17.27621,0
          106.6489,17.27445,0
          106.649,17.27428,0
          106.6514,17.26981,0
          106.65141,17.26981,0
          106.65324,17.2664,0
          106.65403,17.26504,0
          106.65421,17.26444,0
          106.65422,17.26416,0
          106.65412,17.26391,0
          106.65403,17.26381,0
          106.65379,17.2636,0
          106.65359,17.2635,0
          106.65335,17.2635,0
          106.65311,17.26355,0
          106.65296,17.26366,0
          106.65294,17.26367,0
          106.65291,17.2637,0
          106.65279,17.26379,0
          106.65271,17.26407,0
          106.65271,17.26417,0
          106.65269,17.26435,0
          106.65271,17.2645,0
          106.65277,17.26464,0
          106.65279,17.26466,0
          106.65281,17.26469,0
          106.6529,17.2648,0
          106.65301,17.26489,0
          106.65323,17.26501,0
          106.65325,17.26501,0
          106.65358,17.26519,0
          106.65442,17.26555,0
          106.65556,17.26599,0
          106.65575,17.2661,0
          106.65595,17.26615,0
          106.6561,17.26617,0
          106.65622,17.26616,0
          106.65627,17.26615,0
          106.65637,17.26612,0
          106.6564,17.2661,0
          106.6578,17.26544,0
          106.65831,17.26518,0
          106.65834,17.26526,0
          106.65845,17.26563,0
          106.65872,17.26643,0
          106.65886,17.2669,0
          106.65931,17.268,0
          106.65932,17.26807,0
          106.65932,17.26813,0
          106.65933,17.26818,0
          106.65932,17.26828,0
          106.65882,17.27023,0
          106.6588,17.27033,0
          106.65872,17.27062,0
          106.65869,17.27084,0
          106.65869,17.27093,0
          106.65871,17.27101,0
          106.6588,17.27119,0
          106.65894,17.27102,0
          106.65905,17.27087,0
          106.65974,17.27001,0
          106.66246,17.26639,0
          106.66295,17.26579,0
          106.66341,17.26528,0
          106.66416,17.26454,0
          106.67524,17.25522,0
          106.67551,17.25497,0
          106.67554,17.25495,0
          106.68056,17.25075,0
          106.68151,17.24981,0
          106.68191,17.24937,0
          106.68257,17.24853,0
          106.68285,17.24813,0
          106.6851,17.24468,0
          106.68567,17.24396,0
          106.68603,17.24348,0
          106.68695,17.24246,0
          106.68779,17.24163,0
          106.69417,17.23576,0
          106.69491,17.23495,0
          106.69509,17.23477,0
          106.69518,17.23465,0
          106.69541,17.23438,0
          106.69582,17.23386,0
          106.69623,17.23331,0
          106.69682,17.23258,0
          106.69757,17.23157,0
          106.69757,17.23156,0
          106.69789,17.23114,0
          106.69791,17.2311,0
          106.69801,17.23098,0
          106.69847,17.23037,0
          106.69926,17.22939,0
          106.69948,17.22914,0
          106.70026,17.22834,0
          106.70314,17.22569,0
          106.70332,17.22551,0
          106.70812,17.22119,0
          106.70818,17.22115,0
          106.70882,17.22056,0
          106.70925,17.22014,0
          106.70949,17.21988,0
          106.70973,17.21959,0
          106.70974,17.21957,0
          106.70991,17.21934,0
          106.71018,17.21888,0
          106.71033,17.2186,0
          106.71044,17.21836,0
          106.71059,17.21798,0
          106.71077,17.21739,0
          106.71095,17.21672,0
          106.71129,17.21532,0
          106.71133,17.21519,0
          106.71137,17.21501,0
          106.71138,17.215,0
          106.71142,17.21482,0
          106.71148,17.21463,0
          106.71166,17.21395,0
          106.71173,17.21379,0
          106.7118,17.21359,0
          106.71192,17.21332,0
          106.71203,17.21311,0
          106.71222,17.21279,0
          106.7123,17.21267,0
          106.7125,17.21241,0
          106.71277,17.2121,0
          106.71292,17.21195,0
          106.7131,17.2118,0
          106.71314,17.21175,0
          106.71392,17.21105,0
          106.71422,17.2108,0
          106.71435,17.21068,0
          106.71479,17.2102,0
          106.7149,17.21005,0
          106.7151,17.20973,0
          106.71524,17.20942,0
          106.71533,17.20917,0
          106.7154,17.20889,0
          106.71545,17.20845,0
          106.71546,17.2083,0
          106.71546,17.20782,0
          106.71543,17.20684,0
          106.71545,17.20635,0
          106.71548,17.20601,0
          106.71552,17.20579,0
          106.71562,17.20542,0
          106.71567,17.20528,0
          106.71587,17.20482,0
          106.71596,17.20465,0
          106.71603,17.20454,0
          106.7161,17.20441,0
          106.71637,17.20404,0
          106.71646,17.20395,0
          106.71652,17.20388,0
          106.71682,17.20358,0
          106.71884,17.20191,0
          106.71926,17.20152,0
          106.71951,17.20126,0
          106.71978,17.20091,0
          106.72018,17.20033,0
          106.72022,17.20028,0
          106.72056,17.19976,0
          106.7206,17.19969,0
          106.72063,17.19956,0
          106.72065,17.19929,0
          106.72065,17.1991,0
          106.72061,17.19885,0
          106.7202,17.19763,0
          106.72016,17.19746,0
          106.72014,17.19731,0
          106.72014,17.19705,0
          106.72015,17.19696,0
          106.7202,17.19678,0
          106.72022,17.19673,0
          106.72026,17.19659,0
          106.72034,17.19645,0
          106.72048,17.19625,0
          106.72124,17.19553,0
          106.7218,17.19505,0
          106.72333,17.19362,0
          106.72369,17.19333,0
          106.72428,17.19293,0
          106.72496,17.1925,0
          106.72555,17.19206,0
          106.72607,17.19154,0
          106.72619,17.19143,0
          106.72679,17.19067,0
          106.72725,17.19014,0
          106.7273,17.19007,0
          106.72878,17.18827,0
          106.72925,17.18767,0
          106.73069,17.18614,0
          106.73296,17.18346,0
          106.73307,17.18335,0
          106.73397,17.1823,0
          106.73508,17.18106,0
          106.7354,17.18062,0
          106.73641,17.17947,0
          106.73681,17.17894,0
          106.73697,17.17878,0
          106.73709,17.17852,0
          106.73732,17.17797,0
          106.73781,17.17666,0
          106.73802,17.17585,0
          106.73872,17.17205,0
          106.73872,17.17204,0
          106.73901,17.17099,0
          106.7392,17.17041,0
          106.73948,17.16963,0
          106.73999,17.16845,0
          106.74305,17.1621,0
          106.74332,17.16166,0
          106.74333,17.16163,0
          106.74368,17.16103,0
          106.74415,17.16034,0
          106.74519,17.15897,0
          106.74531,17.15883,0
          106.74612,17.15777,0
          106.74669,17.1571,0
          106.74728,17.15634,0
          106.748,17.1555,0
          106.7491,17.15434,0
          106.74988,17.15355,0
          106.75001,17.15343,0
          106.75002,17.15341,0
          106.75014,17.1533,0
          106.75068,17.15276,0
          106.75133,17.15215,0
          106.75137,17.1521,0
          106.75148,17.15201,0
          106.75174,17.15177,0
          106.75231,17.1513,0
          106.75233,17.15128,0
          106.75288,17.15083,0
          106.75293,17.15078,0
          106.75403,17.1499,0
          106.75405,17.14989,0
          106.75417,17.14979,0
          106.75593,17.14847,0
          106.75786,17.14722,0
          106.76179,17.14446,0
          106.762,17.14428,0
          106.76215,17.14418,0
          106.76221,17.14413,0
          106.76229,17.14405,0
          106.76254,17.14387,0
          106.76281,17.1437,0
          106.76322,17.14334,0
          106.76369,17.1429,0
          106.76406,17.1425,0
          106.76424,17.14234,0
          106.76457,17.142,0
          106.76477,17.14176,0
          106.76498,17.14155,0
          106.76536,17.14111,0
          106.76669,17.13945,0
          106.76679,17.13934,0
          106.76681,17.13931,0
          106.76742,17.13864,0
          106.76767,17.13841,0
          106.76794,17.13819,0
          106.7689,17.13751,0
          106.77064,17.13639,0
          106.77084,17.13628,0
          106.77086,17.13626,0
          106.77111,17.13613,0
          106.77137,17.13602,0
          106.77146,17.136,0
          106.77164,17.13594,0
          106.77193,17.13586,0
          106.77216,17.13581,0
          106.77284,17.13571,0
          106.7729,17.13571,0
          106.77358,17.13562,0
          106.77361,17.13562,0
          106.774,17.13554,0
          106.77431,17.13544,0
          106.77439,17.13542,0
          106.77455,17.13536,0
          106.7747,17.13528,0
          106.77495,17.13511,0
          106.77511,17.13499,0
          106.77524,17.13486,0
          106.77541,17.13466,0
          106.77561,17.13435,0
          106.77568,17.13418,0
          106.77589,17.13359,0
          106.7762,17.13259,0
          106.77632,17.13229,0
          106.77652,17.13192,0
          106.77669,17.1317,0
          106.77688,17.13149,0
          106.77726,17.13116,0
          106.77768,17.13087,0
          106.77877,17.13028,0
          106.77922,17.13001,0
          106.77943,17.12985,0
          106.77983,17.12946,0
          106.77997,17.12928,0
          106.78006,17.12915,0
          106.78056,17.12827,0
          106.7808,17.12777,0
          106.78123,17.12708,0
          106.78144,17.12683,0
          106.78169,17.12657,0
          106.78187,17.12642,0
          106.78244,17.126,0
          106.78653,17.12353,0
          106.787,17.12326,0
          106.78756,17.12301,0
          106.78808,17.12281,0
          106.78858,17.12264,0
          106.79112,17.12192,0
          106.79168,17.12173,0
          106.79208,17.12157,0
          106.79356,17.12087,0
          106.7958,17.11972,0
          106.79662,17.11934,0
          106.79757,17.11893,0
          106.80078,17.11765,0
          106.80183,17.11732,0
          106.80288,17.11711,0
          106.80627,17.11673,0
          106.80661,17.11668,0
          106.80793,17.11653,0
          106.80811,17.1165,0
          106.80818,17.1165,0
          106.80863,17.11647,0
          106.80912,17.11647,0
          106.80943,17.11652,0
          106.80979,17.11656,0
          106.81026,17.11669,0
          106.81054,17.11678,0
          106.81083,17.11691,0
          106.81119,17.11713,0
          106.81158,17.1174,0
          106.81272,17.11838,0
          106.81301,17.11859,0
          106.81301,17.1186,0
          106.81329,17.11879,0
          106.81359,17.11897,0
          106.8137,17.11907,0
          106.81406,17.11929,0
          106.81427,17.11937,0
          106.81475,17.11958,0
          106.81689,17.12037,0
          106.81711,17.12043,0
          106.81766,17.12055,0
          106.81791,17.12057,0
          106.81845,17.12056,0
          106.81885,17.12052,0
          106.82099,17.12013,0
          106.82264,17.11977,0
          106.82572,17.1192,0
          106.82696,17.11894,0
          106.82715,17.11889,0
          106.82764,17.11871,0
          106.82844,17.11831,0
          106.82849,17.11829,0
          106.82892,17.11804,0
          106.82923,17.11783,0
          106.83473,17.11372,0
          106.83515,17.11339,0
          106.8355,17.11307,0
          106.83575,17.11281,0
          106.83596,17.11254,0
          106.83617,17.11224,0
          106.83647,17.11169,0
          106.83659,17.1114,0
          106.83671,17.11104,0
          106.8371,17.1097,0
          106.83715,17.10957,0
          106.83717,17.1095,0
          106.83735,17.10912,0
          106.83753,17.1088,0
          106.83778,17.10846,0
          106.83798,17.10825,0
          106.83814,17.1081,0
          106.83845,17.10787,0
          106.83875,17.10767,0
          106.83915,17.10747,0
          106.83956,17.10731,0
          106.84031,17.10708,0
          106.84368,17.10612,0
          106.84406,17.106,0
          106.84435,17.10588,0
          106.84471,17.10569,0
          106.84497,17.10551,0
          106.84524,17.10525,0
          106.84539,17.10508,0
          106.84552,17.1049,0
          106.84566,17.10466,0
          106.8458,17.10436,0
          106.84587,17.10418,0
          106.84594,17.10395,0
          106.84603,17.1036,0
          106.84706,17.09869,0
          106.84718,17.09829,0
          106.84725,17.09809,0
          106.8474,17.09777,0
          106.84754,17.09755,0
          106.84765,17.0974,0
          106.84787,17.09721,0
          106.84791,17.09717,0
          106.84831,17.0969,0
          106.84867,17.0967,0
          106.84909,17.09654,0
          106.8513,17.09577,0
          106.85174,17.09559,0
          106.85227,17.09533,0
          106.8523,17.09531,0
          106.85243,17.09524,0
          106.85259,17.09514,0
          106.85298,17.09486,0
          106.85321,17.09464,0
          106.85322,17.09462,0
          106.85348,17.09435,0
          106.85378,17.09394,0
          106.85398,17.0936,0
          106.85416,17.09324,0
          106.85477,17.0917,0
          106.85497,17.09129,0
          106.85525,17.09082,0
          106.85562,17.09034,0
          106.85592,17.09,0
          106.85656,17.08941,0
          106.85671,17.0893,0
          106.85673,17.08928,0
          106.85738,17.0888,0
          106.8578,17.08847,0
          106.85788,17.0884,0
          106.85806,17.08826,0
          106.85831,17.08804,0
          106.85885,17.08748,0
          106.85927,17.08693,0
          106.85928,17.08691,0
          106.85937,17.08679,0
          106.86001,17.08579,0
          106.86003,17.08577,0
          106.86101,17.08418,0
          106.86127,17.0837,0
          106.86146,17.08326,0
          106.86161,17.08283,0
          106.86162,17.08281,0
          106.86176,17.08214,0
          106.86184,17.08146,0
          106.86176,17.07577,0
          106.86169,17.07491,0
          106.86157,17.07418,0
          106.86134,17.07334,0
          106.86117,17.07289,0
          106.86112,17.07278,0
          106.8611,17.07275,0
          106.8609,17.07231,0
          106.86039,17.07133,0
          106.86036,17.07129,0
          106.86017,17.0709,0
          106.86008,17.07067,0
          106.85993,17.07009,0
          106.8599,17.06985,0
          106.85989,17.06971,0
          106.85989,17.06961,0
          106.85988,17.06951,0
          106.85989,17.0692,0
          106.85996,17.0688,0
          106.86005,17.06844,0
          106.86061,17.06661,0
          106.86076,17.06602,0
          106.86086,17.06571,0
          106.861,17.06495,0
          106.86123,17.06336,0
          106.86139,17.06209,0
          106.86139,17.06166,0
          106.86144,17.06132,0
          106.86169,17.06053,0
          106.86182,17.06022,0
          106.86199,17.05986,0
          106.86356,17.05701,0
          106.8637,17.05682,0
          106.86382,17.05669,0
          106.86386,17.05664,0
          106.86413,17.05638,0
          106.86437,17.05621,0
          106.86454,17.05611,0
          106.86472,17.05603,0
          106.86567,17.05556,0
          106.86619,17.05533,0
          106.86744,17.05473,0
          106.86769,17.05458,0
          106.86782,17.05449,0
          106.8679,17.05441,0
          106.86804,17.05424,0
          106.8681,17.05415,0
          106.86815,17.05403,0
          106.86819,17.05389,0
          106.86824,17.05362,0
          106.86824,17.0536,0
          106.86825,17.05352,0
          106.86823,17.05306,0
          106.86823,17.05288,0
          106.86822,17.05275,0
          106.86823,17.05255,0
          106.86824,17.05247,0
          106.86826,17.05238,0
          106.8683,17.05227,0
          106.86833,17.05221,0
          106.86836,17.05212,0
          106.86842,17.05202,0
          106.86857,17.05181,0
          106.86861,17.05178,0
          106.86866,17.05173,0
          106.86874,17.05167,0
          106.86882,17.05162,0
          106.86895,17.05156,0
          106.86913,17.0515,0
          106.86926,17.05147,0
          106.87001,17.05137,0
          106.87066,17.05131,0
          106.87074,17.05131,0
          106.87104,17.05123,0
          106.87112,17.0512,0
          106.87181,17.05084,0
          106.87276,17.0504,0
          106.87347,17.05005,0
          106.87378,17.04988,0
          106.87396,17.04976,0
          106.87418,17.04959,0
          106.87544,17.0485,0
          106.8759,17.04802,0
          106.87645,17.04752,0
          106.87675,17.0473,0
          106.87706,17.0471,0
          106.87739,17.04692,0
          106.87746,17.04689,0
          106.87782,17.0467,0
          106.87839,17.04643,0
          106.87925,17.04606,0
          106.88093,17.04526,0
          106.88096,17.04524,0
          106.88149,17.04499,0
          106.88196,17.04482,0
          106.88246,17.04447,0
          106.88339,17.04378,0
          106.88379,17.04351,0
          106.88397,17.04342,0
          106.88454,17.04306,0
          106.88474,17.04291,0
          106.88475,17.04291,0
          106.88479,17.04287,0
          106.88484,17.04284,0
          106.88528,17.0425,0
          106.88533,17.04245,0
          106.88546,17.04234,0
          106.88558,17.04221,0
          106.8861,17.04175,0
          106.88614,17.04172,0
          106.88641,17.04147,0
          106.88644,17.04145,0
          106.88668,17.04121,0
          106.88693,17.04099,0
          106.88695,17.04096,0
          106.88752,17.04049,0
          106.88753,17.04049,0
          106.88783,17.04027,0
          106.88798,17.04017,0
          106.88814,17.04008,0
          106.88815,17.04007,0
          106.88882,17.03974,0
          106.8892,17.0396,0
          106.88934,17.03954,0
          106.88952,17.03948,0
          106.88987,17.03934,0
          106.88992,17.03933,0
          106.89005,17.03928,0
          106.8903,17.03921,0
          106.89104,17.03883,0
          106.89107,17.03882,0
          106.8914,17.03864,0
          106.89275,17.03776,0
          106.89428,17.03672,0
          106.89458,17.03649,0
          106.89484,17.03627,0
          106.89489,17.0362,0
          106.89504,17.03606,0
          106.89522,17.03583,0
          106.89565,17.0352,0
          106.89583,17.03485,0
          106.89628,17.03411,0
          106.89657,17.0336,0
          106.89658,17.0336,0
          106.89667,17.03345,0
          106.89668,17.03342,0
          106.89699,17.03294,0
          106.89724,17.03261,0
          106.89768,17.03215,0
          106.89781,17.03204,0
          106.89828,17.03159,0
          106.89881,17.03104,0
          106.89906,17.03075,0
          106.89932,17.0304,0
          106.89972,17.02977,0
          106.89998,17.02924,0
          106.90002,17.02911,0
          106.90028,17.02843,0
          106.90037,17.02808,0
          106.90037,17.02807,0
          106.90048,17.02741,0
          106.90055,17.02686,0
          106.90056,17.02684,0
          106.90071,17.02543,0
          106.9008,17.02434,0
          106.90086,17.02407,0
          106.90088,17.02401,0
          106.90092,17.02383,0
          106.90098,17.02364,0
          106.90114,17.02322,0
          106.90129,17.0229,0
          106.90154,17.02245,0
          106.90168,17.02224,0
          106.9019,17.02198,0
          106.90212,17.02175,0
          106.90214,17.02174,0
          106.90259,17.0213,0
          106.903,17.02101,0
          106.90421,17.02006,0
          106.90493,17.01946,0
          106.90558,17.019,0
          106.90604,17.01872,0
          106.90626,17.0186,0
          106.90671,17.01838,0
          106.9074,17.01807,0
          106.90758,17.018,0
          106.90792,17.01785,0
          106.90848,17.01765,0
          106.90953,17.01722,0
          106.9103,17.01685,0
          106.91159,17.01635,0
          106.91373,17.01568,0
          106.91443,17.01542,0
          106.91515,17.0151,0
          106.91543,17.01496,0
          106.91615,17.01453,0
          106.91677,17.01405,0
          106.91714,17.01373,0
          106.91749,17.01334,0
          106.91763,17.0132,0
          106.91799,17.01278,0
          106.9181,17.01264,0
          106.91934,17.01118,0
          106.91959,17.01084,0
          106.91971,17.01065,0
          106.91992,17.01023,0
          106.92012,17.00973,0
          106.92027,17.0092,0
          106.92031,17.00901,0
          106.92058,17.00737,0
          106.92058,17.00735,0
          106.92082,17.00613,0
          106.92082,17.00611,0
          106.92086,17.00593,0
          106.92086,17.00589,0
          106.92094,17.00537,0
          106.92095,17.00522,0
          106.92108,17.00417,0
          106.92113,17.00327,0
          106.92114,17.00322,0
          106.92114,17.00316,0
          106.92141,17.00284,0
          106.92162,17.00024,0
          106.92162,17.00019,0
          106.92184,16.99745,0
          106.92185,16.9974,0
          106.92199,16.99583,0
          106.92209,16.99506,0
          106.92216,16.99467,0
          106.92236,16.99376,0
          106.92247,16.99338,0
          106.92248,16.99336,0
          106.92263,16.99284,0
          106.92276,16.99251,0
          106.92277,16.99247,0
          106.92313,16.99162,0
          106.92326,16.99134,0
          106.92326,16.99133,0
          106.9236,16.99065,0
          106.92404,16.98988,0
          106.92477,16.98901,0
          106.92513,16.9884,0
          106.92539,16.98814,0
          106.9254,16.98809,0
          106.92546,16.9876,0
          106.92546,16.98754,0
          106.9255,16.98739,0
          106.92553,16.98733,0
          106.92573,16.98711,0
          106.92584,16.98697,0
          106.92585,16.98697,0
          106.92594,16.98681,0
          106.92594,16.98678,0
          106.92596,16.98672,0
          106.92595,16.98665,0
          106.92594,16.98645,0
          106.92593,16.98642,0
          106.92591,16.98615,0
          106.92591,16.98609,0
          106.92577,16.98461,0
          106.92647,16.98455,0
          106.92655,16.98455,0
          106.92688,16.98457,0
          106.92703,16.9846,0
          106.92726,16.98469,0
          106.92754,16.98489,0
          106.92846,16.98587,0
          106.92957,16.98492,0
          106.92958,16.9849,0
          106.93103,16.98367,0
          106.93147,16.98324,0
          106.93148,16.98324,0
          106.93149,16.98322,0
          106.9316,16.98311,0
          106.9316,16.9831,0
          106.93212,16.98254,0
          106.93252,16.98207,0
          106.93285,16.98162,0
          106.93354,16.98051,0
          106.93556,16.97674,0
          106.93556,16.97673,0
          106.93637,16.97526,0
          106.93746,16.97317,0
          106.93747,16.97316,0
          106.93881,16.97063,0
          106.93889,16.97046,0
          106.93989,16.96862,0
          106.94,16.9684,0
          106.94042,16.96768,0
          106.94067,16.9673,0
          106.94071,16.96725,0
          106.94077,16.96715,0
          106.94136,16.96629,0
          106.94565,16.96056,0
          106.94601,16.96005,0
          106.9478,16.95769,0
          106.9484,16.95684,0
          106.94909,16.95581,0
          106.9506,16.95332,0
          106.95156,16.95193,0
          106.95173,16.95161,0
          106.95297,16.94965,0
          106.95297,16.94964,0
          106.95525,16.94598,0
          106.95538,16.9458,0
          106.95547,16.94566,0
          106.95556,16.94548,0
          106.95574,16.94517,0
          106.95598,16.94468,0
          106.95614,16.94432,0
          106.95638,16.94363,0
          106.95662,16.94278,0
          106.95771,16.93857,0
          106.95789,16.93793,0
          106.95789,16.93791,0
          106.95802,16.93754,0
          106.95806,16.93739,0
          106.95836,16.93651,0
          106.95871,16.9357,0
          106.95879,16.93554,0
          106.9589,16.93528,0
          106.95914,16.93465,0
          106.95926,16.9343,0
          106.95937,16.93383,0
          106.95939,16.93377,0
          106.95941,16.93366,0
          106.95941,16.93363,0
          106.95951,16.93299,0
          106.95953,16.93259,0
          106.95954,16.93254,0
          106.95955,16.93238,0
          106.95954,16.93218,0
          106.95954,16.932,0
          106.95953,16.93196,0
          106.9595,16.93146,0
          106.95948,16.93128,0
          106.95946,16.93092,0
          106.95944,16.93074,0
          106.95944,16.93068,0
          106.95902,16.92568,0
          106.95901,16.92524,0
          106.95904,16.9248,0
          106.95912,16.9242,0
          106.95918,16.92394,0
          106.95935,16.9234,0
          106.95956,16.9229,0
          106.95967,16.92268,0
          106.96129,16.91981,0
          106.96271,16.91738,0
          106.96327,16.91623,0
          106.9635,16.9158,0
          106.96363,16.9156,0
          106.96363,16.91557,0
          106.96391,16.9151,0
          106.96456,16.91377,0
          106.96592,16.9113,0
          106.96595,16.91122,0
          106.96596,16.91121,0
          106.96672,16.90978,0
          106.96674,16.90973,0
          106.96707,16.90907,0
          106.96747,16.90843,0
          106.96782,16.90794,0
          106.96835,16.90741,0
          106.96867,16.90714,0
          106.96885,16.907,0
          106.96904,16.90687,0
          106.9694,16.90666,0
          106.96969,16.90651,0
          106.96995,16.90641,0
          106.97113,16.90588,0
          106.97234,16.90539,0
          106.97388,16.90472,0
          106.97389,16.90472,0
          106.98646,16.89936,0
          106.98737,16.89892,0
          106.98774,16.89871,0
          106.98817,16.8984,0
          106.98862,16.89804,0
          106.98892,16.89774,0
          106.98924,16.89737,0
          106.98972,16.89674,0
          106.98974,16.89672,0
          106.99134,16.89432,0
          106.99161,16.89389,0
          106.99183,16.8935,0
          106.99199,16.89316,0
          106.99225,16.89246,0
          106.99233,16.89215,0
          106.99239,16.89187,0
          106.99245,16.89136,0
          106.99249,16.89067,0
          106.99251,16.89054,0
          106.99251,16.89046,0
          106.99253,16.8902,0
          106.99253,16.89015,0
          106.99254,16.89009,0
          106.9926,16.88889,0
          106.99261,16.88839,0
          106.99269,16.88674,0
          106.99272,16.8865,0
          106.99285,16.88371,0
          106.99281,16.88141,0
          106.99282,16.88058,0
          106.99274,16.87898,0
          106.99268,16.87828,0
          106.99254,16.87721,0
          106.99253,16.87718,0
          106.99252,16.877,0
          106.99248,16.87662,0
          106.99247,16.8761,0
          106.99251,16.87536,0
          106.99253,16.87524,0
          106.99254,16.87521,0
          106.99256,16.87506,0
          106.99262,16.87474,0
          106.99279,16.87417,0
          106.99302,16.87357,0
          106.99397,16.87145,0
          106.99446,16.87053,0
          106.99549,16.86877,0
          106.99598,16.86789,0
          106.99633,16.8672,0
          106.99667,16.86646,0
          106.9977,16.86387,0
          106.99776,16.86381,0
          106.99793,16.86353,0
          106.99796,16.86347,0
          106.99824,16.86308,0
          106.99859,16.86267,0
          106.99943,16.86175,0
          106.99946,16.86171,0
          106.99967,16.8615,0
          106.99971,16.86144,0
          107.00006,16.86104,0
          107.0002,16.8609,0
          107.0006,16.86044,0
          107.00074,16.86025,0
          107.00081,16.8601,0
          107.00086,16.85995,0
          107.00088,16.85983,0
          107.00089,16.85969,0
          107.00088,16.85955,0
          107.00087,16.85954,0
          107.00085,16.8594,0
          107.00082,16.85928,0
          107.00076,16.85916,0
          107.00069,16.85904,0
          106.99976,16.85785,0
          106.99947,16.85742,0
          106.99924,16.85701,0
          106.99917,16.85693,0
          106.99905,16.85673,0
          106.99893,16.85648,0
          106.99858,16.85595,0
          106.99826,16.8555,0
          106.99807,16.85521,0
          106.99796,16.85506,0
          106.99787,16.8549,0
          106.99785,16.85488,0
          106.99769,16.85459,0
          106.9975,16.85416,0
          106.99743,16.85391,0
          106.99737,16.85365,0
          106.99733,16.85338,0
          106.99732,16.8532,0
          106.99731,16.85315,0
          106.99731,16.85295,0
          106.99732,16.85284,0
          106.99732,16.85277,0
          106.99735,16.85253,0
          106.99735,16.85249,0
          106.99738,16.85231,0
          106.99739,16.85228,0
          106.9974,16.85223,0
          106.99748,16.85196,0
          106.99748,16.85193,0
          106.99759,16.85162,0
          106.99759,16.85161,0
          106.99772,16.85125,0
          106.99785,16.85094,0
          106.99785,16.85093,0
          106.99813,16.85027,0
          106.99824,16.84997,0
          106.99826,16.84994,0
          106.99832,16.84977,0
          106.99839,16.8496,0
          106.9984,16.84959,0
          106.99846,16.84943,0
          106.99853,16.84927,0
          106.99858,16.84913,0
          106.9986,16.8491,0
          106.99866,16.84893,0
          106.99873,16.84876,0
          106.99879,16.84859,0
          106.99885,16.84845,0
          106.99895,16.84818,0
          106.99899,16.84809,0
          106.99908,16.84776,0
          106.99909,16.84774,0
          106.99918,16.84721,0
          106.9992,16.84703,0
          106.9992,16.84694,0
          106.99921,16.84685,0
          106.99921,16.84649,0
          106.9992,16.84635,0
          106.99919,16.84631,0
          106.99916,16.84599,0
          106.99898,16.84526,0
          106.99887,16.84496,0
          106.99792,16.84272,0
          106.9978,16.84241,0
          106.99771,16.84211,0
          106.99765,16.84185,0
          106.99762,16.84163,0
          106.99761,16.84141,0
          106.99763,16.8411,0
          106.99767,16.84087,0
          106.99775,16.84057,0
          106.99782,16.84041,0
          106.99784,16.84034,0
          106.99798,16.84008,0
          106.99808,16.83993,0
          106.9983,16.83964,0
          106.9983,16.83963,0
          106.99843,16.8395,0
          106.99851,16.83941,0
          106.99868,16.83924,0
          106.99871,16.83922,0
          106.99895,16.83898,0
          106.99923,16.83874,0
          106.99968,16.8383,0
          106.99982,16.83813,0
          106.99987,16.83808,0
          106.99997,16.83794,0
          106.99998,16.83793,0
          107.00008,16.83778,0
          107.00026,16.83748,0
          107.00037,16.83725,0
          107.00044,16.83707,0
          107.00051,16.83682,0
          107.00054,16.83664,0
          107.00056,16.83658,0
          107.00059,16.83634,0
          107.0006,16.8361,0
          107.00058,16.83576,0
          107.00055,16.83548,0
          107.0004,16.83443,0
          107.00039,16.83441,0
          107.00032,16.83373,0
          107.00033,16.83329,0
          107.00036,16.83301,0
          107.00049,16.83246,0
          107.00057,16.83222,0
          107.0007,16.83192,0
          107.00081,16.8317,0
          107.00102,16.83134,0
          107.00162,16.83045,0
          107.00179,16.83022,0
          107.00242,16.82928,0
          107.00295,16.82854,0
          107.00325,16.82808,0
          107.00377,16.82734,0
          107.00399,16.82705,0
          107.00418,16.82683,0
          107.00433,16.82668,0
          107.00446,16.82657,0
          107.00448,16.82656,0
          107.00464,16.82643,0
          107.00483,16.8263,0
          107.00519,16.82612,0
          107.00552,16.826,0
          107.00569,16.82596,0
          107.00591,16.82592,0
          107.00658,16.82587,0
          107.00775,16.82588,0
          107.00821,16.8259,0
          107.01057,16.82593,0
          107.01084,16.82592,0
          107.01133,16.82585,0
          107.0115,16.82581,0
          107.01197,16.82562,0
          107.01214,16.82552,0
          107.01229,16.82542,0
          107.01245,16.8253,0
          107.01274,16.825,0
          107.01286,16.82484,0
          107.01299,16.82462,0
          107.01308,16.82444,0
          107.01315,16.82426,0
          107.01319,16.82413,0
          107.01325,16.82388,0
          107.01326,16.82375,0
          107.01328,16.82364,0
          107.01329,16.82341,0
          107.01328,16.82317,0
          107.01325,16.82288,0
          107.01313,16.82227,0
          107.01294,16.82152,0
          107.01293,16.82142,0
          107.01278,16.82082,0
          107.01226,16.8185,0
          107.01204,16.81804,0
          107.01204,16.81803,0
          107.01188,16.81779,0
          107.0103,16.81572,0
          107.01023,16.81564,0
          107.00963,16.81482,0
          107.00917,16.81404,0
          107.00865,16.81288,0
          107.00803,16.81136,0
          107.00793,16.81114,0
          107.00741,16.80988,0
          107.0074,16.80984,0
          107.00692,16.80868,0
          107.00685,16.80844,0
          107.00683,16.8084,0
          107.00678,16.80833,0
          107.00677,16.80832,0
          107.00667,16.80813,0
          107.0066,16.80804,0
          107.00668,16.80798,0
          107.00699,16.80778,0
          107.00762,16.80734,0
          107.00776,16.8073,0
          107.00875,16.80663,0
          107.00927,16.8063,0
          107.01016,16.8057,0
          107.01018,16.80568,0
          107.01156,16.80476,0
          107.01184,16.80461,0
          107.01206,16.80451,0
          107.01221,16.80446,0
          107.01237,16.80442,0
          107.02004,16.80365,0
          107.02021,16.80347,0
          107.02019,16.80331,0
          107.02017,16.80259,0
          107.02018,16.80221,0
          107.02017,16.79776,0
          107.02016,16.79748,0
          107.02017,16.79732,0
          107.02014,16.79328,0
          107.02013,16.7932,0
          107.02013,16.79276,0
          107.02011,16.7923,0
          107.02009,16.79046,0
          107.0201,16.79032,0
          107.02011,16.78984,0
          107.02009,16.78925,0
          107.02009,16.78834,0
          107.02014,16.78741,0
          107.02011,16.78105,0
          107.02014,16.78038,0
          107.02015,16.78033,0
          107.02015,16.78024,0
          107.02016,16.7802,0
          107.02016,16.78002,0
          107.0202,16.77949,0
          107.02028,16.77896,0
          107.02029,16.77894,0
          107.02046,16.77806,0
          107.02064,16.77738,0
          107.0209,16.77664,0
          107.02136,16.77551,0
          107.02179,16.77467,0
          107.02179,16.77466,0
          107.02191,16.77445,0
          107.02222,16.77397,0
          107.02222,16.77396,0
          107.02261,16.77339,0
          107.02263,16.77337,0
          107.02336,16.7723,0
          107.02337,16.77228,0
          107.02355,16.77203,0
          107.02356,16.77202,0
          107.02358,16.77198,0
          107.02398,16.77142,0
          107.02401,16.77139,0
          107.02408,16.77127,0
          107.02411,16.77124,0
          107.02419,16.77112,0
          107.0242,16.77111,0
          107.02421,16.77109,0
          107.02472,16.77034,0
          107.02472,16.77033,0
          107.02491,16.77007,0
          107.02493,16.77003,0
          107.02597,16.76857,0
          107.02602,16.76848,0
          107.02607,16.76842,0
          107.02627,16.76813,0
          107.02629,16.76809,0
          107.0263,16.76809,0
          107.02637,16.76798,0
          107.02669,16.76753,0
          107.02671,16.76749,0
          107.02672,16.76749,0
          107.02688,16.76722,0
          107.0273,16.76662,0
          107.0273,16.76661,0
          107.02751,16.76633,0
          107.02752,16.76632,0
          107.02795,16.76574,0
          107.02805,16.76559,0
          107.02808,16.76556,0
          107.02818,16.76541,0
          107.02823,16.76535,0
          107.02836,16.76514,0
          107.02839,16.76511,0
          107.02857,16.76484,0
          107.02866,16.76469,0
          107.02867,16.76469,0
          107.02869,16.76465,0
          107.02923,16.76385,0
          107.02971,16.76319,0
          107.02973,16.76315,0
          107.03013,16.76259,0
          107.03013,16.76258,0
          107.03015,16.76256,0
          107.03034,16.7623,0
          107.03034,16.76229,0
          107.03035,16.76228,0
          107.03107,16.76125,0
          107.03107,16.76124,0
          107.03169,16.76035,0
          107.03172,16.76032,0
          107.03234,16.75942,0
          107.03236,16.7594,0
          107.03242,16.7593,0
          107.03243,16.7593,0
          107.03274,16.75886,0
          107.03276,16.75882,0
          107.03295,16.75856,0
          107.03297,16.75852,0
          107.03303,16.75843,0
          107.03305,16.75841,0
          107.03316,16.75826,0
          107.03316,16.75825,0
          107.03338,16.75795,0
          107.03339,16.75793,0
          107.03347,16.75781,0
          107.03351,16.75777,0
          107.03368,16.75751,0
          107.03369,16.7575,0
          107.0337,16.75748,0
          107.0345,16.75631,0
          107.03451,16.7563,0
          107.03506,16.75553,0
          107.03514,16.7554,0
          107.03535,16.75512,0
          107.03535,16.75511,0
          107.03582,16.75444,0
          107.03609,16.75408,0
          107.03611,16.75404,0
          107.03619,16.75393,0
          107.0362,16.75392,0
          107.03629,16.7538,0
          107.0364,16.75363,0
          107.03642,16.75359,0
          107.03663,16.75329,0
          107.0367,16.75317,0
          107.03712,16.75258,0
          107.03712,16.75257,0
          107.03715,16.75254,0
          107.03761,16.75186,0
          107.03763,16.75182,0
          107.0381,16.75115,0
          107.03815,16.75107,0
          107.03817,16.75103,0
          107.03875,16.75016,0
          107.03877,16.75012,0
          107.03967,16.7488,0
          107.03969,16.74876,0
          107.03977,16.74865,0
          107.03978,16.74864,0
          107.04038,16.74774,0
          107.0404,16.7477,0
          107.04048,16.74759,0
          107.04048,16.74758,0
          107.04138,16.74622,0
          107.04139,16.74621,0
          107.04163,16.74585,0
          107.04187,16.74545,0
          107.0419,16.74542,0
          107.04197,16.7453,0
          107.04197,16.74529,0
          107.04209,16.74511,0
          107.04217,16.74497,0
          107.04259,16.74439,0
          107.04291,16.7439,0
          107.04298,16.74378,0
          107.04339,16.74318,0
          107.04341,16.74314,0
          107.04344,16.74311,0
          107.04392,16.74244,0
          107.04393,16.74243,0
          107.04403,16.74229,0
          107.04405,16.74225,0
          107.04486,16.74109,0
          107.04488,16.74105,0
          107.04494,16.74098,0
          107.04539,16.74029,0
          107.0454,16.74027,0
          107.04586,16.73957,0
          107.04589,16.73954,0
          107.04596,16.73942,0
          107.04638,16.73882,0
          107.04641,16.73879,0
          107.04642,16.73877,0
          107.0469,16.73803,0
          107.04691,16.73802,0
          107.04763,16.73697,0
          107.04763,16.73696,0
          107.04851,16.73564,0
          107.04854,16.73561,0
          107.0493,16.73445,0
          107.04983,16.73368,0
          107.04984,16.73367,0
          107.04994,16.73353,0
          107.04996,16.73349,0
          107.05034,16.73292,0
          107.05037,16.73289,0
          107.05065,16.73247,0
          107.05065,16.73246,0
          107.05075,16.73232,0
          107.05077,16.73228,0
          107.05095,16.73201,0
          107.05098,16.73198,0
          107.05136,16.73141,0
          107.05138,16.73137,0
          107.05146,16.73126,0
          107.05146,16.73125,0
          107.05247,16.72974,0
          107.0525,16.72971,0
          107.05257,16.72959,0
          107.05258,16.72958,0
          107.05398,16.72751,0
          107.05401,16.72748,0
          107.05403,16.72744,0
          107.05454,16.72669,0
          107.05461,16.72657,0
          107.05466,16.72651,0
          107.05564,16.72504,0
          107.05671,16.72359,0
          107.05672,16.72357,0
          107.0583,16.72158,0
          107.05844,16.72142,0
          107.0598,16.71974,0
          107.0598,16.7197,0
          107.05981,16.71966,0
          107.06001,16.71938,0
          107.06032,16.719,0
          107.06034,16.71897,0
          107.06257,16.71621,0
          107.06291,16.71576,0
          107.06295,16.71572,0
          107.06331,16.71527,0
          107.06497,16.71337,0
          107.06515,16.71319,0
          107.06534,16.71298,0
          107.06616,16.7122,0
          107.06694,16.71142,0
          107.06735,16.71106,0
          107.06735,16.71105,0
          107.06791,16.71057,0
          107.06852,16.71001,0
          107.06861,16.70995,0
          107.06863,16.70994,0
          107.06864,16.70993,0
          107.06868,16.70993,0
          107.06974,16.70897,0
          107.07003,16.70874,0
          107.07039,16.7084,0
          107.07044,16.70837,0
          107.07071,16.70812,0
          107.07095,16.70792,0
          107.07191,16.70706,0
          107.07196,16.70703,0
          107.07274,16.70633,0
          107.07279,16.7063,0
          107.07538,16.70403,0
          107.07542,16.70399,0
          107.076,16.70349,0
          107.07607,16.70342,0
          107.07708,16.70253,0
          107.07717,16.70244,0
          107.07768,16.70201,0
          107.07773,16.70196,0
          107.0801,16.69994,0
          107.08114,16.69914,0
          107.08133,16.69898,0
          107.08438,16.69668,0
          107.08443,16.69665,0
          107.08496,16.69623,0
          107.08501,16.6962,0
          107.08606,16.69541,0
          107.08615,16.69535,0
          107.08732,16.69445,0
          107.08746,16.69433,0
          107.08759,16.69424,0
          107.08761,16.69422,0
          107.0882,16.69377,0
          107.08821,16.69377,0
          107.08983,16.69251,0
          107.09,16.69239,0
          107.09318,16.68997,0
          107.09323,16.68992,0
          107.09531,16.68835,0
          107.09532,16.68835,0
          107.10016,16.68464,0
          107.10076,16.68421,0
          107.10078,16.6842,0
          107.10164,16.68354,0
          107.1017,16.6835,0
          107.1022,16.6831,0
          107.10222,16.68308,0
          107.10249,16.68287,0
          107.10251,16.68286,0
          107.10252,16.68286,0
          107.10401,16.68174,0
          107.10431,16.68148,0
          107.10543,16.68072,0
          107.10589,16.68043,0
          107.10775,16.6794,0
          107.10776,16.67939,0
          107.10955,16.67841,0
          107.10972,16.67833,0
          107.11067,16.67779,0
          107.11152,16.67736,0
          107.11153,16.67735,0
          107.11278,16.67681,0
          107.11307,16.67671,0
          107.1145,16.67628,0
          107.11468,16.67624,0
          107.11653,16.6757,0
          107.11809,16.6753,0
          107.11809,16.67529,0
          107.11872,16.67513,0
          107.11881,16.6751,0
          107.11935,16.67496,0
          107.11936,16.67496,0
          107.12007,16.67477,0
          107.12008,16.67477,0
          107.12292,16.67408,0
          107.12294,16.67406,0
          107.12299,16.67403,0
          107.12304,16.67401,0
          107.1232,16.67398,0
          107.12453,16.6736,0
          107.12455,16.6736,0
          107.12525,16.67343,0
          107.12531,16.67341,0
          107.12579,16.6733,0
          107.12743,16.67287,0
          107.12753,16.67285,0
          107.12842,16.67261,0
          107.12852,16.67259,0
          107.12924,16.67239,0
          107.12934,16.67237,0
          107.12998,16.67218,0
          107.13049,16.67201,0
          107.13053,16.67199,0
          107.13115,16.67177,0
          107.13288,16.67092,0
          107.13335,16.67066,0
          107.13352,16.67058,0
          107.13385,16.6704,0
          107.13432,16.67018,0
          107.13435,16.67016,0
          107.13485,16.66991,0
          107.13552,16.6696,0
          107.13786,16.6684,0
          107.1382,16.6682,0
          107.13824,16.6682,0
          107.13826,16.66819,0
          107.13832,16.6682,0
          107.1403,16.66717,0
          107.14097,16.66685,0
          107.14345,16.66556,0
          107.14352,16.66553,0
          107.14449,16.66502,0
          107.1445,16.66501,0
          107.14459,16.66498,0
          107.14531,16.66458,0
          107.1454,16.66454,0
          107.14579,16.66433,0
          107.14582,16.66432,0
          107.14589,16.66427,0
          107.14592,16.66426,0
          107.14597,16.66423,0
          107.14598,16.66422,0
          107.14613,16.66414,0
          107.14614,16.66413,0
          107.14725,16.66349,0
          107.14728,16.66348,0
          107.14734,16.66344,0
          107.14737,16.66343,0
          107.14767,16.66326,0
          107.14769,16.66324,0
          107.14774,16.66322,0
          107.1488,16.66262,0
          107.14882,16.6626,0
          107.14993,16.66198,0
          107.15009,16.66188,0
          107.15041,16.6617,0
          107.15044,16.66169,0
          107.15049,16.66166,0
          107.1505,16.66165,0
          107.15194,16.66083,0
          107.15195,16.66082,0
          107.15205,16.66077,0
          107.15291,16.66028,0
          107.15292,16.66027,0
          107.15318,16.66012,0
          107.15323,16.6601,0
          107.15324,16.66009,0
          107.15332,16.66005,0
          107.15348,16.65995,0
          107.15415,16.65958,0
          107.15421,16.65954,0
          107.15429,16.6595,0
          107.15431,16.65948,0
          107.15436,16.65946,0
          107.15445,16.65941,0
          107.15447,16.65939,0
          107.15454,16.65936,0
          107.15461,16.65931,0
          107.15501,16.65909,0
          107.15502,16.65908,0
          107.15582,16.65864,0
          107.15583,16.65863,0
          107.15591,16.65859,0
          107.15609,16.65848,0
          107.15616,16.65845,0
          107.15623,16.65841,0
          107.15625,16.65839,0
          107.15768,16.65758,0
          107.15771,16.65757,0
          107.1593,16.65666,0
          107.15932,16.65664,0
          107.15937,16.65662,0
          107.15938,16.65661,0
          107.16026,16.6561,0
          107.16045,16.656,0
          107.16051,16.65596,0
          107.16075,16.65583,0
          107.16093,16.65572,0
          107.16098,16.6557,0
          107.16236,16.65491,0
          107.16239,16.6549,0
          107.1633,16.65438,0
          107.16333,16.65437,0
          107.16465,16.65361,0
          107.1647,16.65359,0
          107.16656,16.65253,0
          107.16658,16.65251,0
          107.16689,16.65235,0
          107.16691,16.65233,0
          107.16841,16.65148,0
          107.16918,16.65108,0
          107.16968,16.65084,0
          107.17037,16.65055,0
          107.17125,16.65023,0
          107.17196,16.65,0
          107.17214,16.64995,0
          107.17231,16.64989,0
          107.17232,16.64989,0
          107.17551,16.64884,0
          107.17569,16.64879,0
          107.18137,16.64693,0
          107.18138,16.64693,0
          107.18245,16.64662,0
          107.18246,16.64662,0
          107.18354,16.64633,0
          107.18354,16.64632,0
          107.18877,16.64486,0
          107.18878,16.64486,0
          107.18985,16.64456,0
          107.1899,16.64454,0
          107.1911,16.6442,0
          107.19128,16.64414,0
          107.19226,16.64387,0
          107.19231,16.64386,0
          107.1928,16.64372,0
          107.19303,16.64367,0
          107.19305,16.64366,0
          107.19316,16.64363,0
          107.19317,16.64363,0
          107.19328,16.6436,0
          107.19334,16.64359,0
          107.19339,16.64357,0
          107.19342,16.64357,0
          107.19353,16.64353,0
          107.19369,16.64349,0
          107.1937,16.64349,0
          107.19441,16.64324,0
          107.19443,16.64323,0
          107.19446,16.64322,0
          107.19448,16.64322,0
          107.19476,16.6431,0
          107.19477,16.6431,0
          107.1948,16.64308,0
          107.19539,16.64284,0
          107.19565,16.64271,0
          107.19568,16.6427,0
          107.19578,16.64265,0
          107.19579,16.64264,0
          107.19611,16.64248,0
          107.19612,16.64248,0
          107.19613,16.64247,0
          107.19627,16.64239,0
          107.19628,16.64239,0
          107.19647,16.64227,0
          107.1965,16.64226,0
          107.19659,16.6422,0
          107.19661,16.6422,0
          107.19708,16.64193,0
          107.19708,16.64192,0
          107.19725,16.64183,0
          107.19772,16.64155,0
          107.19773,16.64155,0
          107.19792,16.64144,0
          107.19794,16.64142,0
          107.19804,16.64137,0
          107.19805,16.64136,0
          107.19822,16.64127,0
          107.19824,16.64125,0
          107.19836,16.64118,0
          107.19837,16.64118,0
          107.19838,16.64117,0
          107.1984,16.64116,0
          107.19843,16.64115,0
          107.19917,16.64072,0
          107.19919,16.6407,0
          107.19965,16.64043,0
          107.19971,16.6404,0
          107.19981,16.64034,0
          107.19982,16.64033,0
          107.20013,16.64015,0
          107.20014,16.64014,0
          107.20017,16.64013,0
          107.20019,16.64011,0
          107.2006,16.63987,0
          107.20061,16.63986,0
          107.20076,16.63977,0
          107.20083,16.63974,0
          107.20093,16.63968,0
          107.20094,16.63967,0
          107.20108,16.63959,0
          107.20109,16.63958,0
          107.2011,16.63958,0
          107.20156,16.6393,0
          107.2016,16.63928,0
          107.20163,16.63927,0
          107.20172,16.63921,0
          107.20211,16.63899,0
          107.2022,16.63893,0
          107.20221,16.63892,0
          107.20224,16.63891,0
          107.20225,16.6389,0
          107.20236,16.63883,0
          107.2024,16.63881,0
          107.20243,16.6388,0
          107.20306,16.63841,0
          107.20309,16.6384,0
          107.2032,16.63831,0
          107.20323,16.63828,0
          107.20383,16.63789,0
          107.20419,16.63769,0
          107.20425,16.63765,0
          107.20567,16.63685,0
          107.20607,16.63661,0
          107.20653,16.63636,0
          107.20655,16.63634,0
          107.20792,16.63551,0
          107.20798,16.63548,0
          107.20808,16.63542,0
          107.20847,16.63522,0
          107.20856,16.63518,0
          107.20905,16.63489,0
          107.20908,16.63488,0
          107.20929,16.63475,0
          107.20933,16.63473,0
          107.20944,16.63466,0
          107.20948,16.63464,0
          107.20952,16.63461,0
          107.20991,16.63436,0
          107.20992,16.63436,0
          107.21068,16.63384,0
          107.21105,16.63355,0
          107.21151,16.63311,0
          107.21183,16.63278,0
          107.21187,16.63273,0
          107.21189,16.63271,0
          107.21191,16.63268,0
          107.21213,16.63245,0
          107.21236,16.63216,0
          107.21236,16.63215,0
          107.21239,16.63213,0
          107.2124,16.6321,0
          107.21242,16.63208,0
          107.21271,16.63169,0
          107.21271,16.63168,0
          107.21274,16.63164,0
          107.21278,16.63157,0
          107.21279,16.63156,0
          107.21285,16.63146,0
          107.21326,16.63069,0
          107.21331,16.63061,0
          107.21331,16.6306,0
          107.21333,16.63057,0
          107.21357,16.63009,0
          107.21364,16.62997,0
          107.21364,16.62996,0
          107.21389,16.62949,0
          107.21389,16.62948,0
          107.2139,16.62948,0
          107.21393,16.6294,0
          107.21405,16.62916,0
          107.21405,16.62915,0
          107.21429,16.62867,0
          107.21429,16.62866,0
          107.2143,16.62863,0
          107.21433,16.62858,0
          107.21441,16.62842,0
          107.21444,16.62834,0
          107.21445,16.62833,0
          107.21446,16.6283,0
          107.21469,16.62786,0
          107.2147,16.62785,0
          107.21471,16.62782,0
          107.21486,16.62753,0
          107.21488,16.6275,0
          107.21526,16.62671,0
          107.21528,16.62668,0
          107.21542,16.62639,0
          107.21544,16.62636,0
          107.21574,16.62575,0
          107.21574,16.62574,0
          107.21576,16.62571,0
          107.21578,16.62566,0
          107.21625,16.62471,0
          107.21625,16.62464,0
          107.21627,16.62455,0
          107.21635,16.6244,0
          107.21646,16.62416,0
          107.21717,16.62281,0
          107.21779,16.62145,0
          107.21824,16.62057,0
          107.21872,16.61953,0
          107.21876,16.61947,0
          107.21894,16.61915,0
          107.21895,16.61914,0
          107.21934,16.61841,0
          107.21965,16.61788,0
          107.2197,16.61778,0
          107.21983,16.61757,0
          107.22034,16.6166,0
          107.22036,16.61655,0
          107.22055,16.61622,0
          107.22085,16.61582,0
          107.22106,16.61556,0
          107.22144,16.61494,0
          107.22145,16.61494,0
          107.22176,16.61447,0
          107.22227,16.61392,0
          107.22238,16.61385,0
          107.2224,16.61381,0
          107.22246,16.61373,0
          107.22265,16.61344,0
          107.22305,16.61287,0
          107.22309,16.6128,0
          107.2231,16.61279,0
          107.22322,16.61261,0
          107.22325,16.61258,0
          107.22343,16.61231,0
          107.22355,16.61215,0
          107.22362,16.61204,0
          107.22373,16.6119,0
          107.22375,16.61186,0
          107.22393,16.61162,0
          107.22394,16.6116,0
          107.22396,16.61158,0
          107.22419,16.61125,0
          107.22443,16.61087,0
          107.22446,16.61084,0
          107.22453,16.61072,0
          107.22464,16.61057,0
          107.22466,16.61053,0
          107.22511,16.60995,0
          107.22518,16.60984,0
          107.22529,16.60969,0
          107.22531,16.60965,0
          107.22612,16.6085,0
          107.22613,16.6085,0
          107.22615,16.60846,0
          107.22655,16.6079,0
          107.22658,16.60787,0
          107.22706,16.60718,0
          107.22708,16.60716,0
          107.22728,16.60686,0
          107.22773,16.60623,0
          107.22782,16.60612,0
          107.22855,16.60507,0
          107.22856,16.60506,0
          107.22857,16.60504,0
          107.22865,16.60492,0
          107.22879,16.60474,0
          107.22908,16.60433,0
          107.22911,16.6043,0
          107.22961,16.60359,0
          107.22964,16.60356,0
          107.22964,16.60355,0
          107.2302,16.60267,0
          107.23029,16.60251,0
          107.23068,16.6019,0
          107.23103,16.60121,0
          107.2311,16.60109,0
          107.23136,16.60058,0
          107.23137,16.60057,0
          107.23152,16.60029,0
          107.23168,16.59996,0
          107.23169,16.59995,0
          107.23354,16.59623,0
          107.23361,16.59611,0
          107.23402,16.59525,0
          107.23441,16.59451,0
          107.23459,16.59412,0
          107.2351,16.59309,0
          107.23521,16.59284,0
          107.2353,16.59267,0
          107.23536,16.59253,0
          107.23602,16.59122,0
          107.2362,16.5909,0
          107.23646,16.5904,0
          107.23652,16.5903,0
          107.23655,16.59024,0
          107.23662,16.59014,0
          107.23682,16.58982,0
          107.23683,16.58979,0
          107.23692,16.58966,0
          107.23704,16.58946,0
          107.23716,16.58929,0
          107.23717,16.58927,0
          107.23746,16.58886,0
          107.23783,16.58839,0
          107.23802,16.58818,0
          107.23826,16.58789,0
          107.23866,16.58745,0
          107.23868,16.58744,0
          107.23893,16.58718,0
          107.23897,16.58713,0
          107.23906,16.58705,0
          107.23907,16.58705,0
          107.2392,16.58692,0
          107.24046,16.58578,0
          107.24046,16.58577,0
          107.2406,16.58565,0
          107.24071,16.58557,0
          107.24075,16.58553,0
          107.24113,16.58521,0
          107.24163,16.58483,0
          107.2421,16.58443,0
          107.24228,16.58424,0
          107.24242,16.58404,0
          107.24251,16.58396,0
          107.2426,16.58389,0
          107.24357,16.58304,0
          107.24377,16.58285,0
          107.24445,16.58225,0
          107.24449,16.58222,0
          107.24549,16.58133,0
          107.24555,16.58127,0
          107.24582,16.58104,0
          107.24631,16.58059,0
          107.24638,16.58054,0
          107.24735,16.57969,0
          107.24742,16.57962,0
          107.24818,16.57896,0
          107.24852,16.57871,0
          107.24946,16.5778,0
          107.24955,16.57773,0
          107.25018,16.57715,0
          107.25023,16.57713,0
          107.25074,16.5767,0
          107.25078,16.57666,0
          107.25149,16.57605,0
          107.25157,16.57597,0
          107.25176,16.5758,0
          107.25185,16.57573,0
          107.25189,16.57569,0
          107.25245,16.5752,0
          107.25246,16.5752,0
          107.25254,16.57512,0
          107.25273,16.57496,0
          107.25273,16.57495,0
          107.2531,16.57464,0
          107.25323,16.57451,0
          107.2537,16.57411,0
          107.2537,16.5741,0
          107.25384,16.57399,0
          107.25384,16.57398,0
          107.25398,16.57387,0
          107.25398,16.57386,0
          107.25425,16.57362,0
          107.25426,16.57362,0
          107.25481,16.57314,0
          107.25481,16.57313,0
          107.25518,16.57281,0
          107.25524,16.57277,0
          107.25546,16.57258,0
          107.25596,16.57209,0
          107.25623,16.57185,0
          107.2564,16.57168,0
          107.25647,16.57162,0
          107.2566,16.57149,0
          107.25668,16.57144,0
          107.25683,16.57132,0
          107.25728,16.571,0
          107.25737,16.57091,0
          107.25741,16.57088,0
          107.25764,16.57066,0
          107.25806,16.5703,0
          107.25813,16.57023,0
          107.25834,16.57005,0
          107.2584,16.56999,0
          107.25901,16.56945,0
          107.25926,16.56919,0
          107.25928,16.56916,0
          107.25946,16.56897,0
          107.25978,16.56859,0
          107.25982,16.56855,0
          107.26039,16.56784,0
          107.26051,16.56771,0
          107.26051,16.5677,0
          107.26119,16.56682,0
          107.26151,16.56643,0
          107.26155,16.56637,0
          107.26219,16.56557,0
          107.26219,16.56549,0
          107.26221,16.56546,0
          107.2623,16.56536,0
          107.26237,16.56526,0
          107.26238,16.56525,0
          107.26303,16.5644,0
          107.26338,16.56397,0
          107.26341,16.56394,0
          107.26385,16.5634,0
          107.26392,16.56333,0
          107.26452,16.56255,0
          107.26453,16.56254,0
          107.26475,16.56225,0
          107.26478,16.5622,0
          107.2651,16.56179,0
          107.26568,16.56112,0
          107.26572,16.56106,0
          107.26613,16.56057,0
          107.26751,16.55904,0
          107.26802,16.55854,0
          107.26849,16.55805,0
          107.26853,16.55802,0
          107.27016,16.55642,0
          107.27019,16.5564,0
          107.2702,16.5564,0
          107.27024,16.55638,0
          107.27026,16.55638,0
          107.27066,16.55596,0
          107.27067,16.55594,0
          107.27524,16.55136,0
          107.27539,16.55122,0
          107.27569,16.55089,0
          107.27644,16.55017,0
          107.27699,16.54959,0
          107.27705,16.54954,0
          107.27758,16.54904,0
          107.27838,16.54834,0
          107.27916,16.54776,0
          107.2797,16.54739,0
          107.27971,16.54739,0
          107.27986,16.5473,0
          107.27987,16.54729,0
          107.28035,16.547,0
          107.28083,16.54675,0
          107.28095,16.54668,0
          107.28116,16.54658,0
          107.28127,16.54652,0
          107.282,16.54619,0
          107.28201,16.54619,0
          107.28202,16.54618,0
          107.28234,16.54604,0
          107.28235,16.54603,0
          107.28302,16.54573,0
          107.28304,16.54573,0
          107.28336,16.54558,0
          107.28338,16.54558,0
          107.28406,16.54528,0
          107.28422,16.5452,0
          107.28484,16.54493,0
          107.28609,16.54434,0
          107.28812,16.54344,0
          107.28862,16.5432,0
          107.2889,16.54308,0
          107.28895,16.54305,0
          107.29333,16.5411,0
          107.29434,16.54063,0
          107.29682,16.53953,0
          107.2969,16.5395,0
          107.29703,16.53943,0
          107.30088,16.53767,0
          107.30091,16.53766,0
          107.30411,16.53622,0
          107.30627,16.5352,0
          107.3063,16.53519,0
          107.30748,16.53464,0
          107.308,16.53443,0
          107.30817,16.53435,0
          107.30944,16.53383,0
          107.31039,16.53338,0
          107.31072,16.53324,0
          107.31118,16.53301,0
          107.31149,16.53288,0
          107.31243,16.53241,0
          107.3126,16.53231,0
          107.3139,16.53162,0
          107.32206,16.52686,0
          107.32281,16.52646,0
          107.32284,16.52642,0
          107.32285,16.5264,0
          107.32306,16.52628,0
          107.32318,16.52619,0
          107.32414,16.52561,0
          107.32436,16.5255,0
          107.32522,16.52498,0
          107.32695,16.524,0
          107.3271,16.5239,0
          107.3287,16.523,0
          107.33011,16.52215,0
          107.33057,16.5219,0
          107.33092,16.52174,0
          107.33102,16.52168,0
          107.33113,16.52165,0
          107.33134,16.52152,0
          107.3317,16.52132,0
          107.33245,16.52085,0
          107.33993,16.5165,0
          107.34058,16.51618,0
          107.34172,16.5155,0
          107.34262,16.51492,0
          107.34289,16.51477,0
          107.3429,16.51476,0
          107.34301,16.5147,0
          107.34308,16.51465,0
          107.34369,16.5143,0
          107.3437,16.5143,0
          107.34478,16.51366,0
          107.34489,16.51357,0
          107.34609,16.51289,0
          107.3461,16.51288,0
          107.34625,16.5128,0
          107.34753,16.51204,0
          107.34755,16.51202,0
          107.34769,16.51195,0
          107.34882,16.51129,0
          107.34883,16.51128,0
          107.34972,16.51076,0
          107.34978,16.51073,0
          107.34979,16.51072,0
          107.35084,16.51009,0
          107.35088,16.51006,0
          107.35098,16.51001,0
          107.35297,16.50886,0
          107.3531,16.5088,0
          107.35313,16.50878,0
          107.3538,16.50842,0
          107.35381,16.50842,0
          107.35608,16.50728,0
          107.3562,16.50723,0
          107.35621,16.50722,0
          107.35626,16.50719,0
          107.35787,16.50643,0
          107.358,16.50638,0
          107.35901,16.50588,0
          107.35909,16.50585,0
          107.35919,16.5058,0
          107.35929,16.50576,0
          107.36102,16.50493,0
          107.36111,16.50488,0
          107.36123,16.50483,0
          107.36259,16.50415,0
          107.36267,16.50412,0
          107.3645,16.50322,0
          107.36457,16.50318,0
          107.36906,16.50098,0
          107.36911,16.50095,0
          107.37369,16.49871,0
          107.37387,16.49863,0
          107.38187,16.4947,0
          107.38192,16.49467,0
          107.38197,16.49465,0
          107.38198,16.49464,0
          107.38454,16.49338,0
          107.38589,16.49276,0
          107.38592,16.49274,0
          107.38637,16.49254,0
          107.38643,16.49252,0
          107.38744,16.49211,0
          107.3884,16.49175,0
          107.38869,16.49166,0
          107.38879,16.49162,0
          107.39049,16.49113,0
          107.3915,16.49089,0
          107.39169,16.49086,0
          107.39206,16.49078,0
          107.39328,16.49056,0
          107.39383,16.49048,0
          107.40073,16.48978,0
          107.40102,16.48976,0
          107.40402,16.48946,0
          107.40421,16.48945,0
          107.4161,16.48829,0
          107.41627,16.48828,0
          107.41652,16.48825,0
          107.41879,16.48808,0
          107.41926,16.48806,0
          107.41945,16.48806,0
          107.41961,16.48805,0
          107.42093,16.48806,0
          107.42113,16.48807,0
          107.42223,16.48808,0
          107.42235,16.48809,0
          107.42251,16.48809,0
          107.42287,16.48811,0
          107.42716,16.4882,0
          107.43094,16.48832,0
          107.43192,16.48831,0
          107.43211,16.4883,0
          107.43277,16.4883,0
          107.43378,16.48835,0
          107.43643,16.48841,0
          107.43875,16.48852,0
          107.44144,16.48859,0
          107.44155,16.48856,0
          107.4422,16.48856,0
          107.44246,16.48857,0
          107.44254,16.48858,0
          107.44302,16.48859,0
          107.44316,16.4886,0
          107.44357,16.4886,0
          107.44537,16.48865,0
          107.44698,16.48864,0
          107.44846,16.48855,0
          107.44968,16.48843,0
          107.45032,16.48835,0
          107.45036,16.48834,0
          107.45121,16.4882,0
          107.45205,16.48804,0
          107.45342,16.48772,0
          107.45401,16.48756,0
          107.45419,16.48752,0
          107.45595,16.48699,0
          107.45604,16.48697,0
          107.45642,16.48684,0
          107.45719,16.48662,0
          107.45734,16.48662,0
          107.46042,16.48568,0
          107.46049,16.48565,0
          107.46623,16.48391,0
          107.46697,16.48367,0
          107.4722,16.48208,0
          107.47225,16.48206,0
          107.47595,16.48094,0
          107.47603,16.48091,0
          107.47692,16.48064,0
          107.47795,16.48027,0
          107.47855,16.47999,0
          107.47929,16.47957,0
          107.47989,16.47916,0
          107.48014,16.47897,0
          107.48029,16.47883,0
          107.4803,16.47883,0
          107.4808,16.47839,0
          107.48123,16.47794,0
          107.4816,16.47753,0
          107.48195,16.47711,0
          107.48214,16.4769,0
          107.48242,16.47655,0
          107.48271,16.47623,0
          107.48394,16.47475,0
          107.48396,16.47474,0
          107.484,16.47468,0
          107.48502,16.47352,0
          107.48502,16.47351,0
          107.48598,16.47237,0
          107.48635,16.47196,0
          107.4881,16.46993,0
          107.48852,16.46947,0
          107.48865,16.46934,0
          107.48919,16.46889,0
          107.48922,16.46887,0
          107.48953,16.46861,0
          107.4897,16.4685,0
          107.48981,16.46842,0
          107.49025,16.46814,0
          107.49154,16.4674,0
          107.49313,16.46654,0
          107.49423,16.46586,0
          107.49599,16.46485,0
          107.49659,16.46454,0
          107.49724,16.46418,0
          107.49786,16.4638,0
          107.49843,16.46349,0
          107.49911,16.46308,0
          107.49956,16.46278,0
          107.49957,16.46277,0
          107.49971,16.46267,0
          107.50026,16.46224,0
          107.50029,16.46221,0
          107.50035,16.46217,0
          107.50043,16.46209,0
          107.50054,16.462,0
          107.50197,16.46071,0
          107.50297,16.45971,0
          107.50307,16.45959,0
          107.50322,16.45944,0
          107.50325,16.4594,0
          107.50336,16.45932,0
          107.50436,16.45849,0
          107.50463,16.45824,0
          107.505,16.45793,0
          107.50505,16.45788,0
          107.50598,16.4571,0
          107.50653,16.45668,0
          107.50667,16.45656,0
          107.50743,16.45603,0
          107.50878,16.45518,0
          107.50882,16.45516,0
          107.50922,16.45485,0
          107.50999,16.45434,0
          107.51014,16.45423,0
          107.51142,16.45347,0
          107.51216,16.45299,0
          107.51264,16.45258,0
          107.51265,16.45256,0
          107.51272,16.4525,0
          107.5128,16.45241,0
          107.51285,16.45237,0
          107.5129,16.45231,0
          107.51299,16.45222,0
          107.51302,16.45217,0
          107.51313,16.45203,0
          107.51315,16.45201,0
          107.51336,16.4517,0
          107.51362,16.45127,0
          107.51363,16.45126,0
          107.51375,16.45102,0
          107.51377,16.45097,0
          107.51379,16.45094,0
          107.51388,16.45075,0
          107.51401,16.45037,0
          107.51402,16.45035,0
          107.51416,16.4499,0
          107.51424,16.4495,0
          107.51424,16.44948,0
          107.5143,16.44914,0
          107.51432,16.44896,0
          107.51433,16.44895,0
          107.51433,16.4486,0
          107.51434,16.44842,0
          107.51434,16.44824,0
          107.51428,16.4467,0
          107.51427,16.44662,0
          107.51427,16.44644,0
          107.51426,16.4463,0
          107.51431,16.44537,0
          107.51437,16.44501,0
          107.51437,16.44497,0
          107.5144,16.44483,0
          107.5144,16.44479,0
          107.51445,16.44449,0
          107.51445,16.44448,0
          107.5145,16.4443,0
          107.51459,16.44391,0
          107.51463,16.44378,0
          107.51468,16.44356,0
          107.51469,16.44356,0
          107.51474,16.44339,0
          107.51485,16.44309,0
          107.51487,16.44305,0
          107.51505,16.44259,0
          107.51506,16.44255,0
          107.5152,16.44226,0
          107.51527,16.44209,0
          107.51558,16.44151,0
          107.51562,16.44146,0
          107.51573,16.44127,0
          107.51601,16.44084,0
          107.51608,16.44072,0
          107.51611,16.44069,0
          107.51655,16.44014,0
          107.51657,16.44011,0
          107.51682,16.43984,0
          107.51743,16.43922,0
          107.51868,16.43808,0
          107.51871,16.43802,0
          107.51891,16.43781,0
          107.52575,16.43184,0
          107.52587,16.43172,0
          107.52642,16.43126,0
          107.52887,16.4291,0
          107.52929,16.42875,0
          107.52941,16.42867,0
          107.52957,16.42861,0
          107.53075,16.42796,0
          107.53103,16.42777,0
          107.53116,16.42767,0
          107.53232,16.42706,0
          107.53237,16.42704,0
          107.53248,16.42697,0
          107.5328,16.42679,0
          107.53315,16.42665,0
          107.53345,16.42655,0
          107.53396,16.42624,0
          107.53439,16.42603,0
          107.53461,16.42596,0
          107.53523,16.42563,0
          107.53569,16.42536,0
          107.5358,16.42533,0
          107.53586,16.42532,0
          107.53606,16.42524,0
          107.53632,16.42512,0
          107.53692,16.42478,0
          107.53763,16.42446,0
          107.53985,16.42335,0
          107.54056,16.42295,0
          107.54112,16.42258,0
          107.54153,16.42223,0
          107.54194,16.42183,0
          107.54227,16.42145,0
          107.54274,16.42085,0
          107.54294,16.42056,0
          107.54316,16.42027,0
          107.54317,16.42026,0
          107.54347,16.41985,0
          107.54374,16.41945,0
          107.5438,16.41938,0
          107.5439,16.41923,0
          107.54422,16.4188,0
          107.54423,16.41879,0
          107.54433,16.41864,0
          107.54466,16.4182,0
          107.54471,16.41812,0
          107.54516,16.41751,0
          107.54535,16.4173,0
          107.54561,16.41704,0
          107.54572,16.41695,0
          107.54604,16.41666,0
          107.54623,16.41651,0
          107.54628,16.41648,0
          107.54674,16.41616,0
          107.54724,16.41586,0
          107.54772,16.41563,0
          107.54826,16.41544,0
          107.54867,16.41532,0
          107.54951,16.41512,0
          107.54965,16.41508,0
          107.55034,16.41493,0
          107.55053,16.41488,0
          107.55054,16.41488,0
          107.55184,16.41448,0
          107.55278,16.41411,0
          107.55351,16.41377,0
          107.55431,16.41333,0
          107.55552,16.41256,0
          107.55613,16.41215,0
          107.55628,16.41204,0
          107.55657,16.4118,0
          107.5566,16.41178,0
          107.55688,16.41154,0
          107.55698,16.41143,0
          107.55734,16.41107,0
          107.55784,16.41045,0
          107.55807,16.41012,0
          107.55822,16.40987,0
          107.55824,16.40985,0
          107.55832,16.40971,0
          107.55838,16.40963,0
          107.55872,16.40891,0
          107.55886,16.40857,0
          107.55888,16.40854,0
          107.55917,16.40772,0
          107.5593,16.40741,0
          107.5595,16.4068,0
          107.55952,16.40676,0
          107.55992,16.4057,0
          107.56039,16.40458,0
          107.56097,16.40345,0
          107.56099,16.40342,0
          107.56234,16.4008,0
          107.56242,16.40066,0
          107.56263,16.40023,0
          107.56264,16.4002,0
          107.56286,16.39975,0
          107.56286,16.3997,0
          107.56287,16.39965,0
          107.56319,16.39899,0
          107.5632,16.39895,0
          107.56334,16.39866,0
          107.56391,16.39769,0
          107.56426,16.39724,0
          107.5648,16.39669,0
          107.56494,16.39657,0
          107.56499,16.39652,0
          107.56508,16.39645,0
          107.5672,16.395,0
          107.56722,16.39499,0
          107.568,16.39446,0
          107.56836,16.39417,0
          107.56865,16.39398,0
          107.56907,16.39374,0
          107.5697,16.39349,0
          107.57008,16.39342,0
          107.57044,16.39339,0
          107.57079,16.39339,0
          107.57127,16.39344,0
          107.57179,16.39355,0
          107.57219,16.39365,0
          107.57358,16.39393,0
          107.57371,16.39395,0
          107.57463,16.39415,0
          107.57486,16.39419,0
          107.5749,16.39419,0
          107.57529,16.39428,0
          107.57538,16.39429,0
          107.57638,16.39448,0
          107.57639,16.39448,0
          107.57746,16.39469,0
          107.57761,16.39473,0
          107.57794,16.39478,0
          107.57805,16.39481,0
          107.57939,16.39505,0
          107.57986,16.39511,0
          107.5799,16.39511,0
          107.58036,16.39515,0
          107.5805,16.39514,0
          107.58156,16.39514,0
          107.58217,16.39511,0
          107.58303,16.39511,0
          107.58322,16.3951,0
          107.58472,16.3951,0
          107.5849,16.39509,0
          107.58521,16.39509,0
          107.58532,16.39508,0
          107.58563,16.39508,0
          107.58574,16.39507,0
          107.58626,16.39509,0
          107.58633,16.39511,0
          107.58637,16.39514,0
          107.58748,16.39514,0
          107.58834,16.39504,0
          107.58859,16.39499,0
          107.5886,16.39498,0
          107.58878,16.39495,0
          107.58896,16.39491,0
          107.58914,16.39488,0
          107.58969,16.39474,0
          107.5897,16.39474,0
          107.58975,16.39473,0
          107.59058,16.39447,0
          107.59059,16.39446,0
          107.59093,16.39433,0
          107.59095,16.39433,0
          107.59142,16.39413,0
          107.59228,16.3937,0
          107.59229,16.3937,0
          107.59262,16.39351,0
          107.59274,16.39343,0
          107.59276,16.39342,0
          107.59291,16.39332,0
          107.59293,16.39331,0
          107.59322,16.39311,0
          107.59325,16.3931,0
          107.59355,16.39288,0
          107.59366,16.39278,0
          107.59423,16.39231,0
          107.59426,16.39229,0
          107.59479,16.39183,0
          107.59482,16.39181,0
          107.59518,16.39149,0
          107.59579,16.39102,0
          107.59672,16.39042,0
          107.59676,16.39039,0
          107.59694,16.39032,0
          107.59744,16.3901,0
          107.59745,16.39009,0
          107.59757,16.39004,0
          107.5979,16.38988,0
          107.59791,16.38988,0
          107.59865,16.38954,0
          107.59876,16.3895,0
          107.59881,16.38947,0
          107.59998,16.38894,0
          107.60001,16.38893,0
          107.60059,16.38867,0
          107.60108,16.38841,0
          107.60111,16.38839,0
          107.6022,16.38788,0
          107.60266,16.3877,0
          107.60266,16.38769,0
          107.60267,16.38768,0
          107.60268,16.38766,0
          107.60269,16.38765,0
          107.60269,16.38764,0
          107.6027,16.38764,0
          107.60285,16.38755,0
          107.60329,16.38734,0
          107.60448,16.38681,0
          107.60529,16.38648,0
          107.60619,16.38617,0
          107.60774,16.38574,0
          107.60787,16.38571,0
          107.60792,16.38569,0
          107.60975,16.38517,0
          107.6102,16.38506,0
          107.61044,16.38499,0
          107.61057,16.38496,0
          107.61062,16.38494,0
          107.6108,16.38489,0
          107.61098,16.38483,0
          107.61134,16.38473,0
          107.61152,16.38467,0
          107.61253,16.38438,0
          107.6126,16.38437,0
          107.6135,16.38412,0
          107.6138,16.38402,0
          107.61385,16.38401,0
          107.61474,16.38372,0
          107.61516,16.3836,0
          107.61528,16.38358,0
          107.61535,16.38356,0
          107.61544,16.38356,0
          107.61545,16.38357,0
          107.61672,16.38309,0
          107.61677,16.38306,0
          107.61685,16.38304,0
          107.61805,16.38254,0
          107.61815,16.38249,0
          107.61839,16.38239,0
          107.61851,16.38233,0
          107.61907,16.38209,0
          107.61917,16.38204,0
          107.61952,16.3819,0
          107.61958,16.38186,0
          107.61969,16.38182,0
          107.62071,16.38137,0
          107.62073,16.38137,0
          107.62078,16.38134,0
          107.62105,16.38123,0
          107.62163,16.38097,0
          107.62174,16.38093,0
          107.62251,16.3806,0
          107.62259,16.38056,0
          107.62332,16.38025,0
          107.6245,16.37966,0
          107.62467,16.37956,0
          107.62526,16.37925,0
          107.62597,16.37885,0
          107.62614,16.37877,0
          107.62617,16.37875,0
          107.62663,16.3785,0
          107.6268,16.37842,0
          107.62683,16.3784,0
          107.62696,16.37833,0
          107.62699,16.37831,0
          107.62843,16.37753,0
          107.62846,16.37751,0
          107.62879,16.37734,0
          107.62946,16.37696,0
          107.63039,16.37647,0
          107.63042,16.37646,0
          107.63159,16.37587,0
          107.63221,16.3756,0
          107.63264,16.37544,0
          107.63278,16.37538,0
          107.63366,16.37508,0
          107.63451,16.37483,0
          107.63468,16.37479,0
          107.63477,16.37476,0
          107.63492,16.37473,0
          107.63517,16.37466,0
          107.63522,16.37465,0
          107.63532,16.37462,0
          107.63538,16.37461,0
          107.6354,16.3746,0
          107.63631,16.37437,0
          107.63647,16.37434,0
          107.63649,16.37433,0
          107.64048,16.37333,0
          107.64197,16.37292,0
          107.64335,16.37249,0
          107.64406,16.37224,0
          107.64411,16.37223,0
          107.64423,16.37218,0
          107.64441,16.37213,0
          107.64488,16.37197,0
          107.64493,16.37196,0
          107.64497,16.37194,0
          107.64502,16.37193,0
          107.64512,16.37189,0
          107.64562,16.37172,0
          107.64563,16.37172,0
          107.64565,16.37171,0
          107.64644,16.37143,0
          107.64651,16.37141,0
          107.64653,16.3714,0
          107.64686,16.37129,0
          107.64704,16.37124,0
          107.64706,16.37123,0
          107.64757,16.37106,0
          107.64792,16.37093,0
          107.64794,16.37092,0
          107.6481,16.37087,0
          107.64812,16.37086,0
          107.6483,16.37081,0
          107.64845,16.37075,0
          107.64848,16.37075,0
          107.64863,16.3707,0
          107.64865,16.37069,0
          107.64951,16.37039,0
          107.64971,16.37031,0
          107.64992,16.37024,0
          107.65038,16.37005,0
          107.65053,16.37,0
          107.65141,16.36957,0
          107.65205,16.36923,0
          107.65252,16.36895,0
          107.65283,16.36874,0
          107.65285,16.36872,0
          107.65298,16.36863,0
          107.65308,16.36857,0
          107.65345,16.36829,0
          107.65428,16.3676,0
          107.6543,16.36759,0
          107.65439,16.36751,0
          107.65481,16.36709,0
          107.65483,16.36708,0
          107.65494,16.36696,0
          107.65496,16.36695,0
          107.65507,16.36683,0
          107.6551,16.36681,0
          107.65558,16.3663,0
          107.6556,16.36629,0
          107.65561,16.36627,0
          107.65581,16.36602,0
          107.65582,16.366,0
          107.65594,16.36586,0
          107.65636,16.36529,0
          107.65637,16.36527,0
          107.65646,16.36514,0
          107.65654,16.36504,0
          107.65668,16.36482,0
          107.65674,16.36475,0
          107.65678,16.36467,0
          107.65687,16.36454,0
          107.65688,16.36452,0
          107.65697,16.36439,0
          107.65698,16.36437,0
          107.65699,16.36436,0
          107.65735,16.36379,0
          107.65737,16.36375,0
          107.65745,16.36362,0
          107.65747,16.3636,0
          107.65785,16.36298,0
          107.65794,16.36285,0
          107.65834,16.36221,0
          107.65843,16.36208,0
          107.65851,16.36194,0
          107.65891,16.36131,0
          107.65893,16.36129,0
          107.65901,16.36116,0
          107.65903,16.36114,0
          107.65912,16.36098,0
          107.6596,16.36024,0
          107.65962,16.36022,0
          107.65967,16.36014,0
          107.65971,16.36009,0
          107.65972,16.36007,0
          107.65981,16.35994,0
          107.65983,16.35992,0
          107.65992,16.35979,0
          107.65993,16.35978,0
          107.66015,16.35948,0
          107.66025,16.35936,0
          107.66026,16.35934,0
          107.66034,16.35924,0
          107.66037,16.35922,0
          107.6605,16.35906,0
          107.66073,16.35881,0
          107.66073,16.3588,0
          107.66075,16.35879,0
          107.66086,16.35867,0
          107.66087,16.35865,0
          107.661,16.35852,0
          107.66112,16.35838,0
          107.66148,16.358,0
          107.6615,16.35799,0
          107.6617,16.35779,0
          107.66175,16.35775,0
          107.66177,16.35773,0
          107.66186,16.35766,0
          107.66191,16.35761,0
          107.66194,16.35759,0
          107.66237,16.35723,0
          107.66243,16.35719,0
          107.66325,16.35657,0
          107.66326,16.35656,0
          107.66454,16.35559,0
          107.66457,16.35556,0
          107.66483,16.35536,0
          107.66487,16.35534,0
          107.66498,16.35525,0
          107.66502,16.35523,0
          107.66557,16.35481,0
          107.66561,16.35479,0
          107.66591,16.35457,0
          107.66602,16.35448,0
          107.66635,16.35424,0
          107.66693,16.35378,0
          107.66842,16.35268,0
          107.66844,16.35267,0
          107.66856,16.35257,0
          107.66871,16.35246,0
          107.66885,16.35234,0
          107.66929,16.352,0
          107.66939,16.35191,0
          107.66954,16.3518,0
          107.66957,16.35177,0
          107.66986,16.35153,0
          107.66989,16.35151,0
          107.66996,16.35144,0
          107.67,16.35141,0
          107.67097,16.35056,0
          107.671,16.35054,0
          107.6711,16.35044,0
          107.67237,16.34937,0
          107.6725,16.34925,0
          107.67261,16.34916,0
          107.67261,16.34915,0
          107.67264,16.34913,0
          107.67337,16.3485,0
          107.67338,16.3485,0
          107.67348,16.34841,0
          107.67352,16.34838,0
          107.67357,16.34833,0
          107.67359,16.34832,0
          107.67429,16.34771,0
          107.67436,16.34764,0
          107.67523,16.34688,0
          107.67525,16.34687,0
          107.67591,16.34628,0
          107.67592,16.34628,0
          107.67621,16.34602,0
          107.67677,16.34557,0
          107.67679,16.34555,0
          107.67685,16.34551,0
          107.67738,16.34508,0
          107.67743,16.34503,0
          107.67749,16.34499,0
          107.67751,16.34497,0
          107.67792,16.34465,0
          107.67794,16.34463,0
          107.67935,16.34357,0
          107.6794,16.34354,0
          107.67942,16.34352,0
          107.68005,16.34305,0
          107.68014,16.34299,0
          107.6802,16.34294,0
          107.68035,16.34284,0
          107.68044,16.34277,0
          107.68046,16.34276,0
          107.68089,16.34245,0
          107.68095,16.3424,0
          107.68106,16.34233,0
          107.68149,16.34202,0
          107.68151,16.342,0
          107.68208,16.34158,0
          107.6821,16.34156,0
          107.68233,16.34139,0
          107.68237,16.34135,0
          107.6824,16.34134,0
          107.68248,16.34128,0
          107.68248,16.34127,0
          107.68267,16.34113,0
          107.68269,16.34112,0
          107.68295,16.34093,0
          107.68307,16.34083,0
          107.68326,16.34069,0
          107.68328,16.34067,0
          107.68351,16.34051,0
          107.68356,16.34047,0
          107.68358,16.34046,0
          107.68401,16.34015,0
          107.68405,16.34011,0
          107.68411,16.34007,0
          107.68412,16.34007,0
          107.68431,16.33993,0
          107.68433,16.33991,0
          107.68456,16.33974,0
          107.68471,16.33964,0
          107.68555,16.33903,0
          107.68561,16.33898,0
          107.68623,16.33858,0
          107.68698,16.33804,0
          107.68709,16.33797,0
          107.68713,16.33793,0
          107.68755,16.33757,0
          107.68759,16.33753,0
          107.68773,16.33742,0
          107.68784,16.33735,0
          107.68803,16.3372,0
          107.68863,16.33677,0
          107.68865,16.33675,0
          107.68937,16.33622,0
          107.68941,16.33615,0
          107.68944,16.33612,0
          107.69068,16.33523,0
          107.69094,16.33502,0
          107.69097,16.33499,0
          107.69377,16.33295,0
          107.69479,16.33217,0
          107.6948,16.33217,0
          107.69596,16.33135,0
          107.69717,16.33043,0
          107.69725,16.33036,0
          107.69804,16.32974,0
          107.69804,16.32973,0
          107.69833,16.32951,0
          107.69833,16.3295,0
          107.69851,16.32935,0
          107.69888,16.32901,0
          107.69914,16.32879,0
          107.69918,16.32877,0
          107.69919,16.32876,0
          107.69921,16.32876,0
          107.69978,16.32822,0
          107.70024,16.32776,0
          107.7003,16.32769,0
          107.70033,16.32767,0
          107.70084,16.32715,0
          107.70089,16.32711,0
          107.70096,16.32703,0
          107.70164,16.32635,0
          107.70171,16.32629,0
          107.7023,16.32571,0
          107.70232,16.3257,0
          107.70243,16.32558,0
          107.70417,16.32383,0
          107.70441,16.32356,0
          107.70459,16.32338,0
          107.7046,16.32338,0
          107.70485,16.32311,0
          107.70498,16.32299,0
          107.70498,16.32298,0
          107.70534,16.32262,0
          107.70536,16.32259,0
          107.70537,16.32259,0
          107.70629,16.3217,0
          107.7063,16.3217,0
          107.70664,16.32137,0
          107.70758,16.3204,0
          107.70759,16.3204,0
          107.70761,16.32037,0
          107.70786,16.32011,0
          107.70805,16.31993,0
          107.70843,16.31953,0
          107.70918,16.31879,0
          107.7101,16.31784,0
          107.71055,16.3174,0
          107.71056,16.31736,0
          107.71056,16.31734,0
          107.71057,16.31732,0
          107.71057,16.31731,0
          107.71102,16.31687,0
          107.71102,16.31686,0
          107.71111,16.31677,0
          107.71114,16.31675,0
          107.71121,16.31667,0
          107.71129,16.3166,0
          107.71168,16.31622,0
          107.7117,16.31621,0
          107.71181,16.31609,0
          107.71194,16.31597,0
          107.71203,16.31587,0
          107.7122,16.3157,0
          107.71227,16.31564,0
          107.71324,16.31467,0
          107.7142,16.31367,0
          107.71421,16.31365,0
          107.71583,16.31203,0
          107.71586,16.31201,0
          107.71587,16.312,0
          107.71591,16.31198,0
          107.71595,16.31198,0
          107.7162,16.31174,0
          107.71665,16.31127,0
          107.71669,16.31124,0
          107.71686,16.31106,0
          107.71741,16.31053,0
          107.71747,16.31046,0
          107.71764,16.3103,0
          107.71764,16.31029,0
          107.71788,16.31001,0
          107.71789,16.30999,0
          107.71796,16.30991,0
          107.71816,16.30963,0
          107.71817,16.30962,0
          107.71846,16.30909,0
          107.71866,16.30859,0
          107.71872,16.30835,0
          107.71883,16.30778,0
          107.71883,16.30776,0
          107.71882,16.30775,0
          107.71882,16.30773,0
          107.71881,16.30771,0
          107.71879,16.30715,0
          107.71877,16.307,0
          107.71876,16.30696,0
          107.71873,16.30672,0
          107.7187,16.3066,0
          107.71868,16.30648,0
          107.71856,16.30608,0
          107.71843,16.30572,0
          107.71836,16.30558,0
          107.71834,16.30555,0
          107.71828,16.30543,0
          107.71779,16.30468,0
          107.71774,16.30458,0
          107.71773,16.30455,0
          107.71772,16.30454,0
          107.71772,16.30451,0
          107.71771,16.30449,0
          107.71685,16.30333,0
          107.71634,16.30258,0
          107.71633,16.30256,0
          107.71624,16.30243,0
          107.71622,16.30241,0
          107.71613,16.30228,0
          107.71612,16.30226,0
          107.71464,16.30021,0
          107.71459,16.30013,0
          107.71354,16.29874,0
          107.71321,16.29826,0
          107.71281,16.29757,0
          107.7128,16.29756,0
          107.71256,16.29705,0
          107.7125,16.29694,0
          107.71248,16.29689,0
          107.71248,16.29688,0
          107.71215,16.29608,0
          107.71189,16.29525,0
          107.7117,16.2945,0
          107.7117,16.29449,0
          107.71168,16.29441,0
          107.71156,16.29363,0
          107.71155,16.2936,0
          107.71152,16.29329,0
          107.71152,16.29249,0
          107.71144,16.29161,0
          107.71142,16.29123,0
          107.7114,16.29108,0
          107.71135,16.29018,0
          107.71133,16.28998,0
          107.71128,16.28964,0
          107.7112,16.2893,0
          107.711,16.28881,0
          107.71083,16.28846,0
          107.71075,16.28832,0
          107.71074,16.28831,0
          107.71065,16.28815,0
          107.71064,16.28814,0
          107.71044,16.28786,0
          107.71044,16.28785,0
          107.71023,16.2876,0
          107.71003,16.2874,0
          107.70975,16.28715,0
          107.70892,16.28654,0
          107.70875,16.2864,0
          107.70861,16.28627,0
          107.7086,16.28627,0
          107.70823,16.28591,0
          107.70801,16.28567,0
          107.70773,16.28531,0
          107.70747,16.28488,0
          107.7074,16.28473,0
          107.70731,16.2845,0
          107.70729,16.28442,0
          107.70728,16.28435,0
          107.70727,16.28432,0
          107.70725,16.28417,0
          107.70723,16.28383,0
          107.70723,16.28361,0
          107.70725,16.28327,0
          107.70723,16.28269,0
          107.70722,16.28257,0
          107.70722,16.28242,0
          107.70724,16.28221,0
          107.70725,16.28181,0
          107.70724,16.2817,0
          107.70724,16.28156,0
          107.70722,16.28132,0
          107.70715,16.28096,0
          107.70708,16.28072,0
          107.70705,16.28066,0
          107.707,16.28053,0
          107.70694,16.2804,0
          107.70668,16.27994,0
          107.7066,16.27983,0
          107.70651,16.27969,0
          107.70629,16.27942,0
          107.7059,16.27898,0
          107.70576,16.27884,0
          107.70543,16.27847,0
          107.70476,16.27779,0
          107.70449,16.27754,0
          107.7041,16.27715,0
          107.70386,16.27693,0
          107.7038,16.27685,0
          107.70354,16.27655,0
          107.70314,16.27605,0
          107.70276,16.27565,0
          107.70262,16.27549,0
          107.70177,16.27434,0
          107.70127,16.27347,0
          107.70085,16.27267,0
          107.70063,16.27216,0
          107.69972,16.26976,0
          107.69967,16.26958,0
          107.69966,16.26958,0
          107.69961,16.26927,0
          107.69961,16.26923,0
          107.69953,16.26878,0
          107.69951,16.26848,0
          107.69951,16.26834,0
          107.69952,16.2682,0
          107.69952,16.26798,0
          107.69953,16.26779,0
          107.69953,16.267,0
          107.69955,16.26654,0
          107.69962,16.26604,0
          107.69994,16.26423,0
          107.70009,16.26353,0
          107.7001,16.26344,0
          107.70022,16.26302,0
          107.70032,16.2625,0
          107.70036,16.26219,0
          107.70037,16.26193,0
          107.70035,16.26165,0
          107.70025,16.26103,0
          107.70021,16.26093,0
          107.70016,16.26072,0
          107.70008,16.2605,0
          107.69997,16.26027,0
          107.69975,16.25993,0
          107.69947,16.25958,0
          107.69891,16.25895,0
          107.6989,16.25893,0
          107.69867,16.25865,0
          107.69863,16.25861,0
          107.69843,16.25837,0
          107.69834,16.25825,0
          107.69803,16.25789,0
          107.69785,16.25757,0
          107.69777,16.25736,0
          107.69763,16.25673,0
          107.69757,16.25638,0
          107.69751,16.25568,0
          107.69752,16.25496,0
          107.69749,16.25425,0
          107.69749,16.25395,0
          107.69746,16.25369,0
          107.69742,16.25347,0
          107.69737,16.25329,0
          107.69724,16.25297,0
          107.6971,16.25267,0
          107.69624,16.25113,0
          107.69583,16.2503,0
          107.69574,16.25016,0
          107.69569,16.25007,0
          107.69565,16.25001,0
          107.69539,16.24953,0
          107.69518,16.24903,0
          107.69505,16.24867,0
          107.69492,16.24818,0
          107.69486,16.24756,0
          107.69486,16.24655,0
          107.69485,16.24637,0
          107.69485,16.24619,0
          107.69483,16.24583,0
          107.69482,16.24578,0
          107.69483,16.24518,0
          107.69489,16.24477,0
          107.69507,16.24424,0
          107.69508,16.24422,0
          107.69521,16.24372,0
          107.69527,16.24355,0
          107.69564,16.24263,0
          107.69587,16.24228,0
          107.69611,16.24204,0
          107.69623,16.24194,0
          107.69636,16.24185,0
          107.69665,16.2417,0
          107.69672,16.24167,0
          107.69682,16.24164,0
          107.69689,16.24161,0
          107.69696,16.24159,0
          107.697,16.24159,0
          107.69707,16.24157,0
          107.69726,16.24154,0
          107.69759,16.24151,0
          107.69824,16.2415,0
          107.69838,16.24149,0
          107.69849,16.24149,0
          107.69862,16.24148,0
          107.699,16.24143,0
          107.69947,16.24129,0
          107.70051,16.24077,0
          107.70057,16.24073,0
          107.7008,16.24061,0
          107.7013,16.24032,0
          107.70175,16.24009,0
          107.70192,16.24002,0
          107.70207,16.23997,0
          107.70211,16.23995,0
          107.7023,16.2399,0
          107.70258,16.23984,0
          107.70279,16.23981,0
          107.70303,16.23979,0
          107.70313,16.23979,0
          107.70354,16.23976,0
          107.70383,16.23972,0
          107.70386,16.23972,0
          107.70396,16.2397,0
          107.70398,16.2397,0
          107.70414,16.23966,0
          107.70424,16.23962,0
          107.70443,16.23956,0
          107.70474,16.23942,0
          107.70499,16.23928,0
          107.7052,16.23913,0
          107.7055,16.23886,0
          107.70554,16.2388,0
          107.70558,16.23876,0
          107.70569,16.23862,0
          107.70585,16.23833,0
          107.70606,16.23784,0
          107.70613,16.23757,0
          107.70614,16.2375,0
          107.70615,16.23748,0
          107.70615,16.23744,0
          107.70619,16.23727,0
          107.70626,16.23704,0
          107.70635,16.23679,0
          107.70643,16.23663,0
          107.70655,16.23642,0
          107.70657,16.2364,0
          107.70671,16.23622,0
          107.70719,16.23572,0
          107.70719,16.23571,0
          107.70743,16.23545,0
          107.70744,16.23545,0
          107.70775,16.2351,0
          107.70794,16.23492,0
          107.70825,16.23465,0
          107.7085,16.23445,0
          107.70852,16.23443,0
          107.70886,16.23416,0
          107.70941,16.23381,0
          107.70941,16.2338,0
          107.70966,16.23364,0
          107.70971,16.2336,0
          107.70972,16.2336,0
          107.71015,16.23333,0
          107.71035,16.23323,0
          107.71036,16.23322,0
          107.71051,16.23314,0
          107.71052,16.23313,0
          107.71084,16.23296,0
          107.71085,16.23296,0
          107.71156,16.23257,0
          107.71176,16.23247,0
          107.71179,16.23246,0
          107.71202,16.23233,0
          107.71219,16.23225,0
          107.71235,16.23216,0
          107.71252,16.23208,0
          107.71301,16.23182,0
          107.71366,16.2314,0
          107.71406,16.23109,0
          107.71416,16.231,0
          107.71427,16.23087,0
          107.71444,16.23063,0
          107.71448,16.23055,0
          107.71451,16.23046,0
          107.7147,16.22999,0
          107.71474,16.22992,0
          107.71493,16.22951,0
          107.71498,16.22943,0
          107.71506,16.22907,0
          107.71511,16.22872,0
          107.71511,16.22865,0
          107.71562,16.22643,0
          107.71565,16.22636,0
          107.7157,16.22627,0
          107.71593,16.22572,0
          107.71618,16.22522,0
          107.71653,16.22466,0
          107.71654,16.22463,0
          107.71666,16.22442,0
          107.71681,16.2242,0
          107.71699,16.22385,0
          107.71736,16.22294,0
          107.71738,16.2229,0
          107.71754,16.22247,0
          107.71759,16.22227,0
          107.71765,16.22192,0
          107.71765,16.22185,0
          107.71767,16.22171,0
          107.71767,16.22149,0
          107.71765,16.22132,0
          107.71761,16.22078,0
          107.71761,16.2207,0
          107.71756,16.22042,0
          107.71755,16.22032,0
          107.71753,16.22024,0
          107.7175,16.22007,0
          107.71744,16.2199,0
          107.71742,16.21981,0
          107.71734,16.21956,0
          107.71734,16.21955,0
          107.71728,16.21937,0
          107.71727,16.21927,0
          107.71724,16.21918,0
          107.71722,16.21901,0
          107.71722,16.21886,0
          107.71723,16.21879,0
          107.71728,16.21859,0
          107.71728,16.21858,0
          107.71731,16.21847,0
          107.7174,16.21825,0
          107.71742,16.21818,0
          107.71792,16.21709,0
          107.71796,16.21698,0
          107.71797,16.21697,0
          107.71815,16.2165,0
          107.71815,16.21649,0
          107.71861,16.21558,0
          107.71881,16.215,0
          107.71886,16.2149,0
          107.71914,16.21426,0
          107.71921,16.21406,0
          107.71938,16.21369,0
          107.71945,16.21358,0
          107.71948,16.21352,0
          107.71976,16.21313,0
          107.71982,16.21306,0
          107.71987,16.21298,0
          107.71988,16.21297,0
          107.71996,16.21283,0
          107.72004,16.21266,0
          107.72009,16.21257,0
          107.7202,16.21234,0
          107.72041,16.21196,0
          107.72046,16.2119,0
          107.72057,16.21171,0
          107.72071,16.2115,0
          107.72081,16.21131,0
          107.72084,16.21124,0
          107.72091,16.21102,0
          107.72094,16.21085,0
          107.72094,16.21068,0
          107.72095,16.21067,0
          107.72097,16.21048,0
          107.72101,16.21028,0
          107.72105,16.21019,0
          107.72106,16.21015,0
          107.72108,16.2101,0
          107.72114,16.20998,0
          107.72123,16.20983,0
          107.72134,16.20961,0
          107.72165,16.20909,0
          107.72182,16.20877,0
          107.72211,16.20827,0
          107.72233,16.20794,0
          107.72236,16.20791,0
          107.72237,16.20789,0
          107.72241,16.20788,0
          107.72253,16.20765,0
          107.72253,16.20763,0
          107.72256,16.20758,0
          107.72276,16.20715,0
          107.72276,16.20714,0
          107.72293,16.20683,0
          107.72297,16.20678,0
          107.72301,16.20672,0
          107.72309,16.20658,0
          107.72321,16.20641,0
          107.72322,16.20641,0
          107.72356,16.20588,0
          107.72374,16.20557,0
          107.72393,16.2053,0
          107.72434,16.20465,0
          107.72479,16.20386,0
          107.72514,16.20332,0
          107.72558,16.20258,0
          107.72558,16.20257,0
          107.72617,16.20163,0
          107.7262,16.20157,0
          107.72626,16.20149,0
          107.72683,16.20045,0
          107.72698,16.20014,0
          107.72699,16.20013,0
          107.72699,16.20012,0
          107.72726,16.19952,0
          107.72737,16.19922,0
          107.72739,16.19914,0
          107.7274,16.19914,0
          107.7274,16.19912,0
          107.72747,16.19888,0
          107.72754,16.19852,0
          107.7276,16.19828,0
          107.72763,16.19799,0
          107.72764,16.19795,0
          107.72769,16.19753,0
          107.72775,16.19675,0
          107.72777,16.19494,0
          107.7278,16.19466,0
          107.72787,16.19439,0
          107.72795,16.19415,0
          107.728,16.19407,0
          107.72837,16.19333,0
          107.72846,16.19317,0
          107.7285,16.19311,0
          107.72854,16.19303,0
          107.72855,16.19302,0
          107.72855,16.19301,0
          107.72884,16.19247,0
          107.72889,16.19239,0
          107.72889,16.19237,0
          107.72893,16.19231,0
          107.72922,16.19174,0
          107.72923,16.19173,0
          107.72929,16.19161,0
          107.7293,16.19158,0
          107.72945,16.19124,0
          107.72957,16.19088,0
          107.7296,16.19072,0
          107.7296,16.19068,0
          107.72966,16.19038,0
          107.72966,16.19032,0
          107.72969,16.19014,0
          107.7297,16.19,0
          107.7297,16.1897,0
          107.72965,16.18915,0
          107.72958,16.18875,0
          107.72954,16.18858,0
          107.72947,16.18841,0
          107.72941,16.18824,0
          107.72938,16.18818,0
          107.72932,16.18808,0
          107.7293,16.18803,0
          107.72921,16.1879,0
          107.72903,16.18769,0
          107.72884,16.1875,0
          107.72867,16.18736,0
          107.72842,16.18719,0
          107.72835,16.18715,0
          107.72811,16.18698,0
          107.7279,16.18688,0
          107.72748,16.18664,0
          107.7271,16.18647,0
          107.72659,16.18615,0
          107.7265,16.18608,0
          107.72559,16.18526,0
          107.72555,16.18525,0
          107.72546,16.18519,0
          107.72539,16.18513,0
          107.72497,16.18471,0
          107.72398,16.18377,0
          107.72384,16.18365,0
          107.72374,16.18355,0
          107.72335,16.18309,0
          107.72287,16.18227,0
          107.72267,16.1818,0
          107.72261,16.18156,0
          107.72259,16.18132,0
          107.72258,16.18129,0
          107.72252,16.18021,0
          107.7225,16.17931,0
          107.72247,16.17877,0
          107.72247,16.17859,0
          107.72246,16.17841,0
          107.7224,16.17798,0
          107.72234,16.17776,0
          107.72197,16.17687,0
          107.72196,16.17686,0
          107.72181,16.17651,0
          107.72179,16.17643,0
          107.72178,16.17641,0
          107.72178,16.17636,0
          107.72179,16.17634,0
          107.72156,16.17587,0
          107.72141,16.17553,0
          107.72141,16.17552,0
          107.72127,16.17519,0
          107.72108,16.17468,0
          107.72097,16.17434,0
          107.72089,16.17415,0
          107.72078,16.17385,0
          107.72076,16.17377,0
          107.72072,16.17352,0
          107.72071,16.1734,0
          107.72072,16.17315,0
          107.72078,16.17285,0
          107.72079,16.17283,0
          107.72083,16.17266,0
          107.72086,16.17257,0
          107.72098,16.17227,0
          107.72113,16.17201,0
          107.72117,16.17196,0
          107.72143,16.17168,0
          107.72161,16.17153,0
          107.72182,16.1714,0
          107.72186,16.17137,0
          107.72187,16.17137,0
          107.72212,16.17125,0
          107.72332,16.17079,0
          107.7241,16.17047,0
          107.72503,16.17014,0
          107.7251,16.17011,0
          107.72582,16.16985,0
          107.72664,16.16953,0
          107.72683,16.16943,0
          107.72693,16.16937,0
          107.72711,16.16928,0
          107.72772,16.16889,0
          107.72811,16.16855,0
          107.72815,16.16852,0
          107.72836,16.16831,0
          107.72847,16.16817,0
          107.72855,16.16809,0
          107.72881,16.16765,0
          107.72887,16.16756,0
          107.7289,16.1675,0
          107.72891,16.16749,0
          107.72908,16.16718,0
          107.72908,16.16717,0
          107.72946,16.1664,0
          107.72962,16.16593,0
          107.72962,16.16591,0
          107.7297,16.16557,0
          107.7297,16.16554,0
          107.72976,16.16521,0
          107.72976,16.16513,0
          107.72978,16.16499,0
          107.7298,16.16469,0
          107.72978,16.16422,0
          107.72977,16.16412,0
          107.72977,16.16406,0
          107.72975,16.16386,0
          107.72973,16.16376,0
          107.7297,16.16346,0
          107.72959,16.1628,0
          107.72958,16.16269,0
          107.72953,16.16235,0
          107.72945,16.16162,0
          107.72936,16.16112,0
          107.72935,16.16109,0
          107.72934,16.16103,0
          107.72934,16.16101,0
          107.72928,16.16056,0
          107.72923,16.15955,0
          107.72926,16.15914,0
          107.72926,16.15908,0
          107.72927,16.15905,0
          107.72938,16.15843,0
          107.72947,16.15809,0
          107.72947,16.15807,0
          107.72949,16.158,0
          107.72954,16.15787,0
          107.72959,16.1577,0
          107.72979,16.15725,0
          107.73019,16.15644,0
          107.73026,16.15627,0
          107.73027,16.15627,0
          107.73039,16.15602,0
          107.73043,16.15595,0
          107.73043,16.15594,0
          107.7306,16.15562,0
          107.73089,16.15512,0
          107.73131,16.15425,0
          107.73135,16.15418,0
          107.73136,16.15417,0
          107.73138,16.15414,0
          107.7314,16.15409,0
          107.73167,16.15354,0
          107.73167,16.15352,0
          107.73172,16.15344,0
          107.73174,16.15338,0
          107.73176,16.15335,0
          107.73183,16.15321,0
          107.73184,16.1532,0
          107.73188,16.15311,0
          107.73196,16.15296,0
          107.73199,16.15289,0
          107.73225,16.15239,0
          107.7323,16.15231,0
          107.73274,16.15144,0
          107.73292,16.15111,0
          107.7332,16.15068,0
          107.73341,16.15043,0
          107.73409,16.14982,0
          107.73415,16.14979,0
          107.73447,16.1496,0
          107.73448,16.14959,0
          107.73457,16.14955,0
          107.73463,16.14951,0
          107.73481,16.14942,0
          107.73524,16.14926,0
          107.73568,16.14914,0
          107.7358,16.14913,0
          107.73643,16.14903,0
          107.74034,16.14863,0
          107.74045,16.14861,0
          107.74058,16.1486,0
          107.7419,16.14843,0
          107.74194,16.14843,0
          107.7423,16.14837,0
          107.74238,16.14835,0
          107.74286,16.14827,0
          107.74311,16.14821,0
          107.74312,16.14821,0
          107.74385,16.14807,0
          107.74386,16.14806,0
          107.74534,16.14774,0
          107.74549,16.1477,0
          107.7456,16.14768,0
          107.74567,16.14766,0
          107.74604,16.14758,0
          107.74614,16.14755,0
          107.7464,16.14749,0
          107.74642,16.14749,0
          107.74669,16.14742,0
          107.74676,16.14741,0
          107.74747,16.14724,0
          107.74748,16.14724,0
          107.74785,16.14715,0
          107.74786,16.14715,0
          107.74851,16.147,0
          107.74857,16.14698,0
          107.74858,16.14698,0
          107.74875,16.14693,0
          107.74876,16.14693,0
          107.7488,16.14692,0
          107.74904,16.14683,0
          107.7491,16.1468,0
          107.74911,16.1468,0
          107.74974,16.14656,0
          107.74981,16.14654,0
          107.75047,16.14628,0
          107.75051,16.14627,0
          107.75061,16.14623,0
          107.75065,16.14622,0
          107.75188,16.14575,0
          107.75189,16.14575,0
          107.75195,16.14573,0
          107.75196,16.14572,0
          107.75216,16.14565,0
          107.75223,16.14562,0
          107.75224,16.14562,0
          107.7524,16.14555,0
          107.75241,16.14555,0
          107.75327,16.14522,0
          107.7536,16.14508,0
          107.75378,16.14502,0
          107.75379,16.14501,0
          107.75381,16.145,0
          107.75382,16.145,0
          107.75578,16.14424,0
          107.75582,16.14422,0
          107.7564,16.144,0
          107.75644,16.14398,0
          107.75648,16.14397,0
          107.75657,16.14393,0
          107.75677,16.14386,0
          107.75678,16.14386,0
          107.75741,16.14364,0
          107.75745,16.14363,0
          107.75763,16.14356,0
          107.75764,16.14356,0
          107.75795,16.14345,0
          107.75797,16.14344,0
          107.75798,16.14343,0
          107.75828,16.14332,0
          107.7583,16.14332,0
          107.75831,16.14331,0
          107.75893,16.14308,0
          107.75894,16.14307,0
          107.7592,16.14297,0
          107.75922,16.14297,0
          107.75926,16.14295,0
          107.75927,16.14294,0
          107.75991,16.14268,0
          107.75993,16.14268,0
          107.76075,16.14234,0
          107.76076,16.14234,0
          107.76089,16.14228,0
          107.76092,16.14227,0
          107.76107,16.1422,0
          107.76108,16.1422,0
          107.7617,16.14194,0
          107.76173,16.14194,0
          107.76204,16.1418,0
          107.76214,16.14177,0
          107.76512,16.14059,0
          107.76522,16.14054,0
          107.76526,16.14053,0
          107.76547,16.14045,0
          107.76598,16.14021,0
          107.76633,16.14003,0
          107.76641,16.13998,0
          107.76645,16.13996,0
          107.76651,16.13992,0
          107.76657,16.13989,0
          107.76677,16.13975,0
          107.76679,16.13973,0
          107.76721,16.13945,0
          107.76738,16.13931,0
          107.76764,16.13913,0
          107.7677,16.1391,0
          107.76809,16.13884,0
          107.76826,16.13875,0
          107.76841,16.13864,0
          107.76848,16.13861,0
          107.76857,16.13855,0
          107.76892,16.13835,0
          107.76975,16.13797,0
          107.76985,16.13794,0
          107.77024,16.13777,0
          107.77033,16.13774,0
          107.77063,16.13762,0
          107.77069,16.13759,0
          107.77076,16.13757,0
          107.77093,16.13749,0
          107.77099,16.13747,0
          107.77199,16.13701,0
          107.77208,16.13696,0
          107.77212,16.13695,0
          107.77228,16.13687,0
          107.77229,16.13687,0
          107.77254,16.13674,0
          107.77262,16.13671,0
          107.77267,16.13668,0
          107.77274,16.13665,0
          107.77311,16.13645,0
          107.77316,16.13643,0
          107.77321,16.1364,0
          107.77384,16.13609,0
          107.77401,16.13603,0
          107.77412,16.13598,0
          107.77413,16.13598,0
          107.7743,16.13592,0
          107.7743,16.13591,0
          107.77442,16.13588,0
          107.77476,16.13582,0
          107.77489,16.13581,0
          107.77494,16.13582,0
          107.77502,16.13581,0
          107.77533,16.13584,0
          107.77559,16.1359,0
          107.77578,16.13596,0
          107.77602,16.13606,0
          107.77612,16.13611,0
          107.7774,16.13686,0
          107.77757,16.13695,0
          107.77801,16.13722,0
          107.77829,16.13737,0
          107.77863,16.13753,0
          107.77872,16.13756,0
          107.77903,16.13764,0
          107.77904,16.13764,0
          107.77912,16.13766,0
          107.77941,16.13769,0
          107.77949,16.13768,0
          107.7796,16.13768,0
          107.77986,16.13765,0
          107.78008,16.13761,0
          107.7804,16.13751,0
          107.78066,16.13737,0
          107.78069,16.13736,0
          107.7809,16.13724,0
          107.78097,16.13718,0
          107.78112,16.13709,0
          107.78113,16.13708,0
          107.78121,16.13703,0
          107.78126,16.13699,0
          107.78128,16.13698,0
          107.78184,16.13662,0
          107.78194,16.13657,0
          107.78202,16.13652,0
          107.78205,16.13651,0
          107.78209,16.13649,0
          107.78241,16.13629,0
          107.78247,16.13624,0
          107.78249,16.13623,0
          107.78256,16.13617,0
          107.78266,16.13612,0
          107.78266,16.13611,0
          107.78294,16.13595,0
          107.78298,16.13594,0
          107.78315,16.13588,0
          107.78335,16.13584,0
          107.7836,16.13581,0
          107.78372,16.13582,0
          107.78387,16.13582,0
          107.78399,16.13583,0
          107.78409,16.13583,0
          107.78447,16.13592,0
          107.78453,16.13595,0
          107.78474,16.13602,0
          107.785,16.13612,0
          107.78516,16.1362,0
          107.78526,16.13624,0
          107.78543,16.13633,0
          107.78551,16.13638,0
          107.7862,16.13676,0
          107.78626,16.1368,0
          107.78629,16.13681,0
          107.78653,16.13693,0
          107.78706,16.13717,0
          107.78726,16.13724,0
          107.78755,16.13731,0
          107.78786,16.13734,0
          107.7881,16.13733,0
          107.78836,16.1373,0
          107.78881,16.13719,0
          107.78889,16.13716,0
          107.78897,16.13714,0
          107.78941,16.13695,0
          107.78985,16.13678,0
          107.78986,16.13677,0
          107.79011,16.13669,0
          107.79057,16.13661,0
          107.79081,16.13661,0
          107.791,16.13662,0
          107.79112,16.13664,0
          107.7912,16.13666,0
          107.79123,16.13666,0
          107.79165,16.1368,0
          107.79191,16.1369,0
          107.79202,16.13695,0
          107.79208,16.13697,0
          107.79243,16.13712,0
          107.79252,16.13715,0
          107.79278,16.13726,0
          107.79279,16.13726,0
          107.79309,16.13741,0
          107.79312,16.13742,0
          107.79313,16.13742,0
          107.79378,16.13775,0
          107.79393,16.13781,0
          107.79409,16.13786,0
          107.79414,16.13787,0
          107.79414,16.13788,0
          107.79425,16.13791,0
          107.79447,16.13795,0
          107.79451,16.13795,0
          107.79454,16.13796,0
          107.79504,16.13795,0
          107.79525,16.13792,0
          107.7953,16.1379,0
          107.79597,16.13773,0
          107.79615,16.13767,0
          107.79648,16.13758,0
          107.79666,16.13752,0
          107.79668,16.13751,0
          107.79669,16.13751,0
          107.7977,16.1372,0
          107.7981,16.13706,0
          107.79811,16.13706,0
          107.79815,16.13704,0
          107.79826,16.13701,0
          107.79828,16.137,0
          107.79887,16.13682,0
          107.79897,16.13678,0
          107.79899,16.13678,0
          107.799,16.13677,0
          107.79958,16.1366,0
          107.79959,16.1366,0
          107.79971,16.13656,0
          107.79972,16.13655,0
          107.79986,16.13651,0
          107.79988,16.1365,0
          107.79989,16.13649,0
          107.79998,16.13647,0
          107.80004,16.13645,0
          107.80006,16.13644,0
          107.80007,16.13643,0
          107.80024,16.13638,0
          107.80025,16.13638,0
          107.80029,16.13636,0
          107.80039,16.13633,0
          107.80041,16.13632,0
          107.80043,16.13632,0
          107.8011,16.1361,0
          107.80118,16.13608,0
          107.80146,16.13599,0
          107.80148,16.13598,0
          107.80153,16.13597,0
          107.80165,16.13593,0
          107.80166,16.13593,0
          107.80182,16.1359,0
          107.80184,16.13589,0
          107.80203,16.13586,0
          107.80216,16.13583,0
          107.80256,16.1358,0
          107.80267,16.1358,0
          107.80294,16.13578,0
          107.80301,16.13578,0
          107.80315,16.13577,0
          107.80322,16.13577,0
          107.80365,16.13573,0
          107.80368,16.13572,0
          107.80376,16.13571,0
          107.80389,16.13568,0
          107.80417,16.1356,0
          107.80442,16.1355,0
          107.80443,16.1355,0
          107.80524,16.13512,0
          107.80526,16.13512,0
          107.80555,16.135,0
          107.80578,16.13492,0
          107.80613,16.13484,0
          107.80651,16.1348,0
          107.80672,16.13479,0
          107.80676,16.13478,0
          107.8079,16.13475,0
          107.80818,16.13473,0
          107.8082,16.13472,0
          107.80893,16.13468,0
          107.80895,16.13467,0
          107.81045,16.13461,0
          107.8105,16.1346,0
          107.81086,16.1346,0
          107.81099,16.13462,0
          107.81112,16.13463,0
          107.81138,16.13469,0
          107.81165,16.13477,0
          107.81166,16.13478,0
          107.81182,16.13486,0
          107.81188,16.13488,0
          107.81209,16.13505,0
          107.81212,16.13507,0
          107.81224,16.13521,0
          107.81231,16.13528,0
          107.81235,16.13535,0
          107.81239,16.1354,0
          107.81247,16.13553,0
          107.8127,16.13598,0
          107.81271,16.13601,0
          107.81273,16.13604,0
          107.81286,16.13631,0
          107.81288,16.13634,0
          107.81289,16.13637,0
          107.81297,16.13653,0
          107.81377,16.13788,0
          107.81379,16.13794,0
          107.81394,16.1382,0
          107.81428,16.13884,0
          107.81468,16.13955,0
          107.81486,16.1398,0
          107.81501,16.13999,0
          107.8152,16.14018,0
          107.8154,16.14034,0
          107.81542,16.14035,0
          107.81553,16.14043,0
          107.81567,16.14052,0
          107.81589,16.14064,0
          107.81595,16.14068,0
          107.81642,16.14089,0
          107.81687,16.14107,0
          107.81692,16.14108,0
          107.81738,16.14127,0
          107.81762,16.14135,0
          107.81812,16.14159,0
          107.81829,16.14166,0
          107.81876,16.14189,0
          107.81961,16.14223,0
          107.81982,16.14233,0
          107.82085,16.14276,0
          107.82086,16.14277,0
          107.82114,16.14288,0
          107.82138,16.14295,0
          107.82175,16.143,0
          107.82221,16.14304,0
          107.82253,16.14304,0
          107.82329,16.14294,0
          107.82377,16.14284,0
          107.82379,16.14284,0
          107.8239,16.14281,0
          107.82542,16.14251,0
          107.82544,16.14251,0
          107.82617,16.14236,0
          107.82676,16.1423,0
          107.82718,16.1423,0
          107.82762,16.14233,0
          107.82765,16.14234,0
          107.82802,16.14239,0
          107.82804,16.14239,0
          107.82877,16.1425,0
          107.82894,16.14254,0
          107.82896,16.14254,0
          107.82931,16.14261,0
          107.82932,16.14261,0
          107.82944,16.14264,0
          107.8295,16.14264,0
          107.82951,16.14265,0
          107.83005,16.14271,0
          107.83007,16.14271,0
          107.83013,16.14272,0
          107.83043,16.14274,0
          107.83132,16.14288,0
          107.83134,16.14288,0
          107.83205,16.1431,0
          107.83208,16.1431,0
          107.83213,16.14313,0
          107.83247,16.14326,0
          107.83258,16.14329,0
          107.83316,16.14349,0
          107.83318,16.1435,0
          107.83354,16.1436,0
          107.83372,16.14366,0
          107.83382,16.14368,0
          107.83383,16.14369,0
          107.83392,16.14371,0
          107.83471,16.14396,0
          107.83472,16.14396,0
          107.83495,16.14404,0
          107.83526,16.14412,0
          107.83551,16.14414,0
          107.8358,16.14414,0
          107.83616,16.14412,0
          107.83651,16.14405,0
          107.83674,16.14395,0
          107.8368,16.14393,0
          107.83707,16.14378,0
          107.83716,16.14374,0
          107.83749,16.14346,0
          107.83855,16.14234,0
          107.83907,16.14192,0
          107.83909,16.14191,0
          107.8391,16.1419,0
          107.83938,16.14172,0
          107.83957,16.14164,0
          107.83983,16.14156,0
          107.84004,16.14151,0
          107.84026,16.14147,0
          107.84091,16.14148,0
          107.84183,16.14155,0
          107.84237,16.14162,0
          107.84241,16.14162,0
          107.843,16.14171,0
          107.84564,16.14201,0
          107.84598,16.14202,0
          107.84622,16.14201,0
          107.84627,16.142,0
          107.84652,16.14197,0
          107.84681,16.1419,0
          107.84714,16.1418,0
          107.84716,16.1418,0
          107.84718,16.14179,0
          107.8476,16.14165,0
          107.84761,16.14165,0
          107.84778,16.1416,0
          107.84815,16.14151,0
          107.8485,16.1414,0
          107.84851,16.1414,0
          107.84904,16.14125,0
          107.84905,16.14125,0
          107.84908,16.14124,0
          107.84944,16.14117,0
          107.85007,16.14109,0
          107.85016,16.14109,0
          107.8504,16.14106,0
          107.85125,16.14107,0
          107.85175,16.14112,0
          107.85183,16.14112,0
          107.85186,16.14113,0
          107.85233,16.1412,0
          107.85301,16.14133,0
          107.85304,16.14133,0
          107.8543,16.14158,0
          107.85432,16.14158,0
          107.85448,16.14162,0
          107.85488,16.1417,0
          107.85504,16.14174,0
          107.85628,16.14199,0
          107.85631,16.142,0
          107.85641,16.14202,0
          107.85656,16.14204,0
          107.85711,16.14214,0
          107.85719,16.14216,0
          107.85723,16.14216,0
          107.85791,16.14232,0
          107.85843,16.14238,0
          107.85882,16.14239,0
          107.85889,16.14238,0
          107.85908,16.14237,0
          107.85934,16.14233,0
          107.85979,16.14224,0
          107.85981,16.14223,0
          107.85982,16.14223,0
          107.86025,16.14208,0
          107.86043,16.142,0
          107.86088,16.14175,0
          107.86136,16.14139,0
          107.86156,16.14121,0
          107.86157,16.14121,0
          107.86158,16.14119,0
          107.86169,16.14109,0
          107.86172,16.14107,0
          107.86197,16.14077,0
          107.862,16.14074,0
          107.86235,16.14022,0
          107.86266,16.13967,0
          107.86268,16.13962,0
          107.86283,16.13934,0
          107.86284,16.13931,0
          107.86285,16.13931,0
          107.86288,16.13925,0
          107.8629,16.13919,0
          107.86291,16.13918,0
          107.86321,16.13861,0
          107.86325,16.13855,0
          107.86331,16.13843,0
          107.86335,16.13837,0
          107.86341,16.13825,0
          107.86343,16.13823,0
          107.86351,16.13808,0
          107.86379,16.13761,0
          107.86401,16.13717,0
          107.86415,16.13692,0
          107.86415,16.13691,0
          107.86431,16.13659,0
          107.86432,16.13659,0
          107.86434,16.13654,0
          107.86435,16.13653,0
          107.86454,16.13625,0
          107.8647,16.13607,0
          107.86502,16.13581,0
          107.86529,16.13568,0
          107.86541,16.13564,0
          107.86561,16.13559,0
          107.86582,16.13555,0
          107.86621,16.13552,0
          107.86791,16.13553,0
          107.86844,16.13556,0
          107.86863,16.13556,0
          107.86906,16.13554,0
          107.86925,16.13554,0
          107.86958,16.13549,0
          107.86974,16.13545,0
          107.86993,16.13539,0
          107.87043,16.13516,0
          107.87046,16.13515,0
          107.87082,16.13496,0
          107.87092,16.1349,0
          107.87099,16.13487,0
          107.87156,16.13457,0
          107.87173,16.1345,0
          107.87209,16.13433,0
          107.87233,16.13423,0
          107.87271,16.13404,0
          107.87272,16.13403,0
          107.87307,16.1339,0
          107.87336,16.13376,0
          107.87359,16.13369,0
          107.87399,16.13353,0
          107.87428,16.1334,0
          107.87429,16.1334,0
          107.87445,16.13333,0
          107.87446,16.13332,0
          107.87462,16.13326,0
          107.87521,16.13301,0
          107.87564,16.13281,0
          107.87566,16.13281,0
          107.8762,16.13257,0
          107.87667,16.13234,0
          107.87813,16.13152,0
          107.87829,16.13144,0
          107.87934,16.13086,0
          107.88013,16.1304,0
          107.88014,16.1304,0
          107.88071,16.13007,0
          107.88078,16.13004,0
          107.88079,16.13003,0
          107.88098,16.12992,0
          107.88128,16.1298,0
          107.88129,16.1298,0
          107.88144,16.12974,0
          107.88146,16.12974,0
          107.88146,16.12973,0
          107.88191,16.12958,0
          107.88198,16.12955,0
          107.88199,16.12955,0
          107.88237,16.12942,0
          107.8828,16.1293,0
          107.88287,16.12927,0
          107.88288,16.12927,0
          107.88297,16.12925,0
          107.88298,16.12924,0
          107.88306,16.12923,0
          107.88316,16.1292,0
          107.88338,16.12916,0
          107.88361,16.12913,0
          107.88361,16.12912,0
          107.88379,16.1291,0
          107.88382,16.1291,0
          107.8839,16.12909,0
          107.88399,16.12909,0
          107.88426,16.12907,0
          107.88455,16.12907,0
          107.88465,16.12908,0
          107.88495,16.12908,0
          107.8854,16.12912,0
          107.88548,16.12912,0
          107.88562,16.12913,0
          107.88599,16.12918,0
          107.8869,16.12939,0
          107.88712,16.12945,0
          107.88713,16.12945,0
          107.88814,16.12973,0
          107.88875,16.12984,0
          107.88887,16.12984,0
          107.88894,16.12983,0
          107.88909,16.12983,0
          107.88913,16.12982,0
          107.8894,16.12978,0
          107.88967,16.12969,0
          107.88968,16.12968,0
          107.88985,16.12961,0
          107.89,16.12953,0
          107.89001,16.12952,0
          107.89018,16.12942,0
          107.89045,16.12921,0
          107.89045,16.1292,0
          107.89046,16.1292,0
          107.89053,16.12913,0
          107.89091,16.12879,0
          107.89123,16.12853,0
          107.89126,16.1285,0
          107.89143,16.12836,0
          107.89145,16.12835,0
          107.89147,16.12833,0
          107.89152,16.1283,0
          107.89157,16.12825,0
          107.89166,16.12818,0
          107.89172,16.12814,0
          107.89175,16.12811,0
          107.89192,16.128,0
          107.89212,16.12785,0
          107.89238,16.12769,0
          107.89253,16.12758,0
          107.89258,16.12756,0
          107.89264,16.12752,0
          107.89269,16.12748,0
          107.89273,16.12746,0
          107.89279,16.12742,0
          107.89284,16.12738,0
          107.89285,16.12738,0
          107.89289,16.12735,0
          107.89341,16.12702,0
          107.89346,16.12698,0
          107.89403,16.1266,0
          107.89407,16.12656,0
          107.89412,16.12653,0
          107.89441,16.12631,0
          107.89446,16.12626,0
          107.89472,16.12604,0
          107.89504,16.12572,0
          107.89507,16.12567,0
          107.89562,16.12495,0
          107.89566,16.12489,0
          107.89613,16.12432,0
          107.89617,16.12428,0
          107.8962,16.12424,0
          107.89648,16.12392,0
          107.89687,16.12357,0
          107.8974,16.12318,0
          107.89744,16.12316,0
          107.89765,16.12301,0
          107.89766,16.12301,0
          107.89811,16.12276,0
          107.89859,16.12256,0
          107.89895,16.12245,0
          107.89897,16.12244,0
          107.89958,16.1223,0
          107.89963,16.1223,0
          107.90015,16.12222,0
          107.90018,16.12222,0
          107.90023,16.12221,0
          107.90055,16.12217,0
          107.9006,16.12216,0
          107.90092,16.12212,0
          107.90166,16.122,0
          107.90184,16.12196,0
          107.90225,16.12189,0
          107.90333,16.12175,0
          107.90356,16.12171,0
          107.90361,16.12171,0
          107.90364,16.1217,0
          107.9037,16.1217,0
          107.90498,16.12153,0
          107.90499,16.12152,0
          107.90536,16.12145,0
          107.90554,16.12139,0
          107.90567,16.12136,0
          107.90861,16.12022,0
          107.9092,16.12002,0
          107.90993,16.11975,0
          107.9102,16.11967,0
          107.91022,16.11967,0
          107.91044,16.11962,0
          107.91067,16.11959,0
          107.91068,16.11958,0
          107.91094,16.11956,0
          107.91243,16.11952,0
          107.91255,16.11951,0
          107.91269,16.11951,0
          107.91292,16.11949,0
          107.913,16.11949,0
          107.9138,16.11944,0
          107.91407,16.1194,0
          107.91411,16.11939,0
          107.91412,16.11939,0
          107.91422,16.11936,0
          107.91443,16.11932,0
          107.91476,16.11921,0
          107.91551,16.11889,0
          107.91552,16.11889,0
          107.91619,16.11859,0
          107.9162,16.11859,0
          107.91653,16.11844,0
          107.91654,16.11844,0
          107.91673,16.11835,0
          107.91688,16.11829,0
          107.91748,16.11802,0
          107.91756,16.118,0
          107.91757,16.11799,0
          107.91775,16.11793,0
          107.91808,16.11784,0
          107.91846,16.11777,0
          107.91847,16.11777,0
          107.91865,16.11774,0
          107.91865,16.11773,0
          107.9192,16.11768,0
          107.91962,16.11767,0
          107.91989,16.11769,0
          107.91995,16.1177,0
          107.92051,16.11775,0
          107.92102,16.11787,0
          107.92123,16.11795,0
          107.92124,16.11795,0
          107.92177,16.11814,0
          107.92228,16.11834,0
          107.92229,16.11834,0
          107.92267,16.11849,0
          107.92324,16.11876,0
          107.92345,16.11889,0
          107.92346,16.11889,0
          107.92418,16.11933,0
          107.92418,16.11934,0
          107.92454,16.11959,0
          107.92455,16.1196,0
          107.92498,16.11993,0
          107.92545,16.12039,0
          107.92549,16.12045,0
          107.92567,16.12068,0
          107.92571,16.12074,0
          107.92604,16.12112,0
          107.92617,16.12122,0
          107.92632,16.12131,0
          107.92656,16.12143,0
          107.92677,16.12151,0
          107.9271,16.12161,0
          107.92727,16.12164,0
          107.92728,16.12165,0
          107.92764,16.12171,0
          107.92764,16.12172,0
          107.92819,16.12182,0
          107.9282,16.12182,0
          107.9283,16.12184,0
          107.92837,16.12186,0
          107.929,16.12198,0
          107.92903,16.12199,0
          107.92911,16.122,0
          107.93039,16.12225,0
          107.9304,16.12225,0
          107.93058,16.12229,0
          107.93066,16.1223,0
          107.93131,16.12246,0
          107.93148,16.12251,0
          107.93149,16.12251,0
          107.93161,16.12254,0
          107.93219,16.12272,0
          107.9322,16.12273,0
          107.93237,16.12278,0
          107.93238,16.12278,0
          107.93247,16.12281,0
          107.93248,16.12281,0
          107.93255,16.12285,0
          107.93265,16.12289,0
          107.93271,16.12292,0
          107.93272,16.12293,0
          107.93277,16.12295,0
          107.93331,16.12323,0
          107.93337,16.12327,0
          107.93338,16.12327,0
          107.93354,16.12336,0
          107.93363,16.1234,0
          107.9337,16.12344,0
          107.93371,16.12344,0
          107.9338,16.12348,0
          107.93486,16.12402,0
          107.93487,16.12402,0
          107.93512,16.12415,0
          107.93536,16.12429,0
          107.9355,16.12436,0
          107.93552,16.12438,0
          107.93583,16.12455,0
          107.9361,16.12468,0
          107.93628,16.12475,0
          107.93665,16.12487,0
          107.9369,16.12491,0
          107.93695,16.12491,0
          107.93721,16.12493,0
          107.93728,16.12493,0
          107.93738,16.12494,0
          107.93775,16.12495,0
          107.93783,16.12496,0
          107.93876,16.12499,0
          107.93877,16.125,0
          107.93896,16.125,0
          107.93915,16.12501,0
          107.93932,16.12503,0
          107.93957,16.12504,0
          107.93997,16.12508,0
          107.94007,16.1251,0
          107.94008,16.12511,0
          107.94011,16.12512,0
          107.94018,16.12513,0
          107.94025,16.12515,0
          107.94026,16.12515,0
          107.94043,16.1252,0
          107.94043,16.12521,0
          107.94059,16.12526,0
          107.9406,16.12527,0
          107.94061,16.12527,0
          107.9407,16.12531,0
          107.94077,16.12535,0
          107.94078,16.12535,0
          107.94111,16.1255,0
          107.94111,16.12551,0
          107.94117,16.12553,0
          107.94128,16.1256,0
          107.94143,16.12568,0
          107.94144,16.12569,0
          107.94207,16.12606,0
          107.94208,16.12607,0
          107.94239,16.12625,0
          107.94239,16.12626,0
          107.94256,16.12636,0
          107.94305,16.12658,0
          107.94306,16.12658,0
          107.94321,16.12663,0
          107.94334,16.12666,0
          107.94362,16.1267,0
          107.94389,16.12671,0
          107.94417,16.12669,0
          107.94449,16.12662,0
          107.94452,16.12661,0
          107.94453,16.1266,0
          107.94463,16.12657,0
          107.94464,16.12657,0
          107.94485,16.12648,0
          107.94488,16.12646,0
          107.94548,16.12614,0
          107.94552,16.12611,0
          107.94553,16.12611,0
          107.94585,16.12594,0
          107.94585,16.12593,0
          107.94588,16.12592,0
          107.94622,16.12575,0
          107.94628,16.12573,0
          107.94635,16.1257,0
          107.94636,16.1257,0
          107.94646,16.12567,0
          107.94653,16.12564,0
          107.94671,16.12558,0
          107.9469,16.12556,0
          107.94712,16.12552,0
          107.94788,16.12549,0
          107.94806,16.12545,0
          107.94842,16.12541,0
          107.94849,16.12541,0
          107.94855,16.12539,0
          107.94859,16.12539,0
          107.94924,16.12529,0
          107.94955,16.1252,0
          107.9498,16.12508,0
          107.94981,16.12508,0
          107.94999,16.12498,0
          107.95042,16.12465,0
          107.95044,16.12464,0
          107.9507,16.12442,0
          107.95071,16.12442,0
          107.95112,16.12413,0
          107.95113,16.12413,0
          107.9512,16.12408,0
          107.95212,16.1235,0
          107.95227,16.12336,0
          107.95363,16.12219,0
          107.9538,16.12203,0
          107.95627,16.1199,0
          107.9563,16.11986,0
          107.96008,16.11659,0
          107.96032,16.11645,0
          107.96046,16.11639,0
          107.96073,16.11625,0
          107.96105,16.11612,0
          107.96159,16.11599,0
          107.96212,16.11597,0
          107.96239,16.11597,0
          107.96241,16.11598,0
          107.96244,16.11598,0
          107.9625,16.116,0
          107.96253,16.11603,0
          107.96346,16.11608,0
          107.96645,16.11608,0
          107.96674,16.11607,0
          107.96691,16.11608,0
          107.96819,16.11609,0
          107.96849,16.11607,0
          107.97066,16.11575,0
          107.97073,16.11573,0
          107.97077,16.11573,0
          107.97088,16.11572,0
          107.97092,16.11572,0
          107.97111,16.1157,0
          107.97156,16.1157,0
          107.97195,16.11574,0
          107.97209,16.11577,0
          107.97222,16.11579,0
          107.9724,16.11583,0
          107.97258,16.11588,0
          107.97276,16.11594,0
          107.97312,16.11608,0
          107.97366,16.11631,0
          107.97414,16.11647,0
          107.97435,16.11652,0
          107.97453,16.11655,0
          107.97454,16.11655,0
          107.97464,16.11657,0
          107.97486,16.11659,0
          107.97544,16.11662,0
          107.97566,16.11662,0
          107.9763,16.11665,0
          107.97653,16.11665,0
          107.97697,16.11669,0
          107.97745,16.11677,0
          107.97764,16.11681,0
          107.97874,16.1171,0
          107.97902,16.1172,0
          107.98183,16.11834,0
          107.98234,16.1185,0
          107.98303,16.11861,0
          107.98352,16.11865,0
          107.98523,16.11869,0
          107.9863,16.11868,0
          107.9872,16.11871,0
          107.98725,16.11872,0
          107.98771,16.11873,0
          107.98813,16.11876,0
          107.98818,16.11877,0
          107.98826,16.11877,0
          107.98884,16.11882,0
          107.98925,16.11888,0
          107.98929,16.11888,0
          107.98962,16.11893,0
          107.98965,16.11893,0
          107.98999,16.119,0
          107.99047,16.11908,0
          107.9905,16.11908,0
          107.99156,16.11929,0
          107.9916,16.11929,0
          107.99372,16.1197,0
          107.99386,16.1197,0
          107.99427,16.11978,0
          107.99442,16.1198,0
          107.99501,16.11991,0
          107.99505,16.11991,0
          107.99538,16.11997,0
          107.99553,16.11999,0
          107.99606,16.12009,0
          107.99611,16.12011,0
          107.99666,16.12021,0
          107.99766,16.12044,0
          107.99823,16.1206,0
          107.99888,16.12081,0
          107.99944,16.12101,0
          108.00042,16.12141,0
          108.00157,16.12194,0
          108.00158,16.12194,0
          108.00191,16.12209,0
          108.00225,16.12223,0
          108.00226,16.12223,0
          108.00253,16.12234,0
          108.00295,16.12249,0
          108.00296,16.12249,0
          108.00331,16.12261,0
          108.00382,16.12275,0
          108.00507,16.12305,0
          108.00519,16.12309,0
          108.00614,16.1232,0
          108.00737,16.12326,0
          108.00789,16.12331,0
          108.00793,16.12331,0
          108.00859,16.12338,0
          108.00868,16.12338,0
          108.00878,16.12339,0
          108.00882,16.1234,0
          108.00989,16.12351,0
          108.01064,16.12356,0
          108.01076,16.12358,0
          108.01129,16.12363,0
          108.01143,16.12365,0
          108.01157,16.12366,0
          108.01167,16.12366,0
          108.01265,16.12377,0
          108.01269,16.12377,0
          108.01399,16.12388,0
          108.01404,16.12389,0
          108.01455,16.12394,0
          108.01462,16.12394,0
          108.01641,16.12415,0
          108.01686,16.12419,0
          108.01698,16.12421,0
          108.01705,16.12421,0
          108.0174,16.12425,0
          108.01799,16.12428,0
          108.0181,16.12428,0
          108.01824,16.1243,0
          108.01866,16.12433,0
          108.01873,16.12433,0
          108.01903,16.12435,0
          108.01922,16.12438,0
          108.01968,16.12443,0
          108.02029,16.12454,0
          108.02033,16.12454,0
          108.0204,16.12456,0
          108.02051,16.12458,0
          108.02058,16.1246,0
          108.02106,16.1247,0
          108.02113,16.12472,0
          108.02114,16.12472,0
          108.02149,16.12482,0
          108.02154,16.12483,0
          108.02196,16.12497,0
          108.0223,16.1251,0
          108.02231,16.12511,0
          108.02248,16.12516,0
          108.02249,16.12516,0
          108.02307,16.12539,0
          108.02308,16.1254,0
          108.02333,16.12553,0
          108.02345,16.12558,0
          108.02399,16.12587,0
          108.02475,16.12632,0
          108.02476,16.12633,0
          108.02491,16.12642,0
          108.02494,16.12645,0
          108.02506,16.12652,0
          108.02569,16.12697,0
          108.02583,16.12709,0
          108.02595,16.12718,0
          108.02651,16.12766,0
          108.02651,16.12767,0
          108.02678,16.12791,0
          108.02717,16.1283,0
          108.02719,16.12833,0
          108.02741,16.12857,0
          108.02742,16.12857,0
          108.02862,16.12995,0
          108.02866,16.12999,0
          108.02964,16.13111,0
          108.03014,16.13162,0
          108.03036,16.13182,0
          108.03067,16.13203,0
          108.03086,16.1322,0
          108.03137,16.13251,0
          108.03137,16.13252,0
          108.0315,16.13258,0
          108.03154,16.13261,0
          108.0318,16.13274,0
          108.03208,16.13286,0
          108.03217,16.13289,0
          108.03221,16.13291,0
          108.03225,16.13292,0
          108.03264,16.13307,0
          108.03372,16.13331,0
          108.03435,16.13336,0
          108.03752,16.13339,0
          108.03815,16.13342,0
          108.03903,16.13342,0
          108.03927,16.13343,0
          108.03981,16.13342,0
          108.04072,16.13333,0
          108.04111,16.13326,0
          108.04123,16.13323,0
          108.0413,16.13322,0
          108.04138,16.13319,0
          108.04149,16.13317,0
          108.04211,16.133,0
          108.04239,16.13291,0
          108.04354,16.13245,0
          108.04444,16.13204,0
          108.04445,16.13203,0
          108.04498,16.13177,0
          108.04499,16.13176,0
          108.04514,16.13169,0
          108.04514,16.13168,0
          108.04532,16.13161,0
          108.04544,16.13155,0
          108.04644,16.13112,0
          108.04701,16.13084,0
          108.04702,16.13084,0
          108.04768,16.13053,0
          108.04769,16.13053,0
          108.04785,16.13045,0
          108.04786,16.13045,0
          108.04793,16.13042,0
          108.04844,16.13015,0
          108.04898,16.12982,0
          108.04899,16.12981,0
          108.04941,16.12955,0
          108.04945,16.12952,0
          108.04946,16.12952,0
          108.05011,16.12912,0
          108.0508,16.12866,0
          108.05086,16.12863,0
          108.05211,16.12784,0
          108.05219,16.12778,0
          108.05305,16.12725,0
          108.05306,16.12725,0
          108.05368,16.12686,0
          108.05372,16.12684,0
          108.05419,16.12652,0
          108.05477,16.12603,0
          108.05509,16.12568,0
          108.05534,16.12529,0
          108.05549,16.12497,0
          108.05561,16.12451,0
          108.05565,16.1243,0
          108.05569,16.12393,0
          108.05569,16.12375,0
          108.05566,16.12339,0
          108.05559,16.12294,0
          108.05557,16.12287,0
          108.05546,16.12227,0
          108.05542,16.12192,0
          108.0554,16.12181,0
          108.05539,16.12161,0
          108.05542,16.12107,0
          108.05547,16.1208,0
          108.05551,16.12067,0
          108.05563,16.12034,0
          108.05584,16.11992,0
          108.05585,16.11991,0
          108.05609,16.11957,0
          108.05652,16.11913,0
          108.05715,16.1186,0
          108.05719,16.11856,0
          108.05829,16.11766,0
          108.05855,16.11743,0
          108.05882,16.11717,0
          108.05894,16.11703,0
          108.06032,16.11561,0
          108.0614,16.11445,0
          108.06142,16.11442,0
          108.06152,16.11432,0
          108.06154,16.11429,0
          108.06245,16.11333,0
          108.06262,16.11318,0
          108.06302,16.11287,0
          108.06318,16.11277,0
          108.06377,16.11245,0
          108.0638,16.11244,0
          108.06397,16.11236,0
          108.06443,16.11212,0
          108.06446,16.1121,0
          108.06449,16.11209,0
          108.06465,16.11201,0
          108.06479,16.11193,0
          108.06493,16.11186,0
          108.06498,16.11184,0
          108.06581,16.11144,0
          108.06629,16.11118,0
          108.06662,16.11102,0
          108.06663,16.11101,0
          108.06745,16.11061,0
          108.06746,16.1106,0
          108.06792,16.11037,0
          108.06795,16.11035,0
          108.06812,16.11027,0
          108.06846,16.11008,0
          108.06861,16.11002,0
          108.06878,16.10994,0
          108.06884,16.10992,0
          108.06908,16.10981,0
          108.06942,16.10967,0
          108.07008,16.10944,0
          108.07037,16.10935,0
          108.07114,16.10914,0
          108.07131,16.10908,0
          108.07132,16.10908,0
          108.07166,16.10897,0
          108.07167,16.10897,0
          108.07202,16.10886,0
          108.07203,16.10886,0
          108.07273,16.10864,0
          108.07274,16.10864,0
          108.07294,16.10857,0
          108.07309,16.10853,0
          108.07362,16.10836,0
          108.07381,16.10829,0
          108.07389,16.10827,0
          108.07415,16.10818,0
          108.07416,16.10817,0
          108.07417,16.10817,0
          108.07486,16.1079,0
          108.07487,16.1079,0
          108.07491,16.10788,0
          108.07502,16.10784,0
          108.07519,16.10776,0
          108.0752,16.10775,0
          108.07521,16.10775,0
          108.07525,16.10774,0
          108.07535,16.10769,0
          108.07536,16.10768,0
          108.07674,16.10706,0
          108.07682,16.10703,0
          108.07688,16.107,0
          108.07691,16.10698,0
          108.07721,16.10685,0
          108.07722,16.10684,0
          108.07768,16.10667,0
          108.07802,16.10652,0
          108.07808,16.1065,0
          108.07842,16.10635,0
          108.07846,16.10634,0
          108.07931,16.10596,0
          108.07958,16.10586,0
          108.07986,16.10579,0
          108.08023,16.10572,0
          108.08035,16.10572,0
          108.08047,16.10571,0
          108.08055,16.10571,0
          108.08079,16.10573,0
          108.08203,16.10594,0
          108.08206,16.10594,0
          108.08225,16.10598,0
          108.0824,16.106,0
          108.08267,16.10605,0
          108.08277,16.10608,0
          108.08358,16.10616,0
          108.08378,16.10617,0
          108.08407,16.10617,0
          108.0844,16.10613,0
          108.08444,16.10612,0
          108.08469,16.10609,0
          108.08502,16.10602,0
          108.08548,16.1059,0
          108.0861,16.10565,0
          108.0867,16.10531,0
          108.0869,16.10516,0
          108.08719,16.10492,0
          108.08769,16.10445,0
          108.08789,16.10422,0
          108.08807,16.10397,0
          108.0882,16.10377,0
          108.08821,16.10374,0
          108.08845,16.10326,0
          108.08845,16.10325,0
          108.08863,16.10274,0
          108.0888,16.10216,0
          108.08894,16.1016,0
          108.08906,16.10105,0
          108.08934,16.09954,0
          108.08937,16.09919,0
          108.08939,16.0985,0
          108.08933,16.09777,0
          108.08925,16.09733,0
          108.08914,16.09685,0
          108.08909,16.09667,0
          108.08898,16.09635,0
          108.08892,16.09629,0
          108.0889,16.09625,0
          108.08883,16.09614,0
          108.08857,16.09561,0
          108.08677,16.09223,0
          108.08674,16.09216,0
          108.08625,16.09127,0
          108.08621,16.09121,0
          108.08612,16.09103,0
          108.08572,16.09032,0
          108.08562,16.09018,0
          108.08515,16.08927,0
          108.085,16.08895,0
          108.08498,16.08889,0
          108.08497,16.08888,0
          108.0849,16.0887,0
          108.08477,16.08831,0
          108.08473,16.08813,0
          108.0847,16.08792,0
          108.08468,16.08762,0
          108.08469,16.08747,0
          108.08468,16.08707,0
          108.08471,16.08393,0
          108.08472,16.08387,0
          108.08476,16.08249,0
          108.08477,16.08243,0
          108.08481,16.08108,0
          108.08484,16.08074,0
          108.0849,16.08034,0
          108.08504,16.07988,0
          108.08518,16.07951,0
          108.08537,16.07916,0
          108.08594,16.0783,0
          108.08605,16.07812,0
          108.08638,16.07764,0
          108.08722,16.07632,0
          108.08726,16.07628,0
          108.08847,16.0744,0
          108.08872,16.07405,0
          108.09004,16.07248,0
          108.09061,16.07189,0
          108.09076,16.07171,0
          108.0914,16.07106,0
          108.09236,16.07001,0
          108.09277,16.06948,0
          108.09302,16.06905,0
          108.09315,16.06878,0
          108.09321,16.06862,0
          108.09321,16.06861,0
          108.09327,16.06844,0
          108.09331,16.06835,0
          108.09346,16.06793,0
          108.09347,16.06791,0
          108.09377,16.06702,0
          108.09424,16.06541,0
          108.09448,16.06466,0
          108.09449,16.06464,0
          108.09504,16.06307,0
          108.09515,16.06281,0
          108.09526,16.0626,0
          108.09537,16.06242,0
          108.09555,16.06217,0
          108.09567,16.06202,0
          108.0963,16.06132,0
          108.10086,16.05603,0
          108.10064,16.05592,0
          108.10108,16.0553,0
          108.10169,16.05452,0
          108.10175,16.05442,0
          108.1018,16.05437,0
          108.10191,16.05423,0
          108.10197,16.05413,0
          108.10199,16.05411,0
          108.10206,16.05399,0
          108.10211,16.05387,0
          108.10218,16.05364,0
          108.1022,16.05359,0
          108.10222,16.05347,0
          108.10222,16.05338,0
          108.1022,16.05315,0
          108.1022,16.05311,0
          108.10219,16.05306,0
          108.10219,16.05293,0
          108.10221,16.05274,0
          108.10221,16.05268,0
          108.10226,16.05245,0
          108.10232,16.05225,0
          108.10246,16.05191,0
          108.10259,16.05165,0
          108.10275,16.05128,0
          108.10276,16.05128,0
          108.10292,16.05091,0
          108.10303,16.0506,0
          108.10307,16.05046,0
          108.10313,16.05029,0
          108.10323,16.04989,0
          108.10329,16.04958,0
          108.10351,16.04868,0
          108.10351,16.04865,0
          108.10358,16.04832,0
          108.10372,16.04779,0
          108.10389,16.04751,0
          108.10411,16.04719,0
          108.10431,16.04683,0
          108.10462,16.04611,0
          108.10521,16.0445,0
          108.10523,16.04441,0
          108.10525,16.04436,0
          108.10527,16.04427,0
          108.10529,16.04413,0
          108.10529,16.04403,0
          108.10527,16.04373,0
          108.10526,16.04309,0
          108.10522,16.0429,0
          108.10496,16.04233,0
          108.10527,16.04038,0
          108.1055,16.03995,0
          108.10604,16.03881,0
          108.10605,16.03878,0
          108.10638,16.03814,0
          108.10643,16.03803,0
          108.10649,16.03787,0
          108.10651,16.03778,0
          108.10653,16.03761,0
          108.10653,16.03754,0
          108.10652,16.03747,0
          108.10647,16.03733,0
          108.10641,16.03707,0
          108.10636,16.0368,0
          108.10634,16.03672,0
          108.1063,16.0365,0
          108.10628,16.03631,0
          108.10626,16.03621,0
          108.10622,16.03587,0
          108.10621,16.03582,0
          108.10617,16.03537,0
          108.10615,16.03498,0
          108.10614,16.03495,0
          108.10612,16.03474,0
          108.10611,16.0347,0
          108.10608,16.03428,0
          108.10608,16.03421,0
          108.10607,16.03409,0
          108.10607,16.03376,0
          108.10609,16.03366,0
          108.10612,16.03359,0
          108.1062,16.03344,0
          108.10637,16.03324,0
          108.10638,16.03324,0
          108.10649,16.03311,0
          108.10651,16.0331,0
          108.10655,16.03305,0
          108.1067,16.0329,0
          108.10689,16.03273,0
          108.10709,16.03258,0
          108.1072,16.03251,0
          108.10739,16.03243,0
          108.10833,16.03222,0
          108.10835,16.03222,0
          108.10873,16.03213,0
          108.10889,16.03208,0
          108.10901,16.03201,0
          108.10908,16.03193,0
          108.10919,16.03177,0
          108.10978,16.03073,0
          108.11024,16.02999,0
          108.11044,16.02964,0
          108.11049,16.02957,0
          108.11097,16.02875,0
          108.11128,16.02817,0
          108.11142,16.02797,0
          108.11143,16.02794,0
          108.11158,16.02773,0
          108.11165,16.02759,0
          108.11181,16.02733,0
          108.11192,16.02713,0
          108.11199,16.02696,0
          108.11201,16.02683,0
          108.11209,16.026,0
          108.11209,16.02562,0
          108.11202,16.02403,0
          108.11197,16.02342,0
          108.11198,16.02316,0
          108.11199,16.02316,0
          108.11203,16.02302,0
          108.11355,16.02086,0
          108.11358,16.02083,0
          108.11368,16.02058,0
          108.11398,16.02014,0
          108.11463,16.01908,0
          108.11554,16.01778,0
          108.11627,16.01721,0
          108.11637,16.01715,0
          108.11729,16.01648,0
          108.11748,16.01631,0
          108.11755,16.01626,0
          108.11901,16.01496,0
          108.12294,16.01115,0
          108.12361,16.01053,0
          108.12381,16.01038,0
          108.12406,16.01024,0
          108.12464,16.01006,0
          108.12498,16.00997,0
          108.1251,16.00993,0
          108.12722,16.00934,0
          108.1273,16.00931,0
          108.12872,16.00892,0
          108.12911,16.00879,0
          108.12924,16.00873,0
          108.12927,16.00871,0
          108.13023,16.00818,0
          108.13115,16.0077,0
          108.13148,16.00754,0
          108.13222,16.00725,0
          108.13434,16.00647,0
          108.13445,16.00641,0
          108.13492,16.00604,0
          108.13508,16.00593,0
          108.13701,16.00443,0
          108.1374,16.00415,0
          108.1376,16.00403,0
          108.13776,16.00395,0
          108.1382,16.00377,0
          108.1393,16.00318,0
          108.13956,16.00306,0
          108.13963,16.00302,0
          108.1397,16.00299,0
          108.14047,16.0026,0
          108.14083,16.00239,0
          108.14097,16.00228,0
          108.14113,16.00212,0
          108.14125,16.00202,0
          108.14126,16.00202,0
          108.1414,16.00187,0
          108.1415,16.00174,0
          108.14158,16.00162,0
          108.14164,16.00151,0
          108.14167,16.00147,0
          108.14179,16.00126,0
          108.14254,15.9996,0
          108.14272,15.99968,0
          108.14284,15.99972,0
          108.14321,15.99981,0
          108.14331,15.99982,0
          108.14349,15.99982,0
          108.14361,15.99981,0
          108.14453,15.99979,0
          108.14478,15.99982,0
          108.14488,15.99986,0
          108.14507,16,0
          108.14525,16.00015,0
          108.14527,16.00016,0
          108.14554,16.00055,0
          108.14576,16.00084,0
          108.14578,16.00085,0
          108.14587,16.00098,0
          108.14598,16.00111,0
          108.14612,16.00125,0
          108.14626,16.00144,0
          108.1464,16.00166,0
          108.14649,16.00177,0
          108.14668,16.00194,0
          108.14674,16.00197,0
          108.14679,16.00198,0
          108.1469,16.00229,0
          108.14694,16.00232,0
          108.14694,16.00233,0
          108.14695,16.00234,0
          108.14695,16.00235,0
          108.14701,16.00248,0
          108.14714,16.00287,0
          108.14723,16.00294,0
          108.14736,16.00301,0
          108.14743,16.00303,0
          108.14757,16.00305,0
          108.14781,16.00305,0
          108.14999,16.00175,0
          108.15038,16.0015,0
          108.15145,16.00086,0
          108.15146,16.00086,0
          108.1529,15.99995,0
          108.15414,15.99906,0
          108.15503,15.99829,0
          108.1558,15.99751,0
          108.15595,15.99734,0
          108.15635,15.99692,0
          108.15687,15.99631,0
          108.15725,15.99583,0
          108.15789,15.99492,0
          108.15859,15.99378,0
          108.15893,15.99315,0
          108.15927,15.99247,0
          108.15957,15.99177,0
          108.15978,15.99124,0
          108.16015,15.9902,0
          108.16035,15.9895,0
          108.16067,15.9881,0
          108.16069,15.98804,0
          108.16088,15.98645,0
          108.16146,15.97971,0
          108.16157,15.97818,0
          108.16184,15.9763,0
          108.16189,15.97605,0
          108.16189,15.97602,0
          108.16191,15.97595,0
          108.1621,15.97496,0
          108.16231,15.97407,0
          108.16242,15.97349,0
          108.16277,15.97238,0
          108.16315,15.97134,0
          108.16381,15.96972,0
          108.16395,15.96942,0
          108.16399,15.96935,0
          108.16495,15.9673,0
          108.16536,15.96652,0
          108.16555,15.96606,0
          108.16673,15.96364,0
          108.16675,15.96359,0
          108.16698,15.96313,0
          108.167,15.96308,0
          108.16715,15.96279,0
          108.16722,15.96267,0
          108.17011,15.95688,0
          108.17074,15.95549,0
          108.17113,15.95458,0
          108.17171,15.95301,0
          108.17206,15.95183,0
          108.17261,15.94937,0
          108.17263,15.9493,0
          108.17281,15.94826,0
          108.1731,15.94598,0
          108.17336,15.9433,0
          108.1737,15.94025,0
          108.17372,15.94013,0
          108.17492,15.92953,0
          108.17541,15.92468,0
          108.17585,15.92089,0
          108.17592,15.91974,0
          108.17595,15.91943,0
          108.17599,15.91842,0
          108.17601,15.91725,0
          108.17584,15.90824,0
          108.17582,15.90786,0
          108.1757,15.90233,0
          108.17566,15.90182,0
          108.17562,15.89948,0
          108.17559,15.89868,0
          108.17559,15.89769,0
          108.17561,15.8969,0
          108.17558,15.89555,0
          108.17561,15.8949,0
          108.17562,15.89385,0
          108.17571,15.89306,0
          108.17571,15.89302,0
          108.17584,15.89135,0
          108.1759,15.89096,0
          108.17591,15.89092,0
          108.17615,15.88945,0
          108.17618,15.88917,0
          108.17625,15.88879,0
          108.17661,15.88722,0
          108.17692,15.88599,0
          108.17734,15.88461,0
          108.17773,15.88349,0
          108.17805,15.88267,0
          108.17902,15.88034,0
          108.18011,15.87802,0
          108.18019,15.87783,0
          108.18332,15.87115,0
          108.18452,15.86851,0
          108.18472,15.86804,0
          108.18517,15.86706,0
          108.18822,15.85989,0
          108.18829,15.85975,0
          108.18837,15.85961,0
          108.19003,15.85584,0
          108.19016,15.85551,0
          108.1903,15.85521,0
          108.19047,15.85479,0
          108.19059,15.85453,0
          108.19068,15.8543,0
          108.1908,15.85404,0
          108.19169,15.85181,0
          108.19187,15.8513,0
          108.19239,15.85008,0
          108.19259,15.84965,0
          108.19265,15.84949,0
          108.19321,15.84816,0
          108.19365,15.84672,0
          108.19383,15.84594,0
          108.19403,15.84487,0
          108.19418,15.84353,0
          108.19422,15.84273,0
          108.19422,15.84176,0
          108.19414,15.83832,0
          108.19415,15.83789,0
          108.19407,15.83411,0
          108.19409,15.83339,0
          108.19408,15.83328,0
          108.19409,15.83313,0
          108.19406,15.83133,0
          108.19405,15.83129,0
          108.19403,15.83124,0
          108.19402,15.83119,0
          108.19402,15.83111,0
          108.19397,15.83036,0
          108.19389,15.82755,0
          108.19393,15.82654,0
          108.19401,15.82576,0
          108.19402,15.82558,0
          108.19407,15.82514,0
          108.19444,15.82383,0
          108.19517,15.82228,0
          108.19607,15.82105,0
          108.19708,15.82004,0
          108.19833,15.81909,0
          108.19881,15.81881,0
          108.20113,15.81727,0
          108.20176,15.81683,0
          108.20311,15.81593,0
          108.20487,15.81469,0
          108.20515,15.81451,0
          108.20516,15.8145,0
          108.20951,15.81169,0
          108.20966,15.81158,0
          108.20975,15.81153,0
          108.21166,15.81026,0
          108.21181,15.81015,0
          108.21333,15.80918,0
          108.21481,15.8083,0
          108.21576,15.8078,0
          108.21678,15.80731,0
          108.21726,15.8071,0
          108.21902,15.80641,0
          108.21919,15.80636,0
          108.2217,15.80549,0
          108.22177,15.80546,0
          108.22711,15.80363,0
          108.22762,15.80347,0
          108.23071,15.80241,0
          108.23484,15.80091,0
          108.23501,15.80084,0
          108.23996,15.79903,0
          108.24308,15.79769,0
          108.24619,15.79624,0
          108.2466,15.79603,0
          108.24661,15.79602,0
          108.25005,15.79423,0
          108.25006,15.79423,0
          108.25228,15.79292,0
          108.25229,15.79291,0
          108.25562,15.79093,0
          108.25563,15.79093,0
          108.25626,15.79056,0
          108.25957,15.78836,0
          108.26326,15.78565,0
          108.26647,15.78301,0
          108.26836,15.78139,0
          108.27196,15.77797,0
          108.27409,15.77583,0
          108.28609,15.7623,0
          108.28612,15.76228,0
          108.28829,15.75985,0
          108.28842,15.75972,0
          108.29034,15.75759,0
          108.29189,15.75623,0
          108.29351,15.75514,0
          108.2949,15.75408,0
          108.29534,15.75359,0
          108.29547,15.75346,0
          108.29664,15.75218,0
          108.2996,15.74835,0
          108.30006,15.74773,0
          108.30396,15.74275,0
          108.3056,15.74052,0
          108.30682,15.73895,0
          108.3078,15.73782,0
          108.30833,15.73717,0
          108.31642,15.72797,0
          108.3165,15.72787,0
          108.32178,15.72186,0
          108.32216,15.72146,0
          108.33559,15.70629,0
          108.33565,15.70623,0
          108.33848,15.703,0
          108.33873,15.70273,0
          108.35103,15.68861,0
          108.35533,15.68344,0
          108.36016,15.67777,0
          108.3625,15.67493,0
          108.36603,15.67077,0
          108.36644,15.67025,0
          108.36741,15.66911,0
          108.36887,15.66728,0
          108.3689,15.66725,0
          108.37034,15.66516,0
          108.37164,15.66314,0
          108.37494,15.65698,0
          108.37762,15.6517,0
          108.37797,15.65112,0
          108.37902,15.64919,0
          108.37904,15.64917,0
          108.37938,15.64856,0
          108.38018,15.64726,0
          108.38055,15.6467,0
          108.38088,15.64616,0
          108.38088,15.64615,0
          108.38099,15.64597,0
          108.38124,15.64562,0
          108.38152,15.64519,0
          108.38212,15.64416,0
          108.38261,15.64338,0
          108.38552,15.63856,0
          108.3858,15.63812,0
          108.38598,15.63787,0
          108.38651,15.63701,0
          108.38711,15.63593,0
          108.39092,15.62846,0
          108.39094,15.6284,0
          108.39212,15.62608,0
          108.39221,15.62592,0
          108.39424,15.6219,0
          108.39537,15.61957,0
          108.39617,15.61809,0
          108.39788,15.61516,0
          108.39853,15.61417,0
          108.40109,15.60996,0
          108.40447,15.6037,0
          108.40514,15.60235,0
          108.40617,15.60042,0
          108.40811,15.59651,0
          108.40985,15.59317,0
          108.41024,15.59246,0
          108.4103,15.59233,0
          108.41037,15.59221,0
          108.41059,15.59177,0
          108.41583,15.58308,0
          108.4174,15.58026,0
          108.41741,15.58023,0
          108.41748,15.5801,0
          108.41749,15.58007,0
          108.41997,15.57528,0
          108.42067,15.57374,0
          108.42716,15.5621,0
          108.42834,15.55981,0
          108.42877,15.55908,0
          108.42983,15.55716,0
          108.42986,15.55712,0
          108.43102,15.55512,0
          108.43135,15.55452,0
          108.43203,15.55342,0
          108.43205,15.55338,0
          108.43312,15.55173,0
          108.43383,15.55073,0
          108.43512,15.54915,0
          108.43576,15.54833,0
          108.4363,15.54776,0
          108.43642,15.54762,0
          108.43818,15.54576,0
          108.4383,15.54562,0
          108.43926,15.54462,0
          108.43974,15.54421,0
          108.43975,15.54421,0
          108.43982,15.54415,0
          108.43989,15.54408,0
          108.44138,15.54283,0
          108.44158,15.54265,0
          108.44361,15.54108,0
          108.44375,15.54096,0
          108.44456,15.54034,0
          108.44664,15.53898,0
          108.44708,15.53873,0
          108.4485,15.53787,0
          108.44999,15.53708,0
          108.45118,15.53651,0
          108.45177,15.53625,0
          108.453,15.53567,0
          108.45434,15.53513,0
          108.45474,15.53495,0
          108.45537,15.53472,0
          108.45801,15.53384,0
          108.4589,15.53358,0
          108.46546,15.53188,0
          108.46583,15.53177,0
          108.46892,15.53096,0
          108.4691,15.53092,0
          108.47147,15.5303,0
          108.47195,15.53016,0
          108.47718,15.52878,0
          108.47751,15.52868,0
          108.47752,15.52868,0
          108.47852,15.52838,0
          108.47957,15.52802,0
          108.47984,15.52794,0
          108.4807,15.52765,0
          108.48124,15.52745,0
          108.4832,15.52666,0
          108.48584,15.52546,0
          108.48593,15.52541,0
          108.48709,15.52487,0
          108.49089,15.52302,0
          108.49324,15.52192,0
          108.49325,15.52191,0
          108.49625,15.52044,0
          108.49687,15.52016,0
          108.49705,15.52007,0
          108.49743,15.5199,0
          108.50096,15.51817,0
          108.50179,15.51774,0
          108.50187,15.51769,0
          108.50202,15.51762,0
          108.50203,15.51761,0
          108.5036,15.51677,0
          108.50367,15.51674,0
          108.5044,15.51635,0
          108.50628,15.51523,0
          108.50654,15.51506,0
          108.5085,15.51386,0
          108.51152,15.51189,0
          108.51153,15.51188,0
          108.51351,15.51058,0
          108.51354,15.51057,0
          108.51586,15.50906,0
          108.51589,15.50903,0
          108.51698,15.50831,0
          108.51724,15.50815,0
          108.5174,15.50804,0
          108.51821,15.50753,0
          108.52048,15.50601,0
          108.52052,15.50599,0
          108.52123,15.50549,0
          108.52281,15.50432,0
          108.52309,15.50409,0
          108.52318,15.50403,0
          108.52384,15.50351,0
          108.52472,15.50276,0
          108.52576,15.50182,0
          108.52677,15.50087,0
          108.52691,15.50075,0
          108.52765,15.5,0
          108.5283,15.4993,0
          108.52992,15.49748,0
          108.53359,15.49298,0
          108.53618,15.48996,0
          108.53812,15.48784,0
          108.53877,15.4872,0
          108.54021,15.48572,0
          108.54024,15.4857,0
          108.54034,15.48559,0
          108.54187,15.4841,0
          108.54192,15.48406,0
          108.54345,15.48265,0
          108.54902,15.47768,0
          108.54915,15.47755,0
          108.54929,15.47743,0
          108.54942,15.4773,0
          108.54944,15.47729,0
          108.54991,15.47688,0
          108.54997,15.47682,0
          108.55039,15.47647,0
          108.55133,15.47559,0
          108.55202,15.47498,0
          108.55344,15.47367,0
          108.55412,15.47308,0
          108.55727,15.46996,0
          108.55795,15.46925,0
          108.55799,15.46922,0
          108.55852,15.46864,0
          108.5589,15.46825,0
          108.55891,15.46823,0
          108.55939,15.46778,0
          108.55997,15.4672,0
          108.56,15.46716,0
          108.56019,15.46696,0
          108.56118,15.46584,0
          108.56237,15.46444,0
          108.56286,15.4639,0
          108.56289,15.46386,0
          108.56358,15.46308,0
          108.56556,15.4607,0
          108.56691,15.45916,0
          108.56718,15.45888,0
          108.56724,15.45881,0
          108.56788,15.45814,0
          108.56794,15.45809,0
          108.56906,15.45702,0
          108.56981,15.45627,0
          108.57037,15.45576,0
          108.57219,15.45423,0
          108.57275,15.45385,0
          108.57293,15.45374,0
          108.57329,15.45349,0
          108.57373,15.45315,0
          108.57379,15.45309,0
          108.57394,15.45298,0
          108.57522,15.45193,0
          108.57524,15.45191,0
          108.57571,15.45158,0
          108.57867,15.4493,0
          108.57896,15.44906,0
          108.57953,15.44862,0
          108.57985,15.4484,0
          108.58012,15.44824,0
          108.58037,15.44806,0
          108.58324,15.44585,0
          108.58394,15.44528,0
          108.58458,15.44481,0
          108.58595,15.44386,0
          108.58632,15.44356,0
          108.58651,15.44342,0
          108.58707,15.44294,0
          108.58724,15.44281,0
          108.58817,15.44219,0
          108.58876,15.44175,0
          108.5889,15.44163,0
          108.58909,15.44145,0
          108.58918,15.44138,0
          108.58973,15.4409,0
          108.58988,15.44079,0
          108.58992,15.44075,0
          108.59071,15.44012,0
          108.5908,15.44006,0
          108.59197,15.43918,0
          108.59206,15.4391,0
          108.59271,15.43861,0
          108.59295,15.43845,0
          108.59354,15.43801,0
          108.59359,15.43798,0
          108.59438,15.43738,0
          108.59443,15.43735,0
          108.59517,15.4368,0
          108.59517,15.43679,0
          108.59867,15.43411,0
          108.59881,15.43399,0
          108.59955,15.43344,0
          108.59969,15.43332,0
          108.5998,15.43325,0
          108.60186,15.43171,0
          108.60243,15.43124,0
          108.60301,15.43079,0
          108.6064,15.42829,0
          108.60642,15.42827,0
          108.60731,15.42762,0
          108.6074,15.42754,0
          108.60803,15.4271,0
          108.60849,15.42676,0
          108.60855,15.42671,0
          108.6094,15.42611,0
          108.60969,15.42592,0
          108.60971,15.42591,0
          108.60984,15.42582,0
          108.60986,15.4258,0
          108.61097,15.425,0
          108.61206,15.42428,0
          108.61334,15.4234,0
          108.61742,15.42069,0
          108.61745,15.42066,0
          108.61758,15.42058,0
          108.61893,15.41964,0
          108.61964,15.41919,0
          108.6202,15.4188,0
          108.6207,15.41843,0
          108.62097,15.41826,0
          108.62149,15.4179,0
          108.62436,15.4158,0
          108.62495,15.41533,0
          108.62565,15.41481,0
          108.62838,15.41266,0
          108.63123,15.4103,0
          108.63163,15.40995,0
          108.63206,15.4096,0
          108.63327,15.40855,0
          108.63376,15.40809,0
          108.6338,15.40806,0
          108.63389,15.40796,0
          108.63558,15.40647,0
          108.6357,15.40634,0
          108.63676,15.40537,0
          108.63849,15.40364,0
          108.63859,15.40355,0
          108.63965,15.40247,0
          108.64055,15.40162,0
          108.64065,15.40154,0
          108.64082,15.40138,0
          108.64082,15.40137,0
          108.64109,15.40113,0
          108.64109,15.40112,0
          108.64189,15.40038,0
          108.6419,15.40038,0
          108.64203,15.40026,0
          108.64204,15.40026,0
          108.64288,15.39955,0
          108.64369,15.39892,0
          108.64371,15.39891,0
          108.64515,15.39781,0
          108.64567,15.39746,0
          108.64568,15.39745,0
          108.64579,15.39738,0
          108.64583,15.39736,0
          108.64583,15.39735,0
          108.64698,15.39659,0
          108.64802,15.39599,0
          108.64964,15.39511,0
          108.64977,15.39505,0
          108.65079,15.39452,0
          108.65165,15.39416,0
          108.65166,15.39415,0
          108.65178,15.3941,0
          108.65182,15.39409,0
          108.65183,15.39408,0
          108.65304,15.39359,0
          108.65477,15.39298,0
          108.65479,15.39297,0
          108.65494,15.39292,0
          108.65496,15.39291,0
          108.65525,15.39281,0
          108.65526,15.39281,0
          108.65618,15.39253,0
          108.6562,15.39252,0
          108.6565,15.39243,0
          108.65656,15.39242,0
          108.65668,15.39238,0
          108.6578,15.39208,0
          108.65782,15.39208,0
          108.65798,15.39203,0
          108.658,15.39203,0
          108.65892,15.39182,0
          108.66009,15.39158,0
          108.66104,15.39141,0
          108.66163,15.39133,0
          108.66165,15.39132,0
          108.66304,15.39114,0
          108.66523,15.39097,0
          108.67154,15.39059,0
          108.67203,15.39054,0
          108.67273,15.39049,0
          108.67279,15.39048,0
          108.67284,15.39048,0
          108.67537,15.39029,0
          108.67776,15.39002,0
          108.67943,15.38987,0
          108.68129,15.38966,0
          108.68668,15.38913,0
          108.68913,15.38885,0
          108.6926,15.38851,0
          108.69279,15.3885,0
          108.69498,15.38824,0
          108.69714,15.3879,0
          108.69958,15.38733,0
          108.70153,15.38676,0
          108.70348,15.3861,0
          108.70399,15.38588,0
          108.704,15.38588,0
          108.70401,15.38587,0
          108.70433,15.38574,0
          108.70612,15.38492,0
          108.70701,15.38448,0
          108.70709,15.38445,0
          108.70786,15.38404,0
          108.70895,15.38342,0
          108.70991,15.38284,0
          108.71077,15.38226,0
          108.71083,15.38223,0
          108.71098,15.38212,0
          108.71176,15.3816,0
          108.71329,15.38048,0
          108.71396,15.37995,0
          108.71445,15.3795,0
          108.71464,15.37934,0
          108.71477,15.37921,0
          108.71493,15.37908,0
          108.71645,15.37762,0
          108.71882,15.37508,0
          108.71928,15.3745,0
          108.72086,15.37223,0
          108.72118,15.37172,0
          108.72148,15.37129,0
          108.72224,15.37009,0
          108.72245,15.36973,0
          108.72306,15.36856,0
          108.72372,15.36715,0
          108.72397,15.36652,0
          108.72438,15.36539,0
          108.72448,15.36516,0
          108.72474,15.36448,0
          108.72489,15.36397,0
          108.72536,15.36201,0
          108.72545,15.36158,0
          108.72547,15.36145,0
          108.72548,15.36141,0
          108.72548,15.3614,0
          108.72561,15.3607,0
          108.7258,15.35947,0
          108.72597,15.35818,0
          108.72616,15.35589,0
          108.7262,15.35522,0
          108.7262,15.35512,0
          108.72624,15.3545,0
          108.72624,15.35204,0
          108.7262,15.35041,0
          108.72601,15.34653,0
          108.72577,15.34363,0
          108.72577,15.34357,0
          108.72576,15.34345,0
          108.72575,15.3434,0
          108.72566,15.34224,0
          108.72564,15.34213,0
          108.72557,15.34145,0
          108.72558,15.34092,0
          108.7255,15.34026,0
          108.72541,15.33897,0
          108.72541,15.33891,0
          108.7254,15.33879,0
          108.72539,15.33873,0
          108.72531,15.33712,0
          108.72531,15.33694,0
          108.7253,15.33682,0
          108.72532,15.33554,0
          108.72536,15.33498,0
          108.72537,15.33448,0
          108.72536,15.33444,0
          108.72535,15.33416,0
          108.72532,15.33382,0
          108.72532,15.33364,0
          108.72543,15.33172,0
          108.72543,15.33159,0
          108.72544,15.33143,0
          108.72545,15.33136,0
          108.72545,15.33128,0
          108.72554,15.33047,0
          108.72558,15.33025,0
          108.7257,15.32938,0
          108.72586,15.32841,0
          108.72588,15.32832,0
          108.72593,15.32799,0
          108.72621,15.32652,0
          108.72678,15.3242,0
          108.72759,15.32158,0
          108.72806,15.32029,0
          108.72848,15.31921,0
          108.72909,15.31779,0
          108.72981,15.31629,0
          108.73002,15.31588,0
          108.73004,15.31583,0
          108.731,15.31405,0
          108.73148,15.31322,0
          108.73309,15.31064,0
          108.73476,15.30812,0
          108.73667,15.30506,0
          108.73816,15.30276,0
          108.73886,15.30174,0
          108.73992,15.3,0
          108.74093,15.29849,0
          108.74132,15.29787,0
          108.74218,15.29658,0
          108.74223,15.29649,0
          108.74254,15.29601,0
          108.74299,15.29525,0
          108.74337,15.29467,0
          108.74338,15.29464,0
          108.74386,15.29392,0
          108.74483,15.29238,0
          108.74513,15.29193,0
          108.74522,15.29178,0
          108.74523,15.29177,0
          108.74568,15.29102,0
          108.74744,15.28834,0
          108.74869,15.28651,0
          108.749,15.28599,0
          108.74941,15.28522,0
          108.74947,15.28512,0
          108.7502,15.28372,0
          108.75035,15.28333,0
          108.75083,15.28183,0
          108.75105,15.28091,0
          108.75123,15.27986,0
          108.75131,15.27899,0
          108.75134,15.27812,0
          108.75133,15.27739,0
          108.75129,15.27651,0
          108.75114,15.27479,0
          108.75114,15.27475,0
          108.75113,15.27471,0
          108.75113,15.27464,0
          108.75109,15.27417,0
          108.75109,15.2741,0
          108.75106,15.27381,0
          108.75106,15.27374,0
          108.75103,15.27345,0
          108.75103,15.27338,0
          108.75091,15.27184,0
          108.7509,15.27177,0
          108.75088,15.27148,0
          108.75087,15.27141,0
          108.75085,15.27112,0
          108.75084,15.27105,0
          108.75075,15.26987,0
          108.75075,15.2698,0
          108.75068,15.26894,0
          108.75067,15.2689,0
          108.75032,15.2647,0
          108.75031,15.26445,0
          108.74983,15.2585,0
          108.74983,15.25846,0
          108.74981,15.25832,0
          108.7498,15.25811,0
          108.74972,15.25725,0
          108.74972,15.25721,0
          108.74966,15.25649,0
          108.74964,15.25635,0
          108.74964,15.25631,0
          108.74957,15.25545,0
          108.74956,15.25542,0
          108.74944,15.25402,0
          108.74927,15.25139,0
          108.74924,15.25118,0
          108.74917,15.2505,0
          108.74903,15.24849,0
          108.74901,15.24763,0
          108.74879,15.24419,0
          108.74873,15.24143,0
          108.74876,15.23824,0
          108.74881,15.23681,0
          108.74881,15.23659,0
          108.74886,15.23522,0
          108.74967,15.2207,0
          108.74968,15.22063,0
          108.74968,15.22056,0
          108.74996,15.21638,0
          108.7503,15.20972,0
          108.7503,15.20957,0
          108.75047,15.20716,0
          108.7509,15.19899,0
          108.75099,15.19658,0
          108.751,15.19503,0
          108.75092,15.19168,0
          108.75079,15.18841,0
          108.75029,15.17945,0
          108.75029,15.179,0
          108.7503,15.17892,0
          108.75034,15.17878,0
          108.75034,15.17836,0
          108.75025,15.17635,0
          108.74996,15.17168,0
          108.74995,15.17162,0
          108.74993,15.17155,0
          108.74988,15.17143,0
          108.74987,15.17138,0
          108.74987,15.17133,0
          108.74986,15.17126,0
          108.7497,15.16828,0
          108.74958,15.16518,0
          108.74954,15.16465,0
          108.74932,15.15985,0
          108.74929,15.1565,0
          108.74941,15.15292,0
          108.74946,15.15218,0
          108.7495,15.15089,0
          108.74949,15.15061,0
          108.74955,15.14945,0
          108.74958,15.14914,0
          108.74959,15.14909,0
          108.74959,15.14896,0
          108.7496,15.14888,0
          108.7496,15.1487,0
          108.74961,15.14861,0
          108.74961,15.1485,0
          108.74963,15.14824,0
          108.74963,15.14799,0
          108.74964,15.14786,0
          108.74964,15.14772,0
          108.74967,15.14737,0
          108.74974,15.14604,0
          108.74976,15.14582,0
          108.74994,15.14245,0
          108.74997,15.14226,0
          108.74999,15.14201,0
          108.75001,15.14189,0
          108.75002,15.14179,0
          108.75002,15.1417,0
          108.75005,15.14137,0
          108.75016,15.13916,0
          108.75019,15.13884,0
          108.75026,15.13757,0
          108.75026,15.13748,0
          108.75052,15.13291,0
          108.75053,15.13284,0
          108.75053,15.13266,0
          108.75064,15.13044,0
          108.75071,15.12961,0
          108.75086,15.12684,0
          108.7509,15.12637,0
          108.75092,15.12581,0
          108.75099,15.12486,0
          108.75098,15.1247,0
          108.75101,15.12439,0
          108.75111,15.12259,0
          108.75114,15.12234,0
          108.75115,15.12207,0
          108.75118,15.12193,0
          108.75129,15.12088,0
          108.75133,15.1206,0
          108.75137,15.12039,0
          108.7515,15.1199,0
          108.75154,15.11969,0
          108.75167,15.11918,0
          108.75199,15.11821,0
          108.75203,15.11812,0
          108.75261,15.11655,0
          108.75276,15.11619,0
          108.75293,15.11582,0
          108.75318,15.11541,0
          108.7533,15.11519,0
          108.75349,15.11488,0
          108.7542,15.1138,0
          108.75476,15.11303,0
          108.75483,15.11295,0
          108.7553,15.11234,0
          108.75607,15.11141,0
          108.75611,15.11135,0
          108.75693,15.11034,0
          108.75704,15.11022,0
          108.75874,15.10815,0
          108.75878,15.10809,0
          108.7601,15.10649,0
          108.76014,15.10646,0
          108.76156,15.10475,0
          108.7616,15.10468,0
          108.76221,15.10396,0
          108.76263,15.10351,0
          108.76292,15.1031,0
          108.76532,15.10022,0
          108.76616,15.09925,0
          108.76646,15.09893,0
          108.76703,15.09828,0
          108.76777,15.09748,0
          108.76836,15.0969,0
          108.76852,15.09673,0
          108.76862,15.09664,0
          108.76875,15.09655,0
          108.76921,15.09609,0
          108.77077,15.09468,0
          108.77136,15.09419,0
          108.77138,15.09418,0
          108.77209,15.09359,0
          108.77214,15.09356,0
          108.7725,15.09328,0
          108.77252,15.09326,0
          108.77286,15.093,0
          108.77333,15.09267,0
          108.77337,15.09263,0
          108.77377,15.09234,0
          108.77392,15.09222,0
          108.77548,15.09111,0
          108.77578,15.09091,0
          108.7758,15.09089,0
          108.77796,15.08948,0
          108.77798,15.08946,0
          108.77985,15.0882,0
          108.78103,15.08744,0
          108.78124,15.08729,0
          108.78429,15.0853,0
          108.7874,15.0832,0
          108.7886,15.08242,0
          108.78892,15.08219,0
          108.79006,15.08145,0
          108.79078,15.08102,0
          108.7912,15.08075,0
          108.79156,15.08054,0
          108.79354,15.07947,0
          108.79357,15.07946,0
          108.79454,15.079,0
          108.79455,15.07899,0
          108.79572,15.07845,0
          108.79708,15.07786,0
          108.7972,15.0778,0
          108.79809,15.07743,0
          108.79896,15.0771,0
          108.8005,15.07657,0
          108.80068,15.07652,0
          108.80127,15.07632,0
          108.80133,15.07629,0
          108.80196,15.07607,0
          108.80256,15.0759,0
          108.80814,15.07414,0
          108.80818,15.07412,0
          108.80846,15.07404,0
          108.80871,15.07398,0
          108.80876,15.07396,0
          108.8106,15.0734,0
          108.81062,15.0734,0
          108.81118,15.07322,0
          108.81187,15.07302,0
          108.81242,15.07284,0
          108.81372,15.07246,0
          108.81415,15.07235,0
          108.81525,15.07212,0
          108.81527,15.07211,0
          108.81638,15.07193,0
          108.81642,15.07193,0
          108.81688,15.07186,0
          108.81825,15.07171,0
          108.81905,15.07167,0
          108.81911,15.07166,0
          108.81963,15.07164,0
          108.82055,15.07165,0
          108.82136,15.07163,0
          108.83408,15.07165,0
          108.83428,15.07154,0
          108.83436,15.07152,0
          108.8345,15.07146,0
          108.83459,15.07141,0
          108.83469,15.07133,0
          108.83474,15.07128,0
          108.83477,15.07126,0
          108.83483,15.07123,0
          108.83499,15.07092,0
          108.83523,15.07051,0
          108.83542,15.07024,0
          108.83583,15.06957,0
          108.83585,15.06953,0
          108.8368,15.06796,0
          108.83683,15.0679,0
          108.83777,15.06638,0
          108.83789,15.06621,0
          108.83893,15.06451,0
          108.83909,15.06421,0
          108.83915,15.06404,0
          108.83943,15.0635,0
          108.84002,15.06267,0
          108.84051,15.06188,0
          108.84108,15.0609,0
          108.84136,15.06046,0
          108.84144,15.06032,0
          108.84153,15.06019,0
          108.84171,15.05989,0
          108.84187,15.05959,0
          108.84273,15.05831,0
          108.84311,15.05771,0
          108.84356,15.05695,0
          108.84594,15.05323,0
          108.84615,15.05285,0
          108.84647,15.05233,0
          108.84706,15.0513,0
          108.84842,15.04874,0
          108.84854,15.04844,0
          108.8488,15.04772,0
          108.84899,15.04709,0
          108.84916,15.04659,0
          108.84976,15.0452,0
          108.85038,15.04398,0
          108.85042,15.04387,0
          108.85062,15.04343,0
          108.85071,15.04326,0
          108.85081,15.04314,0
          108.85094,15.04289,0
          108.85232,15.03967,0
          108.8524,15.03951,0
          108.85244,15.0394,0
          108.85317,15.03767,0
          108.85316,15.03765,0
          108.85316,15.03762,0
          108.85317,15.03758,0
          108.8532,15.03752,0
          108.85326,15.03737,0
          108.85347,15.03694,0
          108.85438,15.03521,0
          108.85465,15.03464,0
          108.85717,15.02984,0
          108.85766,15.02905,0
          108.8578,15.02889,0
          108.85784,15.02882,0
          108.85799,15.02864,0
          108.85935,15.02725,0
          108.85972,15.02691,0
          108.86036,15.02624,0
          108.86063,15.02593,0
          108.86076,15.02576,0
          108.86114,15.02531,0
          108.86296,15.02335,0
          108.86321,15.02306,0
          108.86347,15.02278,0
          108.86367,15.02254,0
          108.86422,15.0218,0
          108.86434,15.0216,0
          108.86826,15.01581,0
          108.8685,15.01548,0
          108.86865,15.01525,0
          108.86901,15.01475,0
          108.86915,15.0145,0
          108.86924,15.01432,0
          108.86935,15.01406,0
          108.86956,15.01349,0
          108.86999,15.01221,0
          108.87,15.01215,0
          108.87016,15.01168,0
          108.87023,15.01151,0
          108.87055,15.01051,0
          108.87116,15.00879,0
          108.87135,15.00811,0
          108.87176,15.007,0
          108.87224,15.0058,0
          108.87275,15.00469,0
          108.87282,15.00452,0
          108.87306,15.00401,0
          108.87329,15.00347,0
          108.87365,15.00269,0
          108.87374,15.00262,0
          108.87376,15.00255,0
          108.87394,15.0021,0
          108.87407,15.00211,0
          108.87426,15.00208,0
          108.87445,15.00203,0
          108.87474,15.00193,0
          108.87494,15.00184,0
          108.87501,15.0018,0
          108.87506,15.00176,0
          108.8753,15.0016,0
          108.87977,14.99835,0
          108.87988,14.99826,0
          108.87994,14.99822,0
          108.88009,14.9981,0
          108.88034,14.99793,0
          108.88157,14.99701,0
          108.88195,14.99668,0
          108.88239,14.99627,0
          108.88262,14.99596,0
          108.88278,14.99571,0
          108.88294,14.99534,0
          108.88305,14.99502,0
          108.88313,14.9947,0
          108.88551,14.98384,0
          108.88569,14.98309,0
          108.88581,14.98275,0
          108.88582,14.98271,0
          108.88599,14.98225,0
          108.88833,14.97692,0
          108.88837,14.97681,0
          108.8888,14.97581,0
          108.8889,14.97561,0
          108.88893,14.97553,0
          108.89007,14.97299,0
          108.89034,14.97233,0
          108.89518,14.96126,0
          108.8958,14.9599,0
          108.89582,14.95987,0
          108.90075,14.94863,0
          108.9015,14.94683,0
          108.90159,14.94659,0
          108.90174,14.94602,0
          108.90179,14.9457,0
          108.90184,14.94505,0
          108.90184,14.94458,0
          108.90177,14.94404,0
          108.90177,14.94399,0
          108.90167,14.94354,0
          108.9016,14.94328,0
          108.90141,14.94279,0
          108.90122,14.9424,0
          108.90118,14.94234,0
          108.90118,14.94233,0
          108.90084,14.94176,0
          108.90034,14.94115,0
          108.89994,14.94074,0
          108.89959,14.94046,0
          108.89938,14.94031,0
          108.89937,14.9403,0
          108.89686,14.93844,0
          108.89672,14.93838,0
          108.89637,14.93815,0
          108.89626,14.93806,0
          108.89624,14.93805,0
          108.89611,14.93792,0
          108.89606,14.93786,0
          108.89601,14.93776,0
          108.89594,14.93753,0
          108.89592,14.9374,0
          108.89715,14.93502,0
          108.89812,14.93325,0
          108.89832,14.93285,0
          108.89856,14.93244,0
          108.90005,14.92956,0
          108.90062,14.92856,0
          108.90083,14.9281,0
          108.90225,14.92549,0
          108.90508,14.92012,0
          108.90531,14.91971,0
          108.90663,14.91718,0
          108.90737,14.91591,0
          108.90808,14.91453,0
          108.90858,14.91361,0
          108.90963,14.91157,0
          108.91055,14.90986,0
          108.91095,14.90907,0
          108.91188,14.90737,0
          108.91241,14.90629,0
          108.91264,14.90586,0
          108.91268,14.90577,0
          108.91268,14.90576,0
          108.91326,14.90455,0
          108.9134,14.90423,0
          108.91356,14.90392,0
          108.91392,14.90314,0
          108.91432,14.90237,0
          108.91441,14.90214,0
          108.91457,14.90179,0
          108.91467,14.90161,0
          108.91521,14.90047,0
          108.91605,14.8988,0
          108.91612,14.89864,0
          108.91791,14.89497,0
          108.91792,14.89497,0
          108.91935,14.89196,0
          108.91986,14.89096,0
          108.91986,14.89095,0
          108.92073,14.88917,0
          108.92092,14.88881,0
          108.92135,14.88793,0
          108.92144,14.88772,0
          108.92193,14.88676,0
          108.92218,14.88622,0
          108.92243,14.88562,0
          108.92297,14.8845,0
          108.92305,14.88436,0
          108.92332,14.88383,0
          108.92347,14.88347,0
          108.92429,14.88184,0
          108.92633,14.87759,0
          108.92666,14.87696,0
          108.92684,14.87656,0
          108.92776,14.87414,0
          108.9294,14.8701,0
          108.92966,14.86931,0
          108.93022,14.86785,0
          108.93055,14.86704,0
          108.93059,14.86697,0
          108.93099,14.86606,0
          108.93117,14.86557,0
          108.93299,14.86119,0
          108.93447,14.8575,0
          108.93626,14.85353,0
          108.93656,14.85291,0
          108.93708,14.85193,0
          108.93856,14.84933,0
          108.93915,14.84815,0
          108.93942,14.84765,0
          108.93964,14.84719,0
          108.9398,14.84689,0
          108.93983,14.84678,0
          108.93991,14.84664,0
          108.94116,14.84418,0
          108.94123,14.84401,0
          108.94187,14.84269,0
          108.9424,14.84148,0
          108.94246,14.84131,0
          108.94302,14.84008,0
          108.94326,14.83951,0
          108.94386,14.83821,0
          108.94391,14.83808,0
          108.94399,14.83794,0
          108.9446,14.8366,0
          108.94471,14.83638,0
          108.94477,14.83633,0
          108.94482,14.83621,0
          108.94499,14.83602,0
          108.94507,14.83595,0
          108.94515,14.8359,0
          108.94525,14.83586,0
          108.94533,14.83582,0
          108.94542,14.8358,0
          108.94554,14.83576,0
          108.94556,14.83576,0
          108.94585,14.83571,0
          108.94609,14.83584,0
          108.94654,14.83598,0
          108.94687,14.8361,0
          108.94711,14.83616,0
          108.94719,14.83617,0
          108.94762,14.83625,0
          108.94778,14.83627,0
          108.94786,14.83627,0
          108.94794,14.83628,0
          108.94805,14.83628,0
          108.94815,14.83629,0
          108.94843,14.83629,0
          108.94848,14.83628,0
          108.94861,14.83628,0
          108.94881,14.83626,0
          108.94891,14.83624,0
          108.9492,14.8362,0
          108.94935,14.83617,0
          108.94997,14.83608,0
          108.9516,14.83577,0
          108.95189,14.83573,0
          108.95252,14.83562,0
          108.95304,14.83551,0
          108.95426,14.8353,0
          108.95451,14.83524,0
          108.95532,14.83498,0
          108.95594,14.83474,0
          108.95649,14.83449,0
          108.95702,14.83419,0
          108.96412,14.82967,0
          108.96505,14.8291,0
          108.96516,14.82902,0
          108.966,14.82848,0
          108.96612,14.82839,0
          108.96765,14.82743,0
          108.9679,14.82726,0
          108.96814,14.82712,0
          108.96816,14.8271,0
          108.96834,14.82698,0
          108.96851,14.82684,0
          108.96881,14.82657,0
          108.96913,14.8262,0
          108.96928,14.826,0
          108.96947,14.8257,0
          108.96974,14.82519,0
          108.97073,14.823,0
          108.97081,14.82284,0
          108.97149,14.82134,0
          108.97178,14.82065,0
          108.9725,14.81914,0
          108.97423,14.81536,0
          108.97423,14.81535,0
          108.97458,14.81459,0
          108.97462,14.81448,0
          108.97601,14.81145,0
          108.97604,14.81137,0
          108.97881,14.80528,0
          108.97882,14.80525,0
          108.97999,14.80267,0
          108.98002,14.80263,0
          108.98137,14.79961,0
          108.98257,14.79702,0
          108.98296,14.79613,0
          108.98317,14.79569,0
          108.98337,14.79523,0
          108.98353,14.79478,0
          108.98363,14.79446,0
          108.98363,14.79444,0
          108.98372,14.79411,0
          108.98382,14.79352,0
          108.98387,14.79303,0
          108.98458,14.78351,0
          108.98458,14.78337,0
          108.98571,14.76823,0
          108.98577,14.76773,0
          108.98581,14.76759,0
          108.98591,14.76739,0
          108.98596,14.76731,0
          108.98602,14.76724,0
          108.98618,14.76708,0
          108.98701,14.76655,0
          108.9871,14.76645,0
          108.9872,14.76637,0
          108.98735,14.76629,0
          108.98874,14.76537,0
          108.99048,14.76432,0
          108.99065,14.76424,0
          108.99065,14.76423,0
          108.99285,14.76284,0
          108.99364,14.76239,0
          108.99437,14.76193,0
          108.99572,14.76112,0
          108.99626,14.76074,0
          108.99675,14.76042,0
          108.99693,14.76029,0
          108.99765,14.75986,0
          108.99805,14.75965,0
          108.99859,14.75934,0
          109.00024,14.7583,0
          109.00218,14.75713,0
          109.00386,14.75605,0
          109.0062,14.75473,0
          109.00769,14.75382,0
          109.01047,14.7522,0
          109.0108,14.75203,0
          109.0109,14.75199,0
          109.01102,14.75193,0
          109.01122,14.75185,0
          109.01301,14.7513,0
          109.01405,14.75103,0
          109.01671,14.75025,0
          109.01726,14.75011,0
          109.01985,14.74933,0
          109.02107,14.74893,0
          109.02139,14.74881,0
          109.02173,14.74864,0
          109.0224,14.74824,0
          109.02381,14.7473,0
          109.02568,14.74611,0
          109.02693,14.74537,0
          109.02726,14.74516,0
          109.02755,14.74493,0
          109.02765,14.74487,0
          109.02773,14.74477,0
          109.02783,14.74468,0
          109.02806,14.74437,0
          109.0282,14.74416,0
          109.02844,14.74369,0
          109.02898,14.74228,0
          109.03,14.73981,0
          109.03067,14.73808,0
          109.03075,14.7379,0
          109.03091,14.73748,0
          109.03092,14.73744,0
          109.03114,14.73685,0
          109.03129,14.73633,0
          109.03135,14.736,0
          109.03141,14.73552,0
          109.03144,14.73503,0
          109.03155,14.73102,0
          109.03157,14.72876,0
          109.03169,14.72703,0
          109.03171,14.72645,0
          109.03172,14.72637,0
          109.03186,14.72302,0
          109.03186,14.72284,0
          109.03188,14.72254,0
          109.03195,14.7219,0
          109.03198,14.72182,0
          109.03201,14.72166,0
          109.03206,14.72151,0
          109.03227,14.72099,0
          109.03233,14.72088,0
          109.03387,14.71771,0
          109.03431,14.71692,0
          109.03458,14.71637,0
          109.03462,14.71627,0
          109.03464,14.71624,0
          109.03475,14.71586,0
          109.03479,14.71567,0
          109.03482,14.71535,0
          109.03482,14.7153,0
          109.03494,14.71461,0
          109.03507,14.71413,0
          109.03523,14.7138,0
          109.03533,14.71365,0
          109.03535,14.71361,0
          109.03561,14.7133,0
          109.03578,14.71314,0
          109.03614,14.71285,0
          109.03632,14.71273,0
          109.03668,14.71253,0
          109.03683,14.71247,0
          109.03684,14.71247,0
          109.03725,14.71239,0
          109.03804,14.71229,0
          109.03836,14.71227,0
          109.0386,14.71224,0
          109.03924,14.71208,0
          109.04042,14.71166,0
          109.04163,14.71116,0
          109.04205,14.71097,0
          109.04347,14.71028,0
          109.0439,14.71012,0
          109.04424,14.71002,0
          109.04553,14.70974,0
          109.04688,14.70949,0
          109.04715,14.70948,0
          109.04736,14.7095,0
          109.04736,14.70951,0
          109.04901,14.70998,0
          109.04945,14.71003,0
          109.04966,14.71003,0
          109.04984,14.71001,0
          109.05006,14.70997,0
          109.05044,14.70987,0
          109.05091,14.70967,0
          109.05094,14.70965,0
          109.05112,14.70956,0
          109.05129,14.70945,0
          109.0514,14.70935,0
          109.0515,14.70927,0
          109.0517,14.70908,0
          109.05183,14.70891,0
          109.05205,14.70855,0
          109.05219,14.70834,0
          109.05231,14.70822,0
          109.05233,14.70821,0
          109.05245,14.70813,0
          109.0526,14.70807,0
          109.05272,14.70804,0
          109.05287,14.70802,0
          109.05297,14.70802,0
          109.05336,14.70799,0
          109.0535,14.70796,0
          109.05366,14.70789,0
          109.05377,14.70782,0
          109.05402,14.70761,0
          109.05469,14.70699,0
          109.05481,14.70686,0
          109.05525,14.70643,0
          109.05563,14.70602,0
          109.05574,14.70588,0
          109.05582,14.70575,0
          109.05588,14.70563,0
          109.05596,14.70538,0
          109.05596,14.70536,0
          109.056,14.70516,0
          109.05605,14.70423,0
          109.05609,14.70402,0
          109.0562,14.70372,0
          109.05628,14.70354,0
          109.05676,14.70294,0
          109.0569,14.7028,0
          109.05703,14.70264,0
          109.05705,14.70262,0
          109.05724,14.70236,0
          109.05761,14.70175,0
          109.05789,14.70122,0
          109.05812,14.70089,0
          109.05842,14.70061,0
          109.05978,14.69952,0
          109.06017,14.69906,0
          109.06061,14.69848,0
          109.06096,14.69795,0
          109.06106,14.69776,0
          109.0612,14.69736,0
          109.06123,14.69725,0
          109.06125,14.69706,0
          109.06125,14.6967,0
          109.06124,14.69652,0
          109.0612,14.69626,0
          109.0612,14.69624,0
          109.061,14.69558,0
          109.06084,14.69495,0
          109.06066,14.69432,0
          109.06054,14.69395,0
          109.06036,14.69354,0
          109.05977,14.69245,0
          109.05965,14.69225,0
          109.0595,14.69194,0
          109.05935,14.69158,0
          109.05929,14.691,0
          109.05927,14.69065,0
          109.05927,14.69041,0
          109.05929,14.69018,0
          109.05931,14.69007,0
          109.05931,14.68962,0
          109.05932,14.68953,0
          109.05934,14.68914,0
          109.05937,14.6888,0
          109.0594,14.68866,0
          109.0595,14.68833,0
          109.05957,14.68821,0
          109.05965,14.68805,0
          109.05985,14.68774,0
          109.06017,14.68729,0
          109.06039,14.68691,0
          109.06052,14.68662,0
          109.0606,14.68641,0
          109.06073,14.6859,0
          109.06074,14.68574,0
          109.06077,14.68547,0
          109.06076,14.6852,0
          109.06073,14.68484,0
          109.06067,14.68452,0
          109.06067,14.68451,0
          109.06062,14.68433,0
          109.05994,14.68265,0
          109.05992,14.68259,0
          109.05976,14.68222,0
          109.05949,14.68149,0
          109.05938,14.68124,0
          109.0592,14.68087,0
          109.0592,14.68086,0
          109.05906,14.68056,0
          109.05879,14.67987,0
          109.05877,14.67979,0
          109.05771,14.67716,0
          109.05753,14.67668,0
          109.05743,14.67627,0
          109.0574,14.67606,0
          109.05738,14.67584,0
          109.05738,14.67541,0
          109.05743,14.67494,0
          109.05747,14.67475,0
          109.05751,14.6746,0
          109.05759,14.67435,0
          109.0577,14.67408,0
          109.05796,14.67362,0
          109.05821,14.67327,0
          109.0584,14.67307,0
          109.05866,14.67282,0
          109.05894,14.67257,0
          109.0628,14.66933,0
          109.06361,14.66861,0
          109.06458,14.66779,0
          109.06482,14.6676,0
          109.06486,14.66755,0
          109.06512,14.66732,0
          109.0653,14.66714,0
          109.06544,14.66696,0
          109.06558,14.66675,0
          109.06573,14.66638,0
          109.06577,14.66618,0
          109.06576,14.66574,0
          109.06575,14.66569,0
          109.0657,14.66552,0
          109.06567,14.66538,0
          109.06565,14.66535,0
          109.06553,14.66501,0
          109.06551,14.66493,0
          109.06507,14.66385,0
          109.06498,14.66366,0
          109.06277,14.65854,0
          109.06271,14.65837,0
          109.06262,14.65806,0
          109.06262,14.65802,0
          109.06259,14.65786,0
          109.06257,14.65765,0
          109.06257,14.6573,0
          109.06262,14.65699,0
          109.06273,14.65659,0
          109.06284,14.65626,0
          109.06285,14.65621,0
          109.06377,14.65379,0
          109.06391,14.65346,0
          109.06417,14.65256,0
          109.06423,14.65225,0
          109.06425,14.65194,0
          109.06424,14.65188,0
          109.06422,14.65155,0
          109.06417,14.65135,0
          109.06413,14.65122,0
          109.0639,14.6507,0
          109.06343,14.65003,0
          109.06317,14.64963,0
          109.06308,14.64947,0
          109.06274,14.64901,0
          109.06218,14.64819,0
          109.06191,14.64771,0
          109.06179,14.64739,0
          109.06169,14.64704,0
          109.06163,14.64679,0
          109.06158,14.64641,0
          109.06158,14.64607,0
          109.06161,14.64575,0
          109.06167,14.64542,0
          109.06176,14.64508,0
          109.06181,14.64498,0
          109.06196,14.6446,0
          109.06234,14.64384,0
          109.06236,14.64379,0
          109.06283,14.64287,0
          109.06324,14.64195,0
          109.06349,14.64126,0
          109.06377,14.64034,0
          109.06399,14.6393,0
          109.06409,14.63874,0
          109.06418,14.63796,0
          109.06422,14.6374,0
          109.06417,14.6361,0
          109.06401,14.63381,0
          109.0638,14.63132,0
          109.06369,14.63082,0
          109.0636,14.63049,0
          109.0628,14.62847,0
          109.0619,14.6263,0
          109.06189,14.62629,0
          109.06175,14.62596,0
          109.06171,14.62588,0
          109.06168,14.62579,0
          109.06139,14.62513,0
          109.06102,14.62421,0
          109.06099,14.62411,0
          109.06095,14.62394,0
          109.06093,14.62381,0
          109.06091,14.62359,0
          109.0609,14.62299,0
          109.06091,14.62258,0
          109.0609,14.62251,0
          109.06089,14.62233,0
          109.06085,14.62193,0
          109.06085,14.62185,0
          109.06081,14.62166,0
          109.06077,14.62153,0
          109.06067,14.62133,0
          109.06051,14.62106,0
          109.06028,14.62078,0
          109.06027,14.62078,0
          109.06007,14.62054,0
          109.05973,14.62018,0
          109.05952,14.61998,0
          109.0595,14.61995,0
          109.05923,14.61971,0
          109.05907,14.6196,0
          109.05892,14.61952,0
          109.05875,14.61946,0
          109.05841,14.6194,0
          109.05801,14.61935,0
          109.05745,14.61932,0
          109.05731,14.61932,0
          109.05717,14.6193,0
          109.05698,14.61926,0
          109.05682,14.61921,0
          109.0567,14.61916,0
          109.05659,14.6191,0
          109.05627,14.61888,0
          109.05613,14.61877,0
          109.05605,14.61868,0
          109.05583,14.61832,0
          109.05575,14.61812,0
          109.05571,14.61795,0
          109.05568,14.61769,0
          109.05568,14.61741,0
          109.05574,14.6171,0
          109.0558,14.61695,0
          109.05599,14.61656,0
          109.05623,14.61617,0
          109.05627,14.61605,0
          109.0563,14.61599,0
          109.05633,14.61591,0
          109.05635,14.61575,0
          109.05634,14.61565,0
          109.05632,14.61553,0
          109.05628,14.61541,0
          109.05617,14.61518,0
          109.05504,14.61365,0
          109.05496,14.61353,0
          109.05478,14.61329,0
          109.05421,14.61241,0
          109.05337,14.61083,0
          109.05315,14.61034,0
          109.05305,14.61015,0
          109.05301,14.61006,0
          109.05299,14.61003,0
          109.05296,14.60996,0
          109.05289,14.60974,0
          109.05288,14.60972,0
          109.05273,14.60905,0
          109.05273,14.60902,0
          109.05272,14.60898,0
          109.05272,14.60871,0
          109.05278,14.60847,0
          109.05283,14.60832,0
          109.0529,14.60816,0
          109.05295,14.60802,0
          109.05305,14.60767,0
          109.05308,14.60748,0
          109.05308,14.60745,0
          109.05309,14.60742,0
          109.05311,14.60731,0
          109.05311,14.60727,0
          109.05312,14.60724,0
          109.05339,14.60553,0
          109.05342,14.60527,0
          109.05353,14.60472,0
          109.05357,14.60437,0
          109.05371,14.60366,0
          109.05375,14.60357,0
          109.05377,14.60328,0
          109.05381,14.60212,0
          109.05389,14.60074,0
          109.0539,14.60034,0
          109.05393,14.59989,0
          109.05393,14.59944,0
          109.05392,14.5992,0
          109.05372,14.59688,0
          109.05372,14.59683,0
          109.05367,14.5962,0
          109.0536,14.59578,0
          109.05359,14.59576,0
          109.05352,14.59544,0
          109.05343,14.59513,0
          109.05331,14.59486,0
          109.05321,14.59467,0
          109.0531,14.59451,0
          109.05308,14.5945,0
          109.05286,14.59416,0
          109.05268,14.59392,0
          109.05228,14.59334,0
          109.05221,14.59312,0
          109.052,14.59283,0
          109.05187,14.59268,0
          109.05146,14.5921,0
          109.05119,14.59175,0
          109.04964,14.58959,0
          109.04964,14.58958,0
          109.04953,14.58944,0
          109.04933,14.58913,0
          109.04842,14.58783,0
          109.04808,14.58731,0
          109.04802,14.58716,0
          109.04797,14.587,0
          109.0479,14.58673,0
          109.04787,14.58652,0
          109.04786,14.5863,0
          109.04785,14.58622,0
          109.04788,14.58589,0
          109.04792,14.58567,0
          109.0487,14.58239,0
          109.04891,14.58158,0
          109.04912,14.58066,0
          109.04957,14.57888,0
          109.04967,14.57836,0
          109.04995,14.57716,0
          109.04997,14.57697,0
          109.04996,14.57614,0
          109.04983,14.5744,0
          109.04976,14.57378,0
          109.04957,14.57077,0
          109.04952,14.57023,0
          109.04949,14.56955,0
          109.04918,14.5657,0
          109.04916,14.56515,0
          109.04901,14.56289,0
          109.04901,14.5625,0
          109.04893,14.56113,0
          109.0487,14.55816,0
          109.04869,14.55773,0
          109.04863,14.55656,0
          109.0486,14.55638,0
          109.04857,14.55626,0
          109.0485,14.55609,0
          109.04844,14.55599,0
          109.04841,14.55592,0
          109.04829,14.55575,0
          109.04816,14.55561,0
          109.04783,14.55533,0
          109.04765,14.55522,0
          109.04677,14.55463,0
          109.04534,14.55358,0
          109.04508,14.55337,0
          109.04476,14.55307,0
          109.04444,14.55257,0
          109.04423,14.55215,0
          109.04412,14.55186,0
          109.04396,14.55134,0
          109.04347,14.54943,0
          109.04336,14.54907,0
          109.04319,14.54841,0
          109.04315,14.54828,0
          109.04295,14.54775,0
          109.04193,14.5439,0
          109.04179,14.54331,0
          109.04174,14.54315,0
          109.04145,14.54249,0
          109.04055,14.54109,0
          109.04013,14.54047,0
          109.03995,14.54013,0
          109.0396,14.53954,0
          109.03944,14.53932,0
          109.0394,14.53917,0
          109.03933,14.53898,0
          109.03926,14.53868,0
          109.03898,14.53678,0
          109.03895,14.53668,0
          109.03891,14.53641,0
          109.03866,14.53542,0
          109.03855,14.53504,0
          109.0384,14.53436,0
          109.03814,14.53333,0
          109.03811,14.53287,0
          109.03816,14.53262,0
          109.03824,14.53208,0
          109.03828,14.5315,0
          109.03831,14.52969,0
          109.03815,14.52766,0
          109.03808,14.52716,0
          109.03798,14.52665,0
          109.03794,14.52656,0
          109.0379,14.52641,0
          109.03781,14.52618,0
          109.0377,14.52596,0
          109.03719,14.52513,0
          109.03718,14.52512,0
          109.03656,14.52423,0
          109.03518,14.52244,0
          109.03499,14.52208,0
          109.0349,14.52185,0
          109.03482,14.52135,0
          109.03482,14.52088,0
          109.03479,14.51999,0
          109.03477,14.5172,0
          109.03479,14.51665,0
          109.03478,14.51559,0
          109.03477,14.51538,0
          109.03474,14.51092,0
          109.03463,14.51067,0
          109.03457,14.51061,0
          109.03456,14.51059,0
          109.03454,14.51057,0
          109.03453,14.51055,0
          109.03452,14.51052,0
          109.03451,14.5105,0
          109.03451,14.51047,0
          109.0345,14.51044,0
          109.0345,14.51036,0
          109.03452,14.5103,0
          109.03455,14.51024,0
          109.03457,14.51022,0
          109.03458,14.5102,0
          109.0346,14.51018,0
          109.03462,14.51017,0
          109.03464,14.51015,0
          109.03466,14.51014,0
          109.03467,14.51013,0
          109.03468,14.51013,0
          109.03469,14.51012,0
          109.03475,14.50976,0
          109.03473,14.50953,0
          109.03472,14.50847,0
          109.03473,14.50778,0
          109.03471,14.50724,0
          109.03472,14.50678,0
          109.0347,14.50629,0
          109.0347,14.50548,0
          109.03468,14.50473,0
          109.03473,14.50271,0
          109.03466,14.50112,0
          109.03467,14.50103,0
          109.03467,14.49834,0
          109.03462,14.49521,0
          109.03462,14.49343,0
          109.0346,14.49272,0
          109.0346,14.48958,0
          109.03446,14.48762,0
          109.03445,14.48731,0
          109.03431,14.48589,0
          109.03428,14.48526,0
          109.03421,14.48465,0
          109.03403,14.48162,0
          109.03382,14.47872,0
          109.03374,14.47817,0
          109.03374,14.478,0
          109.03365,14.47626,0
          109.03365,14.47615,0
          109.03356,14.47485,0
          109.03343,14.4734,0
          109.03333,14.47299,0
          109.03326,14.4728,0
          109.03306,14.47244,0
          109.03287,14.47218,0
          109.03246,14.47176,0
          109.0314,14.47077,0
          109.0309,14.47027,0
          109.0302,14.46951,0
          109.02956,14.46877,0
          109.0283,14.46717,0
          109.02803,14.46685,0
          109.02763,14.46634,0
          109.02751,14.46617,0
          109.02733,14.46586,0
          109.02718,14.46556,0
          109.02687,14.46482,0
          109.02685,14.46479,0
          109.02615,14.46293,0
          109.02546,14.46122,0
          109.02369,14.45664,0
          109.02332,14.45561,0
          109.02235,14.4532,0
          109.02198,14.45233,0
          109.02148,14.451,0
          109.02089,14.44959,0
          109.02046,14.44849,0
          109.02029,14.44801,0
          109.0201,14.4474,0
          109.01985,14.44672,0
          109.01947,14.44553,0
          109.01952,14.4455,0
          109.01952,14.44548,0
          109.01953,14.44546,0
          109.01953,14.44544,0
          109.01951,14.44538,0
          109.01948,14.44526,0
          109.01931,14.44475,0
          109.01929,14.44453,0
          109.01922,14.44405,0
          109.0192,14.44383,0
          109.01889,14.44172,0
          109.0183,14.43818,0
          109.01803,14.43696,0
          109.01789,14.436,0
          109.01788,14.43599,0
          109.01774,14.43496,0
          109.01756,14.43393,0
          109.01752,14.43325,0
          109.01725,14.43166,0
          109.01705,14.43071,0
          109.017,14.43031,0
          109.01681,14.42919,0
          109.0168,14.42918,0
          109.01679,14.42903,0
          109.01679,14.4289,0
          109.01681,14.4288,0
          109.01812,14.42705,0
          109.01987,14.42479,0
          109.01996,14.4246,0
          109.01997,14.42449,0
          109.01995,14.42441,0
          109.01988,14.42424,0
          109.01932,14.42337,0
          109.01923,14.42321,0
          109.0176,14.42061,0
          109.01759,14.4206,0
          109.01656,14.419,0
          109.01626,14.4185,0
          109.01613,14.41831,0
          109.01587,14.41782,0
          109.01578,14.41752,0
          109.01575,14.41738,0
          109.01573,14.41667,0
          109.01574,14.41613,0
          109.01578,14.41571,0
          109.01577,14.41285,0
          109.01574,14.41225,0
          109.01575,14.41202,0
          109.01578,14.40526,0
          109.01574,14.40493,0
          109.0157,14.40476,0
          109.01569,14.40466,0
          109.01564,14.4044,0
          109.0156,14.40394,0
          109.01553,14.40341,0
          109.01553,14.4033,0
          109.01556,14.40291,0
          109.01565,14.40239,0
          109.01537,14.4021,0
          109.01532,14.40202,0
          109.01538,14.40189,0
          109.01541,14.40184,0
          109.01634,14.4,0
          109.01644,14.39983,0
          109.01661,14.39948,0
          109.01693,14.39887,0
          109.0171,14.39848,0
          109.01746,14.39776,0
          109.0176,14.39755,0
          109.01778,14.39723,0
          109.01824,14.39623,0
          109.01849,14.39579,0
          109.01879,14.39522,0
          109.01881,14.39519,0
          109.01966,14.3934,0
          109.01972,14.39329,0
          109.0198,14.3931,0
          109.02006,14.39256,0
          109.02008,14.39253,0
          109.02123,14.3901,0
          109.02186,14.38887,0
          109.02198,14.38867,0
          109.02283,14.38705,0
          109.02351,14.38557,0
          109.02352,14.38556,0
          109.02418,14.3841,0
          109.02607,14.3804,0
          109.02617,14.38018,0
          109.0263,14.37995,0
          109.027,14.37856,0
          109.02767,14.3771,0
          109.02878,14.37485,0
          109.02893,14.37444,0
          109.029,14.37412,0
          109.02912,14.37315,0
          109.02911,14.37314,0
          109.02922,14.37254,0
          109.02929,14.37228,0
          109.02936,14.37208,0
          109.0295,14.37182,0
          109.02965,14.37161,0
          109.02993,14.37132,0
          109.03057,14.37084,0
          109.03086,14.37064,0
          109.03111,14.37045,0
          109.03141,14.37016,0
          109.03155,14.36996,0
          109.03198,14.36917,0
          109.03233,14.36842,0
          109.03321,14.36675,0
          109.03375,14.3659,0
          109.03408,14.36532,0
          109.03423,14.36508,0
          109.03448,14.36464,0
          109.03476,14.36419,0
          109.03594,14.36214,0
          109.03653,14.36103,0
          109.0367,14.36065,0
          109.03689,14.36017,0
          109.03709,14.35954,0
          109.03724,14.35897,0
          109.03732,14.35862,0
          109.03777,14.35698,0
          109.03781,14.3568,0
          109.03785,14.35668,0
          109.03838,14.35469,0
          109.03849,14.35434,0
          109.03859,14.3541,0
          109.03869,14.35389,0
          109.03884,14.35364,0
          109.03896,14.35346,0
          109.03901,14.35341,0
          109.03916,14.35318,0
          109.0402,14.35184,0
          109.04045,14.35149,0
          109.04076,14.35111,0
          109.04143,14.35022,0
          109.04145,14.3502,0
          109.04218,14.34926,0
          109.04277,14.34846,0
          109.0478,14.34201,0
          109.04792,14.34187,0
          109.05129,14.33746,0
          109.05186,14.33675,0
          109.05231,14.33616,0
          109.05233,14.33614,0
          109.0528,14.33556,0
          109.0535,14.3346,0
          109.05412,14.33381,0
          109.05538,14.33212,0
          109.05539,14.33211,0
          109.05733,14.32951,0
          109.0574,14.32943,0
          109.05826,14.32828,0
          109.05838,14.3281,0
          109.05867,14.3277,0
          109.05912,14.32703,0
          109.05941,14.32663,0
          109.05984,14.32596,0
          109.06027,14.32537,0
          109.06054,14.32494,0
          109.06436,14.31923,0
          109.06455,14.31897,0
          109.06475,14.31867,0
          109.06592,14.31707,0
          109.06802,14.31397,0
          109.06966,14.31163,0
          109.06979,14.31146,0
          109.0702,14.31081,0
          109.07158,14.30877,0
          109.07166,14.30864,0
          109.07168,14.30862,0
          109.07287,14.3068,0
          109.07299,14.30663,0
          109.073,14.30661,0
          109.07349,14.30587,0
          109.07358,14.30575,0
          109.07588,14.30235,0
          109.07636,14.30161,0
          109.07652,14.30139,0
          109.07696,14.30068,0
          109.07761,14.29973,0
          109.07779,14.29943,0
          109.0779,14.29928,0
          109.07802,14.29907,0
          109.07817,14.29876,0
          109.07824,14.29853,0
          109.07827,14.29836,0
          109.0783,14.29807,0
          109.07833,14.29717,0
          109.07836,14.29076,0
          109.07837,14.29058,0
          109.07837,14.28986,0
          109.07838,14.28969,0
          109.07838,14.28897,0
          109.07845,14.28574,0
          109.07847,14.28533,0
          109.07865,14.27359,0
          109.07869,14.27252,0
          109.07872,14.26982,0
          109.0788,14.26756,0
          109.0788,14.26693,0
          109.07881,14.26673,0
          109.0788,14.26347,0
          109.07884,14.2616,0
          109.07885,14.25912,0
          109.07882,14.2584,0
          109.07882,14.25822,0
          109.0788,14.25787,0
          109.07895,14.25485,0
          109.079,14.25249,0
          109.07898,14.25205,0
          109.07891,14.25149,0
          109.07887,14.25127,0
          109.07877,14.25091,0
          109.07828,14.24942,0
          109.07823,14.24918,0
          109.07795,14.2482,0
          109.07748,14.24673,0
          109.07744,14.24664,0
          109.07733,14.24633,0
          109.07707,14.24582,0
          109.07647,14.24487,0
          109.07622,14.24453,0
          109.07609,14.24438,0
          109.07593,14.24423,0
          109.07556,14.24396,0
          109.07526,14.24377,0
          109.07467,14.24348,0
          109.07354,14.24285,0
          109.07336,14.24273,0
          109.07316,14.24257,0
          109.07294,14.24236,0
          109.07258,14.24194,0
          109.07234,14.24156,0
          109.07219,14.24125,0
          109.07215,14.24113,0
          109.07203,14.24069,0
          109.0718,14.23944,0
          109.07165,14.23849,0
          109.07164,14.23837,0
          109.07107,14.23512,0
          109.07101,14.2347,0
          109.07098,14.23456,0
          109.07092,14.23414,0
          109.07085,14.23381,0
          109.07067,14.23271,0
          109.07063,14.23253,0
          109.07052,14.23178,0
          109.07018,14.23008,0
          109.07016,14.23002,0
          109.06978,14.22859,0
          109.06921,14.22669,0
          109.06902,14.22599,0
          109.06872,14.22473,0
          109.06864,14.22432,0
          109.06832,14.22196,0
          109.06832,14.22191,0
          109.06831,14.22187,0
          109.0681,14.22033,0
          109.06803,14.22005,0
          109.06797,14.21985,0
          109.06794,14.21978,0
          109.0679,14.21966,0
          109.06789,14.21961,0
          109.06786,14.21953,0
          109.06776,14.21934,0
          109.06761,14.219,0
          109.06733,14.21848,0
          109.06727,14.21835,0
          109.06725,14.21832,0
          109.06635,14.21661,0
          109.06633,14.21658,0
          109.06564,14.21526,0
          109.06551,14.21497,0
          109.06528,14.21479,0
          109.06515,14.21472,0
          109.06505,14.21468,0
          109.06494,14.21465,0
          109.06394,14.21464,0
          109.06381,14.21461,0
          109.06281,14.21459,0
          109.06245,14.21456,0
          109.06204,14.21449,0
          109.06172,14.21441,0
          109.06138,14.2143,0
          109.06104,14.21417,0
          109.05878,14.21314,0
          109.05841,14.21294,0
          109.0583,14.21287,0
          109.05788,14.21257,0
          109.05737,14.21216,0
          109.05702,14.21179,0
          109.05656,14.21119,0
          109.05619,14.21063,0
          109.05547,14.20939,0
          109.05205,14.20391,0
          109.05131,14.2028,0
          109.0513,14.2028,0
          109.05082,14.20223,0
          109.0502,14.20154,0
          109.04982,14.20114,0
          109.04928,14.20064,0
          109.04776,14.19894,0
          109.04702,14.19817,0
          109.04667,14.19773,0
          109.0465,14.19755,0
          109.04609,14.19717,0
          109.04542,14.19646,0
          109.04535,14.19636,0
          109.04518,14.1962,0
          109.0448,14.19571,0
          109.04443,14.19518,0
          109.04432,14.19496,0
          109.04411,14.19459,0
          109.0438,14.19396,0
          109.04352,14.19332,0
          109.04351,14.19331,0
          109.04347,14.1932,0
          109.04343,14.19311,0
          109.04339,14.193,0
          109.04321,14.19259,0
          109.043,14.19223,0
          109.04278,14.19173,0
          109.04244,14.19089,0
          109.04213,14.19023,0
          109.04209,14.19016,0
          109.04196,14.18989,0
          109.04171,14.18931,0
          109.04159,14.18896,0
          109.04154,14.18858,0
          109.04153,14.18855,0
          109.04147,14.18816,0
          109.04132,14.18774,0
          109.04133,14.18738,0
          109.04128,14.18703,0
          109.04127,14.18676,0
          109.04122,14.18633,0
          109.04122,14.18528,0
          109.04125,14.18499,0
          109.04122,14.18424,0
          109.04122,14.18333,0
          109.04117,14.18126,0
          109.04117,14.18025,0
          109.04115,14.17961,0
          109.04116,14.17943,0
          109.04115,14.17895,0
          109.04109,14.17795,0
          109.04108,14.1779,0
          109.04099,14.17687,0
          109.04036,14.17168,0
          109.04036,14.17139,0
          109.04021,14.16994,0
          109.04018,14.16947,0
          109.04015,14.16673,0
          109.04017,14.1662,0
          109.04029,14.16435,0
          109.04032,14.16363,0
          109.04019,14.16121,0
          109.0401,14.16008,0
          109.04007,14.15909,0
          109.04009,14.15877,0
          109.04009,14.15866,0
          109.04014,14.15819,0
          109.0402,14.15782,0
          109.04024,14.15742,0
          109.04041,14.15705,0
          109.04052,14.15671,0
          109.04067,14.15634,0
          109.04086,14.15593,0
          109.04102,14.15565,0
          109.04133,14.15516,0
          109.04147,14.15496,0
          109.04165,14.15473,0
          109.04166,14.15471,0
          109.04185,14.15448,0
          109.04202,14.1543,0
          109.04281,14.15356,0
          109.0446,14.15222,0
          109.0446,14.1522,0
          109.04465,14.15215,0
          109.04483,14.15201,0
          109.04488,14.15196,0
          109.04552,14.15147,0
          109.04568,14.1513,0
          109.04571,14.15126,0
          109.04576,14.15121,0
          109.04578,14.1512,0
          109.04581,14.1512,0
          109.04587,14.1508,0
          109.04598,14.1474,0
          109.04592,14.14451,0
          109.04592,14.14347,0
          109.04587,14.14189,0
          109.04588,14.14168,0
          109.0458,14.13487,0
          109.04583,14.13289,0
          109.04579,14.12905,0
          109.04576,14.1285,0
          109.04576,14.12832,0
          109.04568,14.12725,0
          109.04566,14.12713,0
          109.04566,14.12703,0
          109.04509,14.12262,0
          109.04506,14.12244,0
          109.04505,14.12233,0
          109.04485,14.12101,0
          109.04478,14.12073,0
          109.04472,14.12039,0
          109.0445,14.11947,0
          109.04414,14.11811,0
          109.04414,14.11808,0
          109.04391,14.11721,0
          109.04379,14.1167,0
          109.04296,14.11374,0
          109.04294,14.11365,0
          109.04291,14.11356,0
          109.04234,14.11141,0
          109.04204,14.11019,0
          109.04203,14.11019,0
          109.04173,14.10895,0
          109.04168,14.10881,0
          109.04156,14.10839,0
          109.04135,14.10744,0
          109.03892,14.09826,0
          109.03881,14.09789,0
          109.03857,14.09698,0
          109.03857,14.09697,0
          109.03814,14.09533,0
          109.03782,14.09388,0
          109.0377,14.09326,0
          109.03754,14.09256,0
          109.03747,14.09206,0
          109.03745,14.09176,0
          109.03745,14.09156,0
          109.03748,14.09115,0
          109.03769,14.09023,0
          109.0381,14.08878,0
          109.03833,14.08784,0
          109.03841,14.08756,0
          109.03861,14.08674,0
          109.03908,14.08514,0
          109.03946,14.08358,0
          109.04022,14.08086,0
          109.04039,14.08017,0
          109.04126,14.07712,0
          109.04256,14.07218,0
          109.04281,14.07092,0
          109.04289,14.07061,0
          109.04289,14.0706,0
          109.04329,14.06916,0
          109.04329,14.06915,0
          109.04475,14.0636,0
          109.04501,14.06253,0
          109.04517,14.06197,0
          109.04525,14.06181,0
          109.04546,14.06095,0
          109.04592,14.05924,0
          109.04614,14.05834,0
          109.04614,14.05831,0
          109.0463,14.05768,0
          109.04822,14.0473,0
          109.04823,14.0472,0
          109.04988,14.03806,0
          109.04992,14.03788,0
          109.05001,14.03735,0
          109.05039,14.03541,0
          109.05039,14.03538,0
          109.05042,14.03523,0
          109.05043,14.03521,0
          109.05261,14.02396,0
          109.05268,14.02354,0
          109.05373,14.01814,0
          109.05373,14.01813,0
          109.05399,14.01691,0
          109.05399,14.0169,0
          109.05429,14.01544,0
          109.05429,14.01543,0
          109.05449,14.01425,0
          109.05465,14.0136,0
          109.05467,14.01354,0
          109.0547,14.01347,0
          109.0547,14.01334,0
          109.05473,14.01324,0
          109.05476,14.01306,0
          109.05481,14.01283,0
          109.05481,14.01281,0
          109.05486,14.01259,0
          109.0549,14.01251,0
          109.05515,14.01123,0
          109.05533,14.01041,0
          109.05612,14.00644,0
          109.05624,14.00574,0
          109.05633,14.0051,0
          109.05639,14.0049,0
          109.05647,14.00448,0
          109.05671,14.00341,0
          109.05686,14.00249,0
          109.05761,13.99875,0
          109.05777,13.99782,0
          109.05783,13.99759,0
          109.05808,13.9964,0
          109.05854,13.99388,0
          109.05874,13.99297,0
          109.05912,13.99103,0
          109.05946,13.98944,0
          109.05953,13.98897,0
          109.05988,13.98717,0
          109.0603,13.98523,0
          109.06032,13.98508,0
          109.06032,13.98506,0
          109.06036,13.98477,0
          109.06041,13.98456,0
          109.06049,13.98413,0
          109.06057,13.98383,0
          109.06063,13.98348,0
          109.06074,13.983,0
          109.06085,13.98243,0
          109.06092,13.98217,0
          109.06104,13.98163,0
          109.0611,13.9815,0
          109.06114,13.98146,0
          109.06113,13.98109,0
          109.06115,13.98096,0
          109.06117,13.98074,0
          109.0613,13.98,0
          109.06154,13.97886,0
          109.06154,13.97885,0
          109.06155,13.97883,0
          109.06223,13.97558,0
          109.06244,13.97445,0
          109.06245,13.97442,0
          109.06266,13.97333,0
          109.06318,13.97033,0
          109.06347,13.9689,0
          109.06352,13.96859,0
          109.06364,13.96801,0
          109.06371,13.96777,0
          109.06381,13.96749,0
          109.0639,13.9673,0
          109.06429,13.96664,0
          109.06432,13.9666,0
          109.06495,13.9656,0
          109.0657,13.9643,0
          109.06591,13.96401,0
          109.06634,13.96331,0
          109.06652,13.96299,0
          109.06716,13.96194,0
          109.06733,13.96168,0
          109.06741,13.96154,0
          109.06792,13.9608,0
          109.06897,13.95914,0
          109.06935,13.9584,0
          109.07161,13.95481,0
          109.0717,13.95468,0
          109.07235,13.9536,0
          109.07235,13.95359,0
          109.07513,13.94906,0
          109.07516,13.949,0
          109.07535,13.94874,0
          109.0754,13.94856,0
          109.07614,13.94742,0
          109.07711,13.94583,0
          109.07727,13.94552,0
          109.07736,13.94537,0
          109.07775,13.94463,0
          109.0797,13.94113,0
          109.07986,13.94087,0
          109.08077,13.93928,0
          109.081,13.93893,0
          109.08114,13.93883,0
          109.08131,13.93864,0
          109.08156,13.93858,0
          109.08171,13.93857,0
          109.08185,13.93857,0
          109.08198,13.93858,0
          109.08237,13.93863,0
          109.08244,13.93863,0
          109.08268,13.93867,0
          109.08273,13.93869,0
          109.08496,13.93889,0
          109.08565,13.93898,0
          109.08752,13.93916,0
          109.08782,13.93917,0
          109.08811,13.93916,0
          109.0883,13.93914,0
          109.0888,13.93902,0
          109.08928,13.93885,0
          109.08954,13.93871,0
          109.08984,13.93853,0
          109.0901,13.93833,0
          109.09012,13.93832,0
          109.0975,13.93145,0
          109.09839,13.93059,0
          109.09899,13.93005,0
          109.09906,13.92997,0
          109.09982,13.9293,0
          109.10383,13.92551,0
          109.10394,13.92542,0
          109.10756,13.92205,0
          109.10786,13.92179,0
          109.1095,13.92027,0
          109.10965,13.92012,0
          109.10988,13.91986,0
          109.11004,13.9197,0
          109.11049,13.91917,0
          109.11246,13.91649,0
          109.11323,13.9154,0
          109.11342,13.9151,0
          109.11394,13.9144,0
          109.11396,13.91436,0
          109.11512,13.91273,0
          109.11513,13.91272,0
          109.11651,13.91082,0
          109.11661,13.91067,0
          109.11703,13.91014,0
          109.11769,13.90918,0
          109.11809,13.9085,0
          109.11828,13.90809,0
          109.11843,13.90768,0
          109.11853,13.90733,0
          109.1186,13.90695,0
          109.11882,13.90553,0
          109.11889,13.90496,0
          109.11892,13.9046,0
          109.11912,13.90333,0
          109.11924,13.90228,0
          109.11967,13.89904,0
          109.11996,13.89731,0
          109.11996,13.89728,0
          109.12034,13.89512,0
          109.12033,13.89492,0
          109.12036,13.89469,0
          109.12121,13.88981,0
          109.12126,13.88957,0
          109.12126,13.88955,0
          109.12132,13.88921,0
          109.12137,13.88885,0
          109.12146,13.88838,0
          109.12156,13.88796,0
          109.12173,13.88739,0
          109.12181,13.88706,0
          109.12235,13.88564,0
          109.12235,13.88555,0
          109.12239,13.88544,0
          109.1224,13.88538,0
          109.12263,13.88455,0
          109.12269,13.88442,0
          109.12262,13.88435,0
          109.1226,13.88432,0
          109.1226,13.88422,0
          109.12262,13.88419,0
          109.12266,13.88415,0
          109.12269,13.88413,0
          109.12272,13.88412,0
          109.12279,13.88412,0
          109.12283,13.88399,0
          109.12294,13.88378,0
          109.12312,13.88326,0
          109.12319,13.88298,0
          109.12327,13.88274,0
          109.12346,13.88202,0
          109.12365,13.88117,0
          109.12385,13.88047,0
          109.12427,13.87856,0
          109.12445,13.87735,0
          109.12449,13.87719,0
          109.12451,13.87705,0
          109.1245,13.8763,0
          109.12446,13.87578,0
          109.12442,13.87553,0
          109.12441,13.87508,0
          109.12431,13.87403,0
          109.1243,13.87348,0
          109.12429,13.87335,0
          109.12432,13.87311,0
          109.12432,13.87297,0
          109.12435,13.87288,0
          109.12451,13.87254,0
          109.1253,13.87137,0
          109.12638,13.87008,0
          109.12761,13.86851,0
          109.12785,13.86826,0
          109.12797,13.86816,0
          109.12798,13.86816,0
          109.12818,13.868,0
          109.12879,13.86768,0
          109.12911,13.86749,0
          109.12916,13.86745,0
          109.12926,13.8674,0
          109.12937,13.86728,0
          109.12952,13.86703,0
          109.12972,13.8666,0
          109.13023,13.86526,0
          109.13026,13.8652,0
          109.13029,13.86516,0
          109.1313,13.86256,0
          109.13256,13.85917,0
          109.1333,13.85693,0
          109.13369,13.85582,0
          109.13452,13.8537,0
          109.13458,13.85352,0
          109.13464,13.85338,0
          109.13464,13.85337,0
          109.13485,13.85287,0
          109.13502,13.85236,0
          109.1356,13.85077,0
          109.13605,13.84946,0
          109.1364,13.84861,0
          109.13788,13.84449,0
          109.13823,13.84362,0
          109.13978,13.83941,0
          109.13978,13.8394,0
          109.13984,13.8392,0
          109.14084,13.83664,0
          109.141,13.83617,0
          109.14101,13.83616,0
          109.14103,13.83609,0
          109.14263,13.83198,0
          109.14267,13.83191,0
          109.14278,13.83164,0
          109.14284,13.83147,0
          109.14285,13.83143,0
          109.14309,13.8308,0
          109.14314,13.83063,0
          109.1432,13.83046,0
          109.14526,13.82344,0
          109.14552,13.82263,0
          109.14571,13.8218,0
          109.14591,13.82109,0
          109.14595,13.82091,0
          109.14618,13.82013,0
          109.14622,13.81993,0
          109.14625,13.81982,0
          109.14626,13.81981,0
          109.14636,13.81936,0
          109.14636,13.81935,0
          109.14651,13.81886,0
          109.14651,13.81884,0
          109.14673,13.81804,0
          109.14674,13.81802,0
          109.14686,13.81756,0
          109.14686,13.81753,0
          109.14687,13.81751,0
          109.1469,13.81738,0
          109.1469,13.81736,0
          109.14691,13.81734,0
          109.147,13.81684,0
          109.147,13.81682,0
          109.14706,13.8165,0
          109.14708,13.8163,0
          109.14711,13.81612,0
          109.14715,13.8154,0
          109.14716,13.81539,0
          109.14717,13.81522,0
          109.1471,13.81111,0
          109.14708,13.81067,0
          109.14707,13.80813,0
          109.14708,13.80769,0
          109.14711,13.80733,0
          109.14724,13.8064,0
          109.14729,13.80614,0
          109.14735,13.80561,0
          109.14736,13.80543,0
          109.14738,13.80525,0
          109.14738,13.80522,0
          109.14744,13.80473,0
          109.14746,13.80436,0
          109.14751,13.80069,0
          109.1475,13.79991,0
          109.14751,13.79987,0
          109.14751,13.79868,0
          109.14753,13.79825,0
          109.14753,13.79807,0
          109.14757,13.79741,0
          109.14759,13.7955,0
          109.14762,13.79544,0
          109.14764,13.79481,0
          109.14767,13.79478,0
          109.14769,13.79471,0
          109.14771,13.7946,0
          109.14777,13.79448,0
          109.14786,13.79434,0
          109.14797,13.7942,0
          109.14814,13.79405,0
          109.14838,13.79389,0
          109.14872,13.79375,0
          109.14884,13.79371,0
          109.14899,13.79364,0
          109.14914,13.79355,0
          109.15022,13.79362,0
          109.15326,13.79374,0
          109.15331,13.79375,0
          109.15573,13.79384,0
          109.15599,13.79384,0
          109.15903,13.79395,0
          109.16012,13.79401,0
          109.16112,13.79404,0
          109.16228,13.79404,0
          109.16233,13.79399,0
          109.16234,13.79399,0
          109.16236,13.79398,0
          109.16239,13.79397,0
          109.16241,13.79396,0
          109.16244,13.79396,0
          109.16247,13.79395,0
          109.1625,13.79396,0
          109.16252,13.79396,0
          109.16258,13.79398,0
          109.1626,13.79399,0
          109.16261,13.794,0
          109.16265,13.79402,0
          109.16267,13.79404,0
          109.16285,13.79402,0
          109.16307,13.79404,0
          109.16541,13.79396,0
          109.16716,13.79394,0
          109.16739,13.79392,0
          109.16761,13.79386,0
          109.16787,13.79376,0
          109.16817,13.79361,0
          109.16848,13.79342,0
          109.16956,13.7926,0
          109.17013,13.79219,0
          109.17015,13.79218,0
          109.1702,13.79214,0
          109.1711,13.79154,0
          109.17153,13.79127,0
          109.17176,13.79117,0
          109.17232,13.79096,0
          109.17279,13.79082,0
          109.17338,13.79068,0
          109.17368,13.79056,0
          109.17398,13.79042,0
          109.17411,13.79034,0
          109.17431,13.79018,0
          109.17451,13.79,0
          109.17451,13.78999,0
          109.17551,13.789,0
          109.17642,13.78799,0
          109.1769,13.78741,0
          109.17691,13.78741,0
          109.17716,13.78712,0
          109.17751,13.78676,0
          109.1781,13.78623,0
          109.17845,13.78595,0
          109.17881,13.78556,0
          109.17905,13.78522,0
          109.17983,13.78371,0
          109.18061,13.78227,0
          109.18086,13.78184,0
          109.18088,13.78182,0
          109.18096,13.78168,0
          109.18099,13.78165,0
          109.18107,13.78155,0
          109.18111,13.78152,0
          109.18122,13.7814,0
          109.18137,13.78126,0
          109.18166,13.78103,0
          109.18228,13.78062,0
          109.18234,13.78059,0
          109.18298,13.78021,0
          109.18328,13.77998,0
          109.1838,13.77948,0
          109.18402,13.77923,0
          109.18412,13.77913,0
          109.18503,13.77804,0
          109.18521,13.77784,0
          109.18527,13.77776,0
          109.18562,13.77735,0
          109.18592,13.77702,0
          109.18624,13.77653,0
          109.18632,13.77636,0
          109.1864,13.77616,0
          109.18645,13.77597,0
          109.18655,13.77545,0
          109.18657,13.77515,0
          109.18658,13.77475,0
          109.18663,13.77413,0
          109.18665,13.77404,0
          109.18665,13.77401,0
          109.18669,13.77382,0
          109.18678,13.77353,0
          109.18735,13.7724,0
          109.18765,13.77194,0
          109.18771,13.77187,0
          109.1878,13.77178,0
          109.18806,13.77156,0
          109.18827,13.7714,0
          109.18838,13.77133,0
          109.18982,13.77071,0
          109.19085,13.77031,0
          109.19186,13.76988,0
          109.19468,13.76875,0
          109.19501,13.76858,0
          109.19519,13.76851,0
          109.19676,13.76808,0
          109.19713,13.76794,0
          109.19752,13.76772,0
          109.19761,13.76766,0
          109.19766,13.76762,0
          109.19786,13.76742,0
          109.19799,13.76727,0
          109.19821,13.76693,0
          109.19836,13.76665,0
          109.19866,13.76585,0
          109.19874,13.76568,0
          109.19888,13.76533,0
          109.19915,13.76478,0
          109.19939,13.76441,0
          109.19953,13.76425,0
          109.20004,13.76383,0
          109.20064,13.76321,0
          109.20118,13.76262,0
          109.20143,13.76238,0
          109.20215,13.76161,0
          109.20216,13.76159,0
          109.2026,13.76116,0
          109.20294,13.76088,0
          109.20335,13.76064,0
          109.20482,13.75994,0
          109.20517,13.75973,0
          109.20536,13.75959,0
          109.20552,13.75945,0
          109.20558,13.75938,0
          109.20579,13.75908,0
          109.20589,13.75885,0
          109.2066,13.7576,0
          109.20661,13.75757,0
          109.20703,13.75688,0
          109.20771,13.75593,0
          109.20801,13.75542,0
          109.20806,13.75535,0
          109.20809,13.75526,0
          109.20809,13.75518,0
          109.2081,13.75517,0
          109.2081,13.75516,0
          109.20811,13.75515,0
          109.20811,13.75514,0
          109.20812,13.75513,0
          109.20812,13.75512,0
          109.20813,13.75512,0
          109.20816,13.75509,0
          109.20817,13.75509,0
          109.20817,13.75508,0
          109.20818,13.75508,0
          109.20819,13.75507,0
          109.20819,13.75499,0
          109.20822,13.75452,0
          109.20821,13.75426,0
          109.20812,13.75323,0
          109.20804,13.75252,0
          109.20786,13.75157,0
          109.20775,13.7511,0
          109.20752,13.75044,0
          109.20749,13.75029,0
          109.20727,13.74958,0
          109.2071,13.74893,0
          109.20701,13.74841,0
          109.20694,13.74782,0
          109.20686,13.74659,0
          109.20683,13.74632,0
          109.20679,13.74553,0
          109.2068,13.74546,0
          109.20683,13.74496,0
          109.2069,13.74458,0
          109.20698,13.74422,0
          109.20718,13.74358,0
          109.20725,13.74324,0
          109.20726,13.74323,0
          109.20727,13.74311,0
          109.20731,13.74289,0
          109.2075,13.74096,0
          109.2075,13.7409,0
          109.20756,13.74027,0
          109.20759,13.74007,0
          109.20762,13.73976,0
          109.20765,13.73925,0
          109.20764,13.7387,0
          109.20761,13.73807,0
          109.20765,13.73774,0
          109.2078,13.73724,0
          109.20782,13.73721,0
          109.2079,13.73702,0
          109.20826,13.73631,0
          109.20838,13.7361,0
          109.20848,13.73589,0
          109.20862,13.73564,0
          109.20879,13.73542,0
          109.20906,13.73516,0
          109.20921,13.73504,0
          109.20992,13.73458,0
          109.21008,13.73442,0
          109.21014,13.73435,0
          109.21021,13.73425,0
          109.2103,13.73406,0
          109.21034,13.73389,0
          109.21036,13.7337,0
          109.21035,13.73358,0
          109.21032,13.73344,0
          109.21028,13.73333,0
          109.21018,13.7331,0
          109.21012,13.73301,0
          109.2096,13.73241,0
          109.20948,13.73222,0
          109.20912,13.73132,0
          109.20911,13.73128,0
          109.20905,13.73114,0
          109.20899,13.73103,0
          109.20887,13.73086,0
          109.20883,13.73082,0
          109.2088,13.73077,0
          109.2084,13.73037,0
          109.20823,13.73016,0
          109.20812,13.72992,0
          109.2081,13.72983,0
          109.20809,13.72981,0
          109.20807,13.7297,0
          109.20805,13.72946,0
          109.20806,13.72937,0
          109.20808,13.72929,0
          109.20812,13.72917,0
          109.20856,13.72805,0
          109.2086,13.72791,0
          109.20862,13.72762,0
          109.20859,13.72744,0
          109.20856,13.72734,0
          109.20851,13.72721,0
          109.20827,13.72676,0
          109.20822,13.72665,0
          109.20816,13.72645,0
          109.20815,13.72644,0
          109.20813,13.72632,0
          109.20812,13.72618,0
          109.20814,13.72594,0
          109.20819,13.72574,0
          109.20826,13.72556,0
          109.20826,13.72554,0
          109.20836,13.7253,0
          109.2085,13.72492,0
          109.20852,13.72483,0
          109.20853,13.72473,0
          109.20853,13.72451,0
          109.20851,13.72436,0
          109.20844,13.72414,0
          109.20838,13.724,0
          109.20822,13.72374,0
          109.20814,13.72366,0
          109.20807,13.72358,0
          109.20806,13.72358,0
          109.20796,13.72349,0
          109.20782,13.72341,0
          109.20761,13.72333,0
          109.20741,13.72329,0
          109.20686,13.72326,0
          109.20667,13.72326,0
          109.2061,13.72322,0
          109.20595,13.7232,0
          109.2058,13.72316,0
          109.20565,13.7231,0
          109.20549,13.72299,0
          109.20529,13.72279,0
          109.20516,13.72261,0
          109.20511,13.72253,0
          109.20493,13.72214,0
          109.20446,13.72098,0
          109.20441,13.7208,0
          109.20438,13.72051,0
          109.20445,13.72017,0
          109.20448,13.72009,0
          109.20458,13.71989,0
          109.20466,13.71976,0
          109.20485,13.71955,0
          109.20633,13.71858,0
          109.20744,13.7179,0
          109.20791,13.71759,0
          109.20806,13.71748,0
          109.20816,13.71737,0
          109.20826,13.71723,0
          109.20833,13.71708,0
          109.2084,13.7169,0
          109.20846,13.71663,0
          109.20886,13.7138,0
          109.20887,13.71366,0
          109.20893,13.71339,0
          109.20893,13.71337,0
          109.20898,13.71322,0
          109.20907,13.71306,0
          109.20917,13.71292,0
          109.20917,13.71291,0
          109.20928,13.7128,0
          109.2094,13.71271,0
          109.2095,13.71265,0
          109.20958,13.71261,0
          109.20975,13.71254,0
          109.21057,13.71232,0
          109.21089,13.71226,0
          109.21097,13.71225,0
          109.21102,13.71225,0
          109.21114,13.71224,0
          109.21127,13.71225,0
          109.21149,13.71229,0
          109.21151,13.7123,0
          109.21165,13.71234,0
          109.21178,13.7124,0
          109.21195,13.71249,0
          109.21209,13.71258,0
          109.21288,13.71323,0
          109.21312,13.71341,0
          109.21348,13.71371,0
          109.21378,13.71394,0
          109.21387,13.714,0
          109.2141,13.71411,0
          109.21423,13.71414,0
          109.21436,13.71415,0
          109.21438,13.71416,0
          109.21454,13.71417,0
          109.21473,13.71415,0
          109.21483,13.71413,0
          109.21588,13.71374,0
          109.21667,13.71342,0
          109.21672,13.71341,0
          109.21688,13.71336,0
          109.21704,13.71333,0
          109.21708,13.71333,0
          109.21716,13.71332,0
          109.21914,13.71327,0
          109.21922,13.71326,0
          109.21927,13.71324,0
          109.21935,13.71322,0
          109.21944,13.71319,0
          109.21963,13.71309,0
          109.21964,13.71308,0
          109.21969,13.71305,0
          109.21987,13.71289,0
          109.2199,13.71285,0
          109.21998,13.71276,0
          109.22045,13.71211,0
          109.22045,13.7121,0
          109.22076,13.71167,0
          109.22081,13.71161,0
          109.22101,13.71132,0
          109.22103,13.71128,0
          109.22119,13.71106,0
          109.22125,13.71093,0
          109.22125,13.71091,0
          109.22127,13.71086,0
          109.22131,13.71068,0
          109.22132,13.71057,0
          109.22132,13.71046,0
          109.22129,13.71025,0
          109.22103,13.70951,0
          109.22101,13.70948,0
          109.22088,13.70917,0
          109.22088,13.70915,0
          109.22083,13.70897,0
          109.22082,13.70888,0
          109.22082,13.70865,0
          109.22086,13.70848,0
          109.22101,13.70796,0
          109.22132,13.70707,0
          109.22188,13.70577,0
          109.22192,13.70566,0
          109.22196,13.70557,0
          109.22201,13.7054,0
          109.22201,13.70539,0
          109.22203,13.70529,0
          109.22203,13.70518,0
          109.22204,13.70504,0
          109.22202,13.70464,0
          109.22202,13.70437,0
          109.22203,13.70429,0
          109.22203,13.70421,0
          109.22205,13.70411,0
          109.22259,13.70236,0
          109.22263,13.7022,0
          109.22265,13.70209,0
          109.22265,13.70194,0
          109.22263,13.70176,0
          109.22263,13.70171,0
          109.22261,13.70165,0
          109.2226,13.7016,0
          109.22257,13.70154,0
          109.222,13.70011,0
          109.22199,13.7001,0
          109.22196,13.7,0
          109.22195,13.69995,0
          109.22194,13.69983,0
          109.22192,13.6997,0
          109.22192,13.69963,0
          109.22194,13.69945,0
          109.22195,13.6994,0
          109.22203,13.69918,0
          109.22208,13.69907,0
          109.22218,13.69893,0
          109.22232,13.69879,0
          109.22243,13.6987,0
          109.22329,13.69808,0
          109.22368,13.69778,0
          109.22392,13.69756,0
          109.22404,13.69743,0
          109.22412,13.69733,0
          109.22451,13.69677,0
          109.22508,13.69581,0
          109.22515,13.69563,0
          109.2253,13.69502,0
          109.22551,13.6939,0
          109.22556,13.6937,0
          109.22583,13.69282,0
          109.22585,13.69273,0
          109.22586,13.69271,0
          109.22588,13.69258,0
          109.22589,13.69255,0
          109.22589,13.6925,0
          109.2259,13.69243,0
          109.2259,13.69234,0
          109.22589,13.69225,0
          109.22588,13.6922,0
          109.22588,13.69218,0
          109.22583,13.69202,0
          109.22549,13.69127,0
          109.22524,13.69076,0
          109.22515,13.69055,0
          109.22509,13.69037,0
          109.22506,13.69018,0
          109.22507,13.68996,0
          109.22511,13.68975,0
          109.22522,13.68928,0
          109.22531,13.68879,0
          109.22533,13.68862,0
          109.22536,13.68856,0
          109.22538,13.68847,0
          109.22545,13.68833,0
          109.22551,13.68824,0
          109.22561,13.68811,0
          109.22573,13.68799,0
          109.22634,13.68753,0
          109.22651,13.68742,0
          109.22667,13.68733,0
          109.22689,13.68724,0
          109.2271,13.68717,0
          109.2279,13.68696,0
          109.22804,13.6869,0
          109.2282,13.68682,0
          109.22836,13.68671,0
          109.22851,13.68658,0
          109.22867,13.68641,0
          109.2293,13.68565,0
          109.22981,13.68498,0
          109.22989,13.68483,0
          109.2299,13.6848,0
          109.23009,13.68438,0
          109.23014,13.68424,0
          109.23015,13.6842,0
          109.23057,13.68316,0
          109.23068,13.68297,0
          109.23073,13.68287,0
          109.23154,13.68162,0
          109.23154,13.68161,0
          109.23162,13.6815,0
          109.23175,13.68122,0
          109.23189,13.68087,0
          109.2326,13.67886,0
          109.23268,13.67867,0
          109.23271,13.67862,0
          109.23292,13.67812,0
          109.23305,13.67785,0
          109.23329,13.67727,0
          109.23334,13.67712,0
          109.23336,13.67703,0
          109.23336,13.677,0
          109.23337,13.67694,0
          109.23337,13.6768,0
          109.23335,13.6766,0
          109.23331,13.67647,0
          109.23327,13.6763,0
          109.23302,13.67541,0
          109.23297,13.67526,0
          109.23288,13.67491,0
          109.23277,13.67455,0
          109.23276,13.67449,0
          109.23272,13.67435,0
          109.23271,13.67425,0
          109.23271,13.67415,0
          109.23272,13.67404,0
          109.23272,13.67399,0
          109.23273,13.67392,0
          109.23275,13.67386,0
          109.23275,13.67385,0
          109.23277,13.6738,0
          109.23279,13.67373,0
          109.23289,13.67353,0
          109.23292,13.67349,0
          109.2331,13.67314,0
          109.23314,13.67305,0
          109.23318,13.67291,0
          109.2332,13.67281,0
          109.23321,13.67266,0
          109.23321,13.67257,0
          109.23316,13.67231,0
          109.23311,13.67217,0
          109.23305,13.67206,0
          109.23298,13.67195,0
          109.23298,13.67194,0
          109.23289,13.67183,0
          109.23286,13.67181,0
          109.23278,13.67173,0
          109.23264,13.67163,0
          109.23253,13.67158,0
          109.23244,13.67153,0
          109.23216,13.67146,0
          109.23186,13.67146,0
          109.2312,13.67158,0
          109.23117,13.67158,0
          109.22983,13.67183,0
          109.22975,13.67183,0
          109.22967,13.67184,0
          109.22957,13.67184,0
          109.22946,13.67183,0
          109.22921,13.67177,0
          109.2291,13.67172,0
          109.22898,13.67165,0
          109.2289,13.67159,0
          109.22882,13.67152,0
          109.22874,13.67144,0
          109.22868,13.67137,0
          109.22861,13.67126,0
          109.22849,13.67096,0
          109.22846,13.67082,0
          109.22843,13.66991,0
          109.22841,13.66815,0
          109.22842,13.66784,0
          109.22851,13.6669,0
          109.22886,13.66485,0
          109.22897,13.6643,0
          109.22924,13.66315,0
          109.22926,13.66299,0
          109.22927,13.66264,0
          109.2293,13.66224,0
          109.22931,13.66221,0
          109.22931,13.6622,0
          109.22958,13.6607,0
          109.22964,13.6605,0
          109.22973,13.66025,0
          109.22985,13.65998,0
          109.22996,13.6597,0
          109.2301,13.65944,0
          109.23071,13.65847,0
          109.23072,13.65846,0
          109.2311,13.65787,0
          109.23119,13.6577,0
          109.23124,13.65757,0
          109.23128,13.65741,0
          109.23128,13.65736,0
          109.23129,13.65724,0
          109.23129,13.65709,0
          109.23127,13.65698,0
          109.23126,13.65697,0
          109.23122,13.65683,0
          109.23115,13.65668,0
          109.23109,13.65657,0
          109.231,13.65645,0
          109.23089,13.65633,0
          109.23079,13.65625,0
          109.23075,13.65623,0
          109.23064,13.65616,0
          109.23063,13.65616,0
          109.23062,13.65615,0
          109.2305,13.65609,0
          109.23036,13.65604,0
          109.23028,13.65602,0
          109.23006,13.656,0
          109.22848,13.65608,0
          109.22828,13.65608,0
          109.22799,13.65604,0
          109.22789,13.65602,0
          109.2278,13.65599,0
          109.22766,13.65593,0
          109.2274,13.65579,0
          109.2272,13.65565,0
          109.22696,13.65541,0
          109.22686,13.65527,0
          109.22674,13.65506,0
          109.22644,13.65444,0
          109.226,13.65345,0
          109.22597,13.65332,0
          109.22594,13.65314,0
          109.22595,13.65298,0
          109.22597,13.65283,0
          109.22601,13.65267,0
          109.22606,13.65253,0
          109.22612,13.65241,0
          109.22623,13.65223,0
          109.22638,13.65206,0
          109.2281,13.65049,0
          109.22824,13.65032,0
          109.22833,13.65015,0
          109.22834,13.65014,0
          109.22836,13.65009,0
          109.22842,13.64997,0
          109.22851,13.64965,0
          109.22852,13.64951,0
          109.22851,13.64935,0
          109.22843,13.64866,0
          109.22843,13.64843,0
          109.22844,13.64828,0
          109.22849,13.64801,0
          109.22874,13.6472,0
          109.22878,13.64701,0
          109.2288,13.64684,0
          109.2288,13.64675,0
          109.22879,13.64665,0
          109.22874,13.64649,0
          109.22866,13.64634,0
          109.22856,13.64619,0
          109.22842,13.64607,0
          109.22833,13.64601,0
          109.22832,13.646,0
          109.22822,13.64595,0
          109.22821,13.64594,0
          109.2281,13.6459,0
          109.228,13.64588,0
          109.22793,13.64586,0
          109.22786,13.64586,0
          109.22772,13.64587,0
          109.2275,13.64593,0
          109.22727,13.64605,0
          109.2272,13.64613,0
          109.22715,13.64617,0
          109.22682,13.64652,0
          109.22682,13.64653,0
          109.22642,13.64697,0
          109.2264,13.647,0
          109.22608,13.64733,0
          109.22589,13.64749,0
          109.22577,13.64758,0
          109.22559,13.64767,0
          109.22547,13.64771,0
          109.22535,13.64773,0
          109.2252,13.64774,0
          109.22506,13.64774,0
          109.2249,13.64771,0
          109.22479,13.64768,0
          109.22462,13.64761,0
          109.2245,13.64754,0
          109.22441,13.64747,0
          109.22422,13.6473,0
          109.22416,13.64723,0
          109.2241,13.64713,0
          109.22404,13.64701,0
          109.22398,13.64685,0
          109.2229,13.64197,0
          109.22284,13.64156,0
          109.22282,13.64134,0
          109.22283,13.64095,0
          109.22288,13.64051,0
          109.22296,13.64019,0
          109.22314,13.63972,0
          109.22327,13.63945,0
          109.22489,13.63658,0
          109.2253,13.63577,0
          109.22566,13.63497,0
          109.22592,13.63432,0
          109.22616,13.63367,0
          109.22861,13.6258,0
          109.22861,13.62577,0
          109.23134,13.61691,0
          109.2314,13.61674,0
          109.23239,13.61354,0
          109.2324,13.61349,0
          109.23479,13.60583,0
          109.23484,13.60569,0
          109.23484,13.60568,0
          109.23553,13.60366,0
          109.23554,13.60366,0
          109.23555,13.60362,0
          109.23556,13.60361,0
          109.23612,13.60224,0
          109.23616,13.60216,0
          109.23622,13.60198,0
          109.23634,13.60169,0
          109.2364,13.60152,0
          109.23754,13.59869,0
          109.23786,13.59796,0
          109.23808,13.59754,0
          109.23838,13.59707,0
          109.23853,13.59686,0
          109.23895,13.59636,0
          109.23992,13.59528,0
          109.24005,13.59515,0
          109.24237,13.59259,0
          109.24246,13.59248,0
          109.24285,13.59206,0
          109.24335,13.59148,0
          109.2435,13.59128,0
          109.24375,13.59091,0
          109.24392,13.59062,0
          109.24488,13.58879,0
          109.24629,13.58597,0
          109.24658,13.58534,0
          109.24675,13.58489,0
          109.24681,13.58469,0
          109.24699,13.58392,0
          109.24721,13.58287,0
          109.24724,13.58269,0
          109.24726,13.58263,0
          109.24759,13.58098,0
          109.24761,13.58093,0
          109.24876,13.57534,0
          109.24881,13.57498,0
          109.24883,13.57471,0
          109.24881,13.57446,0
          109.24878,13.57429,0
          109.24864,13.57384,0
          109.24843,13.57341,0
          109.24817,13.57299,0
          109.24773,13.57222,0
          109.24671,13.57053,0
          109.24659,13.57029,0
          109.24608,13.56943,0
          109.24579,13.56887,0
          109.24571,13.56868,0
          109.24569,13.56861,0
          109.24569,13.56841,0
          109.24573,13.56822,0
          109.24575,13.56815,0
          109.24573,13.56809,0
          109.24577,13.56778,0
          109.24577,13.56764,0
          109.24575,13.56745,0
          109.2457,13.56724,0
          109.24549,13.56655,0
          109.24538,13.56612,0
          109.24536,13.56599,0
          109.24532,13.56581,0
          109.24512,13.56462,0
          109.2451,13.56441,0
          109.2451,13.56423,0
          109.24512,13.56399,0
          109.24515,13.56379,0
          109.24554,13.56224,0
          109.24559,13.56209,0
          109.24564,13.56183,0
          109.24567,13.5616,0
          109.24566,13.56134,0
          109.24557,13.56105,0
          109.24543,13.5608,0
          109.24525,13.56058,0
          109.24383,13.55912,0
          109.24262,13.55792,0
          109.24222,13.55749,0
          109.24219,13.55747,0
          109.24201,13.55728,0
          109.24189,13.55714,0
          109.2418,13.55698,0
          109.24171,13.55684,0
          109.24166,13.55673,0
          109.24162,13.55656,0
          109.24157,13.55626,0
          109.24158,13.55601,0
          109.24169,13.55559,0
          109.24174,13.55545,0
          109.24236,13.55429,0
          109.24246,13.55414,0
          109.2426,13.55399,0
          109.24285,13.5538,0
          109.24318,13.55363,0
          109.24425,13.55317,0
          109.24476,13.55293,0
          109.24513,13.55273,0
          109.24558,13.55238,0
          109.24614,13.55187,0
          109.2466,13.55152,0
          109.24681,13.5514,0
          109.2471,13.55125,0
          109.24766,13.55101,0
          109.24877,13.55057,0
          109.24901,13.55046,0
          109.25014,13.54982,0
          109.25036,13.54966,0
          109.25057,13.54949,0
          109.25082,13.54918,0
          109.25105,13.54875,0
          109.25112,13.54856,0
          109.25115,13.54841,0
          109.2512,13.54823,0
          109.25124,13.5476,0
          109.25127,13.54736,0
          109.2513,13.54688,0
          109.25134,13.54652,0
          109.25137,13.54575,0
          109.25138,13.54565,0
          109.25138,13.54557,0
          109.25135,13.54524,0
          109.25114,13.54445,0
          109.25106,13.54402,0
          109.25106,13.54388,0
          109.25108,13.54374,0
          109.25116,13.54348,0
          109.2513,13.54319,0
          109.25141,13.54301,0
          109.25168,13.54268,0
          109.2518,13.54255,0
          109.25215,13.54206,0
          109.25234,13.54169,0
          109.25245,13.54134,0
          109.25253,13.54094,0
          109.25276,13.53931,0
          109.25295,13.53828,0
          109.25302,13.53778,0
          109.25303,13.53761,0
          109.253,13.53738,0
          109.25296,13.53721,0
          109.25287,13.53697,0
          109.25277,13.53674,0
          109.25265,13.53657,0
          109.25248,13.53636,0
          109.25227,13.53619,0
          109.25221,13.53615,0
          109.25205,13.53606,0
          109.25198,13.53601,0
          109.25128,13.53564,0
          109.25088,13.5354,0
          109.25069,13.53525,0
          109.25054,13.53509,0
          109.25023,13.53469,0
          109.25009,13.53444,0
          109.24997,13.53419,0
          109.24991,13.53398,0
          109.24972,13.53305,0
          109.24927,13.53114,0
          109.24913,13.53079,0
          109.24908,13.53069,0
          109.24904,13.53063,0
          109.24898,13.53052,0
          109.2483,13.5296,0
          109.24799,13.52915,0
          109.24784,13.52888,0
          109.24757,13.5282,0
          109.24756,13.52819,0
          109.2475,13.52806,0
          109.24739,13.52786,0
          109.24712,13.52744,0
          109.24699,13.5273,0
          109.2468,13.52712,0
          109.24649,13.52689,0
          109.24629,13.52677,0
          109.24613,13.52669,0
          109.24579,13.5265,0
          109.24557,13.52634,0
          109.24539,13.52619,0
          109.24513,13.52593,0
          109.24496,13.52572,0
          109.2448,13.52549,0
          109.2447,13.5253,0
          109.24457,13.525,0
          109.2445,13.52476,0
          109.24446,13.52455,0
          109.24442,13.52414,0
          109.24442,13.52397,0
          109.24444,13.52372,0
          109.24447,13.5235,0
          109.24511,13.52044,0
          109.24521,13.52009,0
          109.2453,13.51984,0
          109.2454,13.51962,0
          109.24563,13.5193,0
          109.24576,13.51915,0
          109.24591,13.51902,0
          109.24628,13.51875,0
          109.24645,13.51866,0
          109.24663,13.51859,0
          109.24741,13.51825,0
          109.2482,13.51788,0
          109.24837,13.51774,0
          109.24843,13.5177,0
          109.24857,13.51753,0
          109.24868,13.51738,0
          109.24877,13.51721,0
          109.24884,13.51705,0
          109.24891,13.51681,0
          109.24894,13.51655,0
          109.24894,13.51642,0
          109.24892,13.51626,0
          109.24888,13.51606,0
          109.2488,13.51583,0
          109.24871,13.51566,0
          109.24757,13.51372,0
          109.24744,13.51344,0
          109.24739,13.51323,0
          109.24739,13.51322,0
          109.24736,13.51311,0
          109.24736,13.51285,0
          109.24738,13.51268,0
          109.24738,13.51266,0
          109.2474,13.51251,0
          109.24741,13.5125,0
          109.24743,13.51234,0
          109.2477,13.51126,0
          109.2479,13.51069,0
          109.24797,13.51044,0
          109.24798,13.51036,0
          109.24806,13.50995,0
          109.2483,13.50915,0
          109.24839,13.50859,0
          109.24842,13.50767,0
          109.24842,13.50644,0
          109.24845,13.50611,0
          109.24849,13.50585,0
          109.24859,13.50537,0
          109.249,13.50393,0
          109.24907,13.5036,0
          109.24907,13.50351,0
          109.24911,13.5032,0
          109.24912,13.50299,0
          109.24911,13.50273,0
          109.24908,13.50245,0
          109.24899,13.50198,0
          109.24888,13.50156,0
          109.24877,13.50131,0
          109.24852,13.50083,0
          109.24836,13.50058,0
          109.24818,13.50034,0
          109.24787,13.50001,0
          109.24739,13.49958,0
          109.24643,13.4988,0
          109.2462,13.49867,0
          109.24602,13.49859,0
          109.24575,13.49851,0
          109.24547,13.49847,0
          109.24526,13.49847,0
          109.24378,13.49857,0
          109.2435,13.49855,0
          109.24313,13.49849,0
          109.24276,13.49839,0
          109.24239,13.49822,0
          109.24048,13.49717,0
          109.24006,13.49688,0
          109.23994,13.49676,0
          109.23976,13.49644,0
          109.23964,13.49599,0
          109.23957,13.49562,0
          109.23946,13.49485,0
          109.2394,13.4946,0
          109.23932,13.49437,0
          109.23924,13.49419,0
          109.23914,13.494,0
          109.23901,13.49378,0
          109.23892,13.49365,0
          109.23892,13.49363,0
          109.23875,13.49327,0
          109.23871,13.49315,0
          109.23866,13.49296,0
          109.23866,13.49293,0
          109.23861,13.49273,0
          109.2386,13.4926,0
          109.23861,13.49239,0
          109.23864,13.49217,0
          109.23869,13.49197,0
          109.23886,13.49155,0
          109.23912,13.49104,0
          109.23951,13.49021,0
          109.2396,13.48998,0
          109.23965,13.48979,0
          109.23967,13.48964,0
          109.23967,13.48942,0
          109.23965,13.48927,0
          109.23959,13.48909,0
          109.23953,13.48897,0
          109.23944,13.48882,0
          109.23936,13.48873,0
          109.23916,13.48856,0
          109.23895,13.48844,0
          109.2388,13.48837,0
          109.23708,13.4878,0
          109.2369,13.48772,0
          109.23633,13.48754,0
          109.23587,13.48741,0
          109.23405,13.48681,0
          109.23378,13.48668,0
          109.23363,13.48662,0
          109.23344,13.48652,0
          109.23296,13.48622,0
          109.23255,13.48593,0
          109.23239,13.4858,0
          109.23207,13.48551,0
          109.23144,13.48486,0
          109.23088,13.48418,0
          109.23053,13.48371,0
          109.22814,13.48081,0
          109.22802,13.48063,0
          109.22787,13.48033,0
          109.22782,13.48018,0
          109.22775,13.47979,0
          109.22774,13.47949,0
          109.22775,13.47927,0
          109.22785,13.47883,0
          109.22794,13.47862,0
          109.22819,13.47813,0
          109.22847,13.47751,0
          109.22869,13.47694,0
          109.22904,13.4759,0
          109.2292,13.47547,0
          109.22942,13.47479,0
          109.22952,13.4744,0
          109.2296,13.47391,0
          109.22961,13.47369,0
          109.22961,13.47331,0
          109.22954,13.47215,0
          109.22954,13.47196,0
          109.22945,13.47109,0
          109.22935,13.47062,0
          109.22903,13.46937,0
          109.22881,13.46881,0
          109.22789,13.46672,0
          109.22743,13.46559,0
          109.22736,13.46548,0
          109.22729,13.46535,0
          109.2271,13.46506,0
          109.22683,13.46473,0
          109.22584,13.46365,0
          109.22574,13.46355,0
          109.22558,13.46341,0
          109.22565,13.46334,0
          109.22562,13.46328,0
          109.22525,13.46289,0
          109.22454,13.46206,0
          109.22205,13.45889,0
          109.22204,13.45886,0
          109.22194,13.45871,0
          109.22178,13.45815,0
          109.22171,13.45785,0
          109.22167,13.45772,0
          109.22142,13.45658,0
          109.22137,13.45641,0
          109.22101,13.45475,0
          109.22064,13.45434,0
          109.22045,13.45415,0
          109.22038,13.45404,0
          109.21975,13.45243,0
          109.21964,13.45227,0
          109.21947,13.45208,0
          109.21862,13.45149,0
          109.21843,13.45132,0
          109.21826,13.45109,0
          109.21815,13.45091,0
          109.21716,13.44892,0
          109.21683,13.44837,0
          109.21611,13.44725,0
          109.21592,13.44691,0
          109.21574,13.44644,0
          109.21552,13.44571,0
          109.21548,13.44552,0
          109.21547,13.44526,0
          109.21548,13.44523,0
          109.21552,13.44498,0
          109.21557,13.44479,0
          109.21565,13.44462,0
          109.2159,13.44418,0
          109.21607,13.44395,0
          109.21622,13.4437,0
          109.21671,13.44252,0
          109.21678,13.44228,0
          109.21686,13.44205,0
          109.21694,13.44178,0
          109.21697,13.44154,0
          109.217,13.44112,0
          109.21707,13.43945,0
          109.21721,13.43764,0
          109.21738,13.43465,0
          109.21743,13.43418,0
          109.21746,13.43348,0
          109.21743,13.43325,0
          109.21735,13.43287,0
          109.21717,13.43233,0
          109.21711,13.43212,0
          109.21706,13.4319,0
          109.21701,13.43173,0
          109.21663,13.43007,0
          109.21653,13.42955,0
          109.21627,13.42846,0
          109.21615,13.42789,0
          109.21604,13.42744,0
          109.21595,13.427,0
          109.21594,13.42698,0
          109.21575,13.42612,0
          109.21572,13.42608,0
          109.21569,13.42603,0
          109.21563,13.42582,0
          109.21553,13.4254,0
          109.21547,13.4251,0
          109.21477,13.42303,0
          109.21464,13.42261,0
          109.21456,13.42229,0
          109.2145,13.42197,0
          109.21443,13.42172,0
          109.21443,13.42169,0
          109.21436,13.42127,0
          109.21406,13.41909,0
          109.2139,13.41773,0
          109.21383,13.41738,0
          109.21363,13.41587,0
          109.21362,13.4157,0
          109.21357,13.41522,0
          109.2135,13.41472,0
          109.21344,13.41438,0
          109.21336,13.41367,0
          109.21333,13.41349,0
          109.2133,13.41322,0
          109.21315,13.41236,0
          109.21297,13.41115,0
          109.21285,13.41053,0
          109.21277,13.40968,0
          109.21276,13.40936,0
          109.21279,13.40871,0
          109.2128,13.40779,0
          109.21282,13.40743,0
          109.21281,13.40691,0
          109.21284,13.40605,0
          109.21286,13.40253,0
          109.21289,13.4022,0
          109.21295,13.40188,0
          109.21301,13.40148,0
          109.21317,13.40077,0
          109.21323,13.40033,0
          109.21322,13.39999,0
          109.21298,13.39822,0
          109.21287,13.39764,0
          109.21261,13.39584,0
          109.21261,13.39549,0
          109.21264,13.39525,0
          109.2127,13.39508,0
          109.21284,13.39483,0
          109.21295,13.39471,0
          109.21307,13.39461,0
          109.21322,13.3945,0
          109.21339,13.39441,0
          109.21466,13.39386,0
          109.21532,13.3936,0
          109.21613,13.39322,0
          109.21661,13.39294,0
          109.21691,13.39273,0
          109.21732,13.39241,0
          109.21745,13.39229,0
          109.21757,13.39216,0
          109.2178,13.39197,0
          109.21834,13.39145,0
          109.21853,13.39125,0
          109.21937,13.39044,0
          109.21969,13.3902,0
          109.22014,13.38989,0
          109.22114,13.38932,0
          109.22217,13.3887,0
          109.22269,13.38844,0
          109.22283,13.38839,0
          109.22312,13.38832,0
          109.2234,13.38827,0
          109.22367,13.38824,0
          109.22442,13.38822,0
          109.22483,13.38818,0
          109.22542,13.38806,0
          109.22623,13.38782,0
          109.22701,13.38754,0
          109.22753,13.38738,0
          109.2277,13.38731,0
          109.22793,13.38724,0
          109.22826,13.38717,0
          109.22848,13.38715,0
          109.22869,13.38715,0
          109.22894,13.38717,0
          109.22932,13.38725,0
          109.22936,13.38727,0
          109.22953,13.38733,0
          109.22978,13.38744,0
          109.23035,13.38772,0
          109.23053,13.38779,0
          109.23091,13.38789,0
          109.23115,13.38794,0
          109.23159,13.38789,0
          109.2319,13.38783,0
          109.23307,13.3875,0
          109.23375,13.38733,0
          109.234,13.38729,0
          109.23419,13.38728,0
          109.23451,13.3873,0
          109.23469,13.38733,0
          109.23547,13.3875,0
          109.23586,13.38752,0
          109.23608,13.3875,0
          109.23627,13.38746,0
          109.23634,13.38744,0
          109.23646,13.38742,0
          109.23705,13.38721,0
          109.23722,13.38717,0
          109.23724,13.38716,0
          109.23747,13.38713,0
          109.23769,13.38712,0
          109.23796,13.38713,0
          109.23813,13.38716,0
          109.24042,13.38772,0
          109.24061,13.38775,0
          109.24083,13.38776,0
          109.24102,13.38773,0
          109.24121,13.38768,0
          109.24137,13.38762,0
          109.24138,13.38762,0
          109.24152,13.38755,0
          109.2417,13.38742,0
          109.24182,13.38732,0
          109.24195,13.38718,0
          109.24206,13.387,0
          109.24219,13.38671,0
          109.24225,13.38649,0
          109.24229,13.38627,0
          109.24235,13.38583,0
          109.24256,13.38392,0
          109.24262,13.38318,0
          109.24276,13.3821,0
          109.24303,13.37968,0
          109.24308,13.37896,0
          109.24308,13.37859,0
          109.24317,13.37699,0
          109.24317,13.37649,0
          109.24322,13.37509,0
          109.2433,13.37369,0
          109.2434,13.37104,0
          109.24338,13.37057,0
          109.24334,13.3703,0
          109.24328,13.37,0
          109.24321,13.36974,0
          109.24314,13.36956,0
          109.2429,13.36908,0
          109.24223,13.36794,0
          109.24185,13.36735,0
          109.24168,13.36712,0
          109.24166,13.36708,0
          109.24147,13.36684,0
          109.24126,13.36661,0
          109.24062,13.36608,0
          109.24043,13.36596,0
          109.2396,13.3655,0
          109.23874,13.36505,0
          109.23842,13.36487,0
          109.23776,13.36453,0
          109.23708,13.36426,0
          109.23691,13.36421,0
          109.23663,13.36411,0
          109.23643,13.36402,0
          109.23621,13.3639,0
          109.2359,13.36369,0
          109.23557,13.36344,0
          109.23527,13.36323,0
          109.23484,13.36301,0
          109.23464,13.36294,0
          109.23427,13.36283,0
          109.23293,13.36252,0
          109.23257,13.36245,0
          109.23161,13.36231,0
          109.23074,13.3621,0
          109.23027,13.36197,0
          109.22707,13.36125,0
          109.22683,13.36116,0
          109.22658,13.36104,0
          109.22641,13.36092,0
          109.22623,13.36078,0
          109.22606,13.36062,0
          109.22585,13.36037,0
          109.22426,13.35822,0
          109.22409,13.35802,0
          109.22385,13.35777,0
          109.22339,13.35737,0
          109.22273,13.3569,0
          109.22147,13.35605,0
          109.22132,13.35594,0
          109.22089,13.35567,0
          109.22062,13.35555,0
          109.22037,13.35548,0
          109.22018,13.35544,0
          109.21999,13.35544,0
          109.21959,13.35548,0
          109.21941,13.35552,0
          109.21852,13.35577,0
          109.21653,13.35627,0
          109.216,13.35639,0
          109.21538,13.35648,0
          109.21514,13.35649,0
          109.21499,13.35648,0
          109.21475,13.35645,0
          109.2143,13.35635,0
          109.2141,13.35629,0
          109.21314,13.35594,0
          109.21248,13.35572,0
          109.21158,13.35539,0
          109.21124,13.35524,0
          109.21097,13.35509,0
          109.2108,13.35497,0
          109.21062,13.35482,0
          109.21046,13.35466,0
          109.21027,13.35444,0
          109.21005,13.35415,0
          109.20995,13.35397,0
          109.20976,13.35351,0
          109.20963,13.35286,0
          109.20959,13.35261,0
          109.20955,13.35195,0
          109.2095,13.35161,0
          109.20941,13.35122,0
          109.20935,13.35107,0
          109.20922,13.35081,0
          109.20869,13.34994,0
          109.20868,13.34994,0
          109.20859,13.34979,0
          109.20858,13.34979,0
          109.2083,13.34935,0
          109.20776,13.34859,0
          109.20757,13.34827,0
          109.20695,13.34733,0
          109.20674,13.34695,0
          109.2066,13.3466,0
          109.20657,13.34654,0
          109.2065,13.34625,0
          109.20639,13.34569,0
          109.20639,13.34563,0
          109.20635,13.3454,0
          109.20613,13.34344,0
          109.20584,13.34122,0
          109.20583,13.34104,0
          109.20584,13.34087,0
          109.20586,13.3407,0
          109.20596,13.34034,0
          109.20605,13.34009,0
          109.20648,13.33909,0
          109.20656,13.33887,0
          109.20661,13.33858,0
          109.20664,13.33825,0
          109.20664,13.33804,0
          109.20659,13.33733,0
          109.20659,13.33695,0
          109.2066,13.33676,0
          109.20664,13.33634,0
          109.20674,13.33555,0
          109.20699,13.33411,0
          109.20721,13.33312,0
          109.20724,13.33302,0
          109.20741,13.33259,0
          109.20752,13.33238,0
          109.20852,13.33078,0
          109.20901,13.32996,0
          109.20903,13.32992,0
          109.20921,13.32962,0
          109.20928,13.32948,0
          109.20939,13.32909,0
          109.20947,13.32845,0
          109.20955,13.32802,0
          109.20968,13.3271,0
          109.20975,13.32678,0
          109.20994,13.32559,0
          109.21008,13.32512,0
          109.21021,13.32452,0
          109.21029,13.32433,0
          109.21035,13.32421,0
          109.21042,13.32412,0
          109.21051,13.32403,0
          109.21057,13.32396,0
          109.21068,13.32386,0
          109.21086,13.32374,0
          109.21124,13.32351,0
          109.21183,13.32312,0
          109.21207,13.32298,0
          109.21238,13.32282,0
          109.21272,13.32262,0
          109.21285,13.32252,0
          109.21301,13.32236,0
          109.21322,13.32211,0
          109.21334,13.32194,0
          109.21347,13.32158,0
          109.21353,13.32138,0
          109.21361,13.32119,0
          109.21378,13.32093,0
          109.21388,13.32082,0
          109.21433,13.32043,0
          109.21453,13.32028,0
          109.21473,13.3201,0
          109.21491,13.31996,0
          109.2152,13.31968,0
          109.21542,13.31939,0
          109.2156,13.31904,0
          109.21567,13.31886,0
          109.21579,13.31832,0
          109.21596,13.31718,0
          109.21638,13.31484,0
          109.21642,13.31468,0
          109.21647,13.31419,0
          109.21651,13.31402,0
          109.21653,13.31398,0
          109.21656,13.31394,0
          109.21659,13.31392,0
          109.21662,13.31389,0
          109.21666,13.31386,0
          109.21676,13.31381,0
          109.21692,13.31371,0
          109.21714,13.31361,0
          109.21723,13.31356,0
          109.21745,13.3134,0
          109.21762,13.31319,0
          109.21766,13.31313,0
          109.21776,13.31287,0
          109.21778,13.31273,0
          109.21779,13.31189,0
          109.2178,13.31171,0
          109.21791,13.30575,0
          109.21792,13.30561,0
          109.21791,13.30503,0
          109.21792,13.30448,0
          109.21796,13.30389,0
          109.218,13.3036,0
          109.21808,13.30329,0
          109.21816,13.30309,0
          109.21836,13.30269,0
          109.21861,13.30234,0
          109.21938,13.30143,0
          109.21982,13.30097,0
          109.22126,13.29934,0
          109.22139,13.29921,0
          109.22144,13.29914,0
          109.22157,13.29901,0
          109.22292,13.29751,0
          109.22355,13.29685,0
          109.2245,13.29581,0
          109.22494,13.29538,0
          109.22504,13.2953,0
          109.22538,13.2951,0
          109.22557,13.29502,0
          109.22574,13.29496,0
          109.22652,13.29474,0
          109.22812,13.29437,0
          109.22824,13.29433,0
          109.22844,13.29428,0
          109.22875,13.29422,0
          109.22882,13.29422,0
          109.22895,13.29421,0
          109.22935,13.29421,0
          109.22955,13.29423,0
          109.22979,13.29427,0
          109.22997,13.29429,0
          109.2301,13.29432,0
          109.23076,13.29442,0
          109.23084,13.29445,0
          109.23116,13.29453,0
          109.23137,13.29462,0
          109.23183,13.295,0
          109.23217,13.2954,0
          109.23269,13.29588,0
          109.23308,13.29614,0
          109.23397,13.29669,0
          109.23424,13.29683,0
          109.23447,13.29691,0
          109.23469,13.29695,0
          109.23494,13.29695,0
          109.23516,13.29692,0
          109.2354,13.29686,0
          109.23542,13.29685,0
          109.23543,13.29684,0
          109.2356,13.29676,0
          109.23583,13.2966,0
          109.23598,13.29648,0
          109.23616,13.29625,0
          109.23758,13.29353,0
          109.2377,13.29327,0
          109.23856,13.29168,0
          109.23896,13.29085,0
          109.23905,13.29069,0
          109.23906,13.29069,0
          109.23953,13.28978,0
          109.23997,13.28898,0
          109.24015,13.28869,0
          109.24065,13.28803,0
          109.24075,13.28793,0
          109.24075,13.28792,0
          109.24109,13.28751,0
          109.24126,13.28726,0
          109.24148,13.28689,0
          109.24159,13.28666,0
          109.2418,13.28627,0
          109.24201,13.28595,0
          109.24221,13.2857,0
          109.24231,13.2856,0
          109.24259,13.28538,0
          109.24267,13.28534,0
          109.24339,13.28479,0
          109.24372,13.28445,0
          109.24375,13.2844,0
          109.2439,13.2842,0
          109.24498,13.28243,0
          109.24537,13.28183,0
          109.24684,13.27946,0
          109.24706,13.27908,0
          109.24717,13.27881,0
          109.24739,13.27832,0
          109.24753,13.27792,0
          109.24869,13.27491,0
          109.24877,13.27474,0
          109.24916,13.27376,0
          109.24923,13.27361,0
          109.24923,13.27359,0
          109.24985,13.27213,0
          109.25053,13.27041,0
          109.25082,13.26976,0
          109.25091,13.26947,0
          109.25098,13.26919,0
          109.25099,13.26912,0
          109.25102,13.26869,0
          109.25103,13.26867,0
          109.251,13.26834,0
          109.25099,13.26831,0
          109.2509,13.26785,0
          109.25084,13.26761,0
          109.25074,13.26736,0
          109.25056,13.26697,0
          109.25028,13.2663,0
          109.25019,13.26598,0
          109.25015,13.2657,0
          109.25017,13.26543,0
          109.25022,13.26514,0
          109.25031,13.26483,0
          109.25031,13.26482,0
          109.25039,13.2646,0
          109.2505,13.26436,0
          109.25065,13.26381,0
          109.2507,13.26347,0
          109.25074,13.26302,0
          109.25076,13.26233,0
          109.25081,13.26202,0
          109.25092,13.2617,0
          109.25112,13.26143,0
          109.25133,13.26123,0
          109.25154,13.26109,0
          109.25176,13.26098,0
          109.25232,13.26075,0
          109.25259,13.2606,0
          109.25275,13.26047,0
          109.25295,13.26025,0
          109.25306,13.26008,0
          109.25313,13.25994,0
          109.25318,13.25973,0
          109.25319,13.25959,0
          109.25319,13.2594,0
          109.25315,13.2592,0
          109.25305,13.25897,0
          109.25284,13.25857,0
          109.2525,13.25799,0
          109.25235,13.25763,0
          109.25235,13.25762,0
          109.25223,13.25726,0
          109.25219,13.25705,0
          109.25214,13.25654,0
          109.25215,13.2562,0
          109.25219,13.25585,0
          109.25219,13.2558,0
          109.25259,13.25428,0
          109.25317,13.2525,0
          109.25435,13.24915,0
          109.25456,13.2486,0
          109.25456,13.24859,0
          109.25468,13.24826,0
          109.25472,13.24812,0
          109.25523,13.24672,0
          109.25523,13.2467,0
          109.25608,13.24448,0
          109.25629,13.24387,0
          109.25687,13.24233,0
          109.25687,13.24232,0
          109.25704,13.24187,0
          109.25704,13.24186,0
          109.25708,13.24178,0
          109.25751,13.24068,0
          109.25789,13.23961,0
          109.25796,13.23938,0
          109.25815,13.23886,0
          109.2583,13.23838,0
          109.25834,13.23805,0
          109.25841,13.23779,0
          109.25953,13.23431,0
          109.25955,13.23422,0
          109.26001,13.23271,0
          109.26049,13.2314,0
          109.26118,13.22962,0
          109.26175,13.22835,0
          109.26208,13.22744,0
          109.26285,13.22547,0
          109.26382,13.22285,0
          109.26535,13.21895,0
          109.26565,13.21823,0
          109.26587,13.21758,0
          109.26651,13.21595,0
          109.26656,13.21584,0
          109.26657,13.21578,0
          109.26709,13.21424,0
          109.26745,13.21304,0
          109.26825,13.21059,0
          109.2684,13.21018,0
          109.26894,13.20834,0
          109.27438,13.1912,0
          109.27439,13.19118,0
          109.27493,13.18946,0
          109.27496,13.1894,0
          109.27503,13.18916,0
          109.27503,13.18915,0
          109.27541,13.18795,0
          109.27591,13.18651,0
          109.27592,13.18647,0
          109.27705,13.18325,0
          109.27707,13.18321,0
          109.27895,13.17779,0
          109.27895,13.17777,0
          109.28093,13.1721,0
          109.28106,13.17169,0
          109.28123,13.17123,0
          109.28143,13.1706,0
          109.28149,13.17044,0
          109.28152,13.17034,0
          109.28163,13.16982,0
          109.28206,13.16571,0
          109.28215,13.16445,0
          109.28215,13.1643,0
          109.28222,13.16338,0
          109.28239,13.15987,0
          109.28272,13.15526,0
          109.28277,13.15475,0
          109.2828,13.15393,0
          109.28274,13.15115,0
          109.28273,13.14913,0
          109.28269,13.14759,0
          109.28252,13.14601,0
          109.28247,13.14571,0
          109.2824,13.1454,0
          109.28228,13.14509,0
          109.28216,13.14483,0
          109.28206,13.14468,0
          109.28181,13.14439,0
          109.28159,13.14417,0
          109.28147,13.14407,0
          109.28121,13.1439,0
          109.27978,13.1431,0
          109.27924,13.14282,0
          109.27902,13.14266,0
          109.27874,13.14241,0
          109.27861,13.14223,0
          109.27844,13.14197,0
          109.27837,13.14183,0
          109.27829,13.14164,0
          109.27822,13.14143,0
          109.27817,13.14114,0
          109.27815,13.14094,0
          109.27815,13.14045,0
          109.27818,13.13981,0
          109.27818,13.13963,0
          109.27817,13.13954,0
          109.27815,13.13857,0
          109.27813,13.13823,0
          109.2781,13.13794,0
          109.27783,13.13652,0
          109.27781,13.13646,0
          109.27772,13.13604,0
          109.27756,13.13544,0
          109.27752,13.13532,0
          109.27743,13.13511,0
          109.27677,13.13388,0
          109.27639,13.13327,0
          109.27635,13.13323,0
          109.27635,13.13322,0
          109.27634,13.13321,0
          109.27634,13.1332,0
          109.27586,13.1326,0
          109.27402,13.13081,0
          109.27393,13.13073,0
          109.27196,13.12877,0
          109.27134,13.12823,0
          109.27012,13.12745,0
          109.26911,13.12701,0
          109.26904,13.12697,0
          109.26894,13.12694,0
          109.26891,13.12692,0
          109.26707,13.12619,0
          109.26702,13.12618,0
          109.26567,13.12567,0
          109.26495,13.12531,0
          109.26436,13.1249,0
          109.26394,13.12453,0
          109.26365,13.12424,0
          109.26322,13.12369,0
          109.26301,13.12332,0
          109.26284,13.12296,0
          109.26274,13.12277,0
          109.26254,13.12234,0
          109.26249,13.12218,0
          109.26239,13.12178,0
          109.26232,13.12143,0
          109.26232,13.12137,0
          109.26228,13.12108,0
          109.26226,13.12056,0
          109.26225,13.12052,0
          109.26226,13.12032,0
          109.26226,13.11966,0
          109.26227,13.11948,0
          109.26227,13.11834,0
          109.26228,13.11828,0
          109.26235,13.11266,0
          109.26237,13.11248,0
          109.26239,13.11199,0
          109.26248,13.11143,0
          109.26276,13.11044,0
          109.26277,13.11042,0
          109.26297,13.10985,0
          109.26302,13.10973,0
          109.26308,13.10956,0
          109.26487,13.10504,0
          109.2649,13.10495,0
          109.26597,13.1023,0
          109.26599,13.10223,0
          109.26667,13.10054,0
          109.26681,13.10016,0
          109.26688,13.1,0
          109.26768,13.0979,0
          109.27176,13.08768,0
          109.27179,13.08762,0
          109.27394,13.08215,0
          109.27396,13.08208,0
          109.27512,13.07918,0
          109.2752,13.079,0
          109.27533,13.07867,0
          109.27575,13.07773,0
          109.27625,13.07678,0
          109.2768,13.07589,0
          109.27722,13.07527,0
          109.27816,13.07406,0
          109.27845,13.07373,0
          109.27905,13.07296,0
          109.27916,13.07285,0
          109.27918,13.07282,0
          109.27925,13.07275,0
          109.2795,13.07247,0
          109.28002,13.0718,0
          109.28034,13.07143,0
          109.28167,13.06979,0
          109.28172,13.06974,0
          109.28319,13.06794,0
          109.28323,13.06788,0
          109.28712,13.06313,0
          109.28779,13.06239,0
          109.28798,13.06211,0
          109.28799,13.06209,0
          109.2881,13.06197,0
          109.28941,13.06028,0
          109.29573,13.05257,0
          109.29583,13.05246,0
          109.29687,13.05115,0
          109.29768,13.05019,0
          109.29768,13.05018,0
          109.30007,13.04732,0
          109.30387,13.04264,0
          109.30472,13.04164,0
          109.30514,13.04112,0
          109.30518,13.04106,0
          109.30623,13.03972,0
          109.30626,13.03969,0
          109.30776,13.03784,0
          109.30787,13.03772,0
          109.30833,13.03734,0
          109.30854,13.03715,0
          109.3087,13.03702,0
          109.30917,13.03674,0
          109.30939,13.03662,0
          109.30963,13.03651,0
          109.31036,13.03625,0
          109.31058,13.03619,0
          109.31106,13.0361,0
          109.31128,13.03607,0
          109.31208,13.03605,0
          109.31274,13.03609,0
          109.31311,13.03605,0
          109.31313,13.03604,0
          109.31315,13.03602,0
          109.31316,13.03602,0
          109.31317,13.03601,0
          109.31318,13.03601,0
          109.31319,13.036,0
          109.31321,13.03599,0
          109.31351,13.0357,0
          109.31633,13.02931,0
          109.32182,13.0163,0
          109.3248,13.00894,0
          109.32517,13.00808,0
          109.32528,13.00779,0
          109.3253,13.00776,0
          109.32693,13.00382,0
          109.32828,13.00039,0
          109.32833,13.00029,0
          109.32871,12.9994,0
          109.32904,12.99856,0
          109.33011,12.99603,0
          109.33221,12.99086,0
          109.33259,12.98998,0
          109.33318,12.98851,0
          109.33333,12.98818,0
          109.33399,12.9866,0
          109.33408,12.98641,0
          109.33468,12.98501,0
          109.33473,12.98491,0
          109.33475,12.98489,0
          109.3348,12.98485,0
          109.33487,12.98471,0
          109.33497,12.98459,0
          109.33499,12.98456,0
          109.33524,12.98432,0
          109.33565,12.98396,0
          109.33599,12.9837,0
          109.33643,12.98334,0
          109.33662,12.98316,0
          109.3368,12.98296,0
          109.33695,12.98273,0
          109.33709,12.98244,0
          109.33714,12.98228,0
          109.33721,12.98195,0
          109.33725,12.98155,0
          109.3372,12.97933,0
          109.33719,12.97517,0
          109.33721,12.97486,0
          109.33727,12.9745,0
          109.33737,12.97419,0
          109.3375,12.97393,0
          109.33757,12.97381,0
          109.33759,12.97376,0
          109.33762,12.97371,0
          109.33765,12.97364,0
          109.3378,12.97343,0
          109.3379,12.97332,0
          109.33796,12.97327,0
          109.33821,12.97311,0
          109.33837,12.97302,0
          109.33936,12.97252,0
          109.34346,12.97063,0
          109.3438,12.97041,0
          109.344,12.97023,0
          109.34407,12.97015,0
          109.34424,12.96993,0
          109.34441,12.96965,0
          109.34456,12.96938,0
          109.34476,12.96905,0
          109.34623,12.96645,0
          109.34628,12.96635,0
          109.34646,12.96604,0
          109.34654,12.96588,0
          109.3473,12.96454,0
          109.34732,12.96448,0
          109.34896,12.9616,0
          109.34903,12.96146,0
          109.34943,12.96076,0
          109.34949,12.96064,0
          109.34994,12.95985,0
          109.34994,12.95984,0
          109.35304,12.95431,0
          109.35304,12.95429,0
          109.35349,12.9535,0
          109.35357,12.95334,0
          109.35626,12.94856,0
          109.35634,12.9484,0
          109.35635,12.94839,0
          109.35707,12.94711,0
          109.35707,12.9471,0
          109.35725,12.94679,0
          109.35726,12.94678,0
          109.35743,12.9465,0
          109.35755,12.94634,0
          109.35761,12.94624,0
          109.35765,12.94619,0
          109.35827,12.94529,0
          109.35836,12.94513,0
          109.35856,12.94468,0
          109.35857,12.94464,0
          109.35863,12.94447,0
          109.35877,12.94394,0
          109.35899,12.94293,0
          109.35902,12.94275,0
          109.3592,12.9419,0
          109.35969,12.93925,0
          109.36036,12.93596,0
          109.36051,12.93532,0
          109.36084,12.93425,0
          109.36143,12.93253,0
          109.36148,12.93236,0
          109.36191,12.93109,0
          109.36212,12.93034,0
          109.36221,12.92991,0
          109.36232,12.92918,0
          109.36235,12.9289,0
          109.36239,12.92827,0
          109.3624,12.92767,0
          109.36235,12.92668,0
          109.36233,12.92645,0
          109.3623,12.92576,0
          109.36233,12.9253,0
          109.36235,12.92515,0
          109.36235,12.92509,0
          109.36243,12.92461,0
          109.36254,12.92419,0
          109.36273,12.92363,0
          109.36471,12.91821,0
          109.36472,12.91817,0
          109.36477,12.91804,0
          109.36478,12.918,0
          109.36597,12.91479,0
          109.36598,12.91479,0
          109.36598,12.91478,0
          109.36599,12.91476,0
          109.36603,12.91464,0
          109.36604,12.91462,0
          109.36668,12.91274,0
          109.36691,12.91215,0
          109.36724,12.91123,0
          109.36742,12.91067,0
          109.36749,12.91051,0
          109.36763,12.90994,0
          109.36769,12.90956,0
          109.36772,12.90923,0
          109.36774,12.90912,0
          109.36774,12.90896,0
          109.36776,12.90876,0
          109.36776,12.90846,0
          109.36772,12.90767,0
          109.36766,12.90727,0
          109.36759,12.90694,0
          109.36758,12.90687,0
          109.36744,12.90633,0
          109.36735,12.90604,0
          109.36724,12.90574,0
          109.36689,12.905,0
          109.36667,12.90462,0
          109.36635,12.90416,0
          109.36558,12.90321,0
          109.36542,12.90297,0
          109.3653,12.90281,0
          109.36525,12.90272,0
          109.36512,12.90252,0
          109.36507,12.90241,0
          109.36502,12.90233,0
          109.36478,12.90181,0
          109.36459,12.90126,0
          109.3645,12.90085,0
          109.36449,12.90077,0
          109.36449,12.90075,0
          109.36445,12.90044,0
          109.36437,12.89874,0
          109.36437,12.8981,0
          109.36435,12.89776,0
          109.36435,12.89763,0
          109.3643,12.897,0
          109.3643,12.89687,0
          109.36426,12.89612,0
          109.36426,12.89592,0
          109.36424,12.89547,0
          109.36421,12.89383,0
          109.36422,12.89363,0
          109.36424,12.89343,0
          109.36431,12.89299,0
          109.36439,12.89267,0
          109.36458,12.89218,0
          109.36471,12.89195,0
          109.36472,12.89194,0
          109.36479,12.89181,0
          109.36489,12.89165,0
          109.36489,12.89164,0
          109.36509,12.89135,0
          109.36531,12.89108,0
          109.36557,12.89079,0
          109.36568,12.89068,0
          109.36583,12.89055,0
          109.36623,12.89025,0
          109.36679,12.8899,0
          109.36706,12.88971,0
          109.36718,12.88964,0
          109.36736,12.8895,0
          109.36749,12.88942,0
          109.3677,12.88927,0
          109.36842,12.88881,0
          109.36856,12.88871,0
          109.36944,12.88817,0
          109.37038,12.88754,0
          109.37048,12.88746,0
          109.3706,12.88735,0
          109.37071,12.88726,0
          109.37107,12.88686,0
          109.3713,12.88655,0
          109.37158,12.8861,0
          109.37169,12.8859,0
          109.37192,12.88537,0
          109.37198,12.88521,0
          109.37203,12.88498,0
          109.37206,12.88488,0
          109.37213,12.88438,0
          109.37214,12.88421,0
          109.37213,12.88367,0
          109.37209,12.88315,0
          109.37206,12.88298,0
          109.37205,12.88289,0
          109.37202,12.88281,0
          109.37193,12.88249,0
          109.37188,12.88236,0
          109.37186,12.88232,0
          109.37182,12.88219,0
          109.37067,12.87919,0
          109.3706,12.87903,0
          109.37028,12.87818,0
          109.37021,12.87802,0
          109.37015,12.87785,0
          109.37008,12.87768,0
          109.36996,12.87734,0
          109.36898,12.87482,0
          109.36886,12.87448,0
          109.36821,12.87279,0
          109.36814,12.87263,0
          109.3672,12.87016,0
          109.36717,12.8701,0
          109.35798,12.84638,0
          109.35797,12.84637,0
          109.35796,12.84635,0
          109.35791,12.84621,0
          109.35791,12.8462,0
          109.3579,12.84618,0
          109.35766,12.84548,0
          109.3575,12.84483,0
          109.3575,12.84479,0
          109.35748,12.84472,0
          109.35747,12.84464,0
          109.35746,12.84462,0
          109.35744,12.84446,0
          109.35742,12.84436,0
          109.35737,12.84392,0
          109.35735,12.84331,0
          109.35737,12.84281,0
          109.3574,12.84245,0
          109.35748,12.84201,0
          109.35757,12.84165,0
          109.3576,12.84149,0
          109.35769,12.84117,0
          109.35789,12.84056,0
          109.35794,12.84043,0
          109.35823,12.83954,0
          109.35835,12.83901,0
          109.35839,12.83887,0
          109.35843,12.83863,0
          109.35846,12.83835,0
          109.35847,12.83831,0
          109.35849,12.838,0
          109.3585,12.83795,0
          109.3585,12.83789,0
          109.35851,12.83782,0
          109.35854,12.8372,0
          109.35852,12.83651,0
          109.35849,12.83616,0
          109.35844,12.8358,0
          109.35844,12.83577,0
          109.35833,12.83512,0
          109.35828,12.83492,0
          109.35828,12.83491,0
          109.35824,12.83474,0
          109.35802,12.83403,0
          109.35794,12.83381,0
          109.35776,12.83324,0
          109.35731,12.83168,0
          109.35729,12.83163,0
          109.35721,12.83133,0
          109.35711,12.83101,0
          109.35709,12.83097,0
          109.35685,12.8301,0
          109.35683,12.83005,0
          109.3566,12.82925,0
          109.3565,12.82896,0
          109.35624,12.82801,0
          109.35607,12.8273,0
          109.35597,12.82682,0
          109.35596,12.8268,0
          109.35586,12.82622,0
          109.35584,12.82615,0
          109.35584,12.82611,0
          109.35571,12.82506,0
          109.35568,12.82471,0
          109.35557,12.8221,0
          109.35554,12.82174,0
          109.35554,12.8217,0
          109.35537,12.81994,0
          109.35535,12.81918,0
          109.35527,12.8177,0
          109.35528,12.81764,0
          109.35512,12.81701,0
          109.35501,12.81631,0
          109.35501,12.8163,0
          109.35492,12.81576,0
          109.35491,12.81575,0
          109.35491,12.8157,0
          109.35488,12.81559,0
          109.35479,12.81506,0
          109.35442,12.81347,0
          109.35404,12.81228,0
          109.35376,12.81168,0
          109.35353,12.81133,0
          109.35315,12.81085,0
          109.35296,12.81065,0
          109.35265,12.81038,0
          109.35224,12.81008,0
          109.35189,12.80989,0
          109.35156,12.80973,0
          109.3513,12.80963,0
          109.35074,12.80945,0
          109.3461,12.80819,0
          109.34599,12.80818,0
          109.34576,12.80814,0
          109.34559,12.80812,0
          109.34556,12.80811,0
          109.34531,12.80807,0
          109.34441,12.80782,0
          109.34404,12.80775,0
          109.34351,12.80772,0
          109.34321,12.80773,0
          109.3425,12.80782,0
          109.34212,12.80783,0
          109.34198,12.80781,0
          109.3418,12.80776,0
          109.34158,12.80767,0
          109.34136,12.80753,0
          109.34123,12.80742,0
          109.34113,12.80732,0
          109.34103,12.80717,0
          109.34093,12.80699,0
          109.34071,12.80649,0
          109.34068,12.80645,0
          109.34035,12.80581,0
          109.3402,12.80556,0
          109.34009,12.80541,0
          109.33994,12.80525,0
          109.33991,12.80523,0
          109.33981,12.80513,0
          109.33978,12.80507,0
          109.33969,12.805,0
          109.33944,12.80483,0
          109.33899,12.80461,0
          109.33872,12.8045,0
          109.33822,12.80434,0
          109.3382,12.80434,0
          109.3343,12.80309,0
          109.33419,12.80307,0
          109.33369,12.80295,0
          109.33001,12.80236,0
          109.32942,12.80229,0
          109.32928,12.80226,0
          109.32924,12.80226,0
          109.32897,12.80222,0
          109.32854,12.80212,0
          109.32836,12.80207,0
          109.32815,12.802,0
          109.32657,12.80131,0
          109.32634,12.8012,0
          109.32546,12.80082,0
          109.32486,12.80054,0
          109.32437,12.80025,0
          109.32419,12.80012,0
          109.3236,12.79962,0
          109.32112,12.79742,0
          109.32081,12.79713,0
          109.30821,12.78593,0
          109.30737,12.78521,0
          109.30665,12.78462,0
          109.3056,12.7837,0
          109.30347,12.78174,0
          109.3001,12.77874,0
          109.29966,12.77832,0
          109.29742,12.77634,0
          109.29638,12.77537,0
          109.29441,12.77364,0
          109.2933,12.77261,0
          109.29328,12.7726,0
          109.29269,12.77205,0
          109.29111,12.7707,0
          109.28797,12.7679,0
          109.28762,12.76757,0
          109.28746,12.76739,0
          109.28709,12.76692,0
          109.28626,12.76579,0
          109.28597,12.76537,0
          109.28563,12.76493,0
          109.28532,12.76449,0
          109.28505,12.76415,0
          109.28177,12.75965,0
          109.28142,12.75922,0
          109.28019,12.75786,0
          109.27973,12.75741,0
          109.27712,12.75522,0
          109.27668,12.75481,0
          109.27641,12.75454,0
          109.27618,12.75426,0
          109.27499,12.75253,0
          109.27494,12.75247,0
          109.27474,12.75216,0
          109.27454,12.75189,0
          109.27429,12.75151,0
          109.2736,12.75028,0
          109.27277,12.74871,0
          109.27269,12.74858,0
          109.2722,12.74765,0
          109.27199,12.74728,0
          109.27113,12.74564,0
          109.27106,12.74552,0
          109.27076,12.74493,0
          109.27065,12.74466,0
          109.27061,12.74454,0
          109.27054,12.74439,0
          109.27043,12.74403,0
          109.27032,12.74362,0
          109.27005,12.74285,0
          109.26999,12.74272,0
          109.26983,12.74243,0
          109.26966,12.74219,0
          109.26915,12.74161,0
          109.2682,12.74064,0
          109.26795,12.74041,0
          109.26784,12.74032,0
          109.26766,12.7402,0
          109.26746,12.74008,0
          109.26745,12.74007,0
          109.26718,12.73995,0
          109.26688,12.73985,0
          109.26658,12.73979,0
          109.26618,12.73969,0
          109.26519,12.7395,0
          109.26441,12.73937,0
          109.26395,12.73924,0
          109.26322,12.73895,0
          109.26263,12.73869,0
          109.26213,12.73841,0
          109.26132,12.73802,0
          109.26032,12.73757,0
          109.25968,12.73731,0
          109.25843,12.73684,0
          109.25843,12.73683,0
          109.25816,12.73673,0
          109.25686,12.73635,0
          109.25543,12.73598,0
          109.2545,12.73571,0
          109.25392,12.73549,0
          109.25314,12.73514,0
          109.25256,12.73483,0
          109.25196,12.73447,0
          109.25158,12.73409,0
          109.25123,12.73371,0
          109.25119,12.73366,0
          109.25106,12.73353,0
          109.25094,12.73339,0
          109.24915,12.73152,0
          109.24875,12.73114,0
          109.24686,12.72957,0
          109.24438,12.72745,0
          109.24438,12.72744,0
          109.24245,12.72578,0
          109.24244,12.72578,0
          109.24241,12.72575,0
          109.24147,12.72496,0
          109.24137,12.72495,0
          109.24127,12.72495,0
          109.24122,12.72496,0
          109.24117,12.72496,0
          109.24113,12.72497,0
          109.24108,12.72499,0
          109.24089,12.72509,0
          109.24078,12.72547,0
          109.24078,12.72548,0
          109.24034,12.72699,0
          109.24034,12.72702,0
          109.23949,12.72993,0
          109.23944,12.73014,0
          109.23908,12.73141,0
          109.23908,12.73144,0
          109.23904,12.73158,0
          109.23903,12.73159,0
          109.23892,12.73205,0
          109.23892,12.73207,0
          109.23879,12.73252,0
          109.23876,12.73258,0
          109.23871,12.73273,0
          109.23864,12.73285,0
          109.23849,12.73304,0
          109.2383,12.73316,0
          109.23818,12.73322,0
          109.23805,12.73326,0
          109.23792,12.73328,0
          109.23784,12.73328,0
          109.23765,12.73326,0
          109.23757,12.73324,0
          109.23749,12.73321,0
          109.23745,12.73319,0
          109.23742,12.73317,0
          109.23738,12.73315,0
          109.23732,12.73311,0
          109.2373,12.73309,0
          109.23719,12.73301,0
          109.23705,12.73285,0
          109.23698,12.73274,0
          109.23686,12.73245,0
          109.23674,12.73205,0
          109.23673,12.73199,0
          109.23671,12.73194,0
          109.23668,12.73183,0
          109.23665,12.73168,0
          109.23651,12.73133,0
          109.23647,12.73125,0
          109.23641,12.73115,0
          109.23632,12.73102,0
          109.23623,12.73092,0
          109.23622,12.7309,0
          109.23608,12.73076,0
          109.23597,12.73067,0
          109.2356,12.73044,0
          109.23493,12.73009,0
          109.23471,12.72992,0
          109.234,12.72961,0
          109.23282,12.72905,0
          109.23269,12.729,0
          109.22703,12.7263,0
          109.22504,12.72538,0
          109.22098,12.72343,0
          109.21939,12.72258,0
          109.21823,12.7219,0
          109.21698,12.72106,0
          109.21605,12.72038,0
          109.21569,12.7201,0
          109.21502,12.71954,0
          109.21412,12.71874,0
          109.21387,12.71848,0
          109.21312,12.71776,0
          109.21274,12.71735,0
          109.21117,12.71556,0
          109.2106,12.71485,0
          109.20992,12.71404,0
          109.20968,12.71373,0
          109.20929,12.71327,0
          109.20705,12.71049,0
          109.2067,12.71008,0
          109.20633,12.70962,0
          109.2063,12.70959,0
          109.20451,12.70738,0
          109.20388,12.70663,0
          109.20346,12.70606,0
          109.20332,12.7059,0
          109.20083,12.70284,0
          109.20071,12.70271,0
          109.2005,12.70245,0
          109.20048,12.70243,0
          109.20014,12.70201,0
          109.20011,12.70198,0
          109.19372,12.69413,0
          109.19297,12.69314,0
          109.19179,12.69142,0
          109.19151,12.69095,0
          109.1915,12.69094,0
          109.19121,12.69046,0
          109.18981,12.68767,0
          109.18974,12.68751,0
          109.18935,12.68672,0
          109.18935,12.6867,0
          109.18795,12.68392,0
          109.18771,12.68339,0
          109.18267,12.67315,0
          109.1821,12.67181,0
          109.18146,12.67013,0
          109.18133,12.66975,0
          109.18091,12.66836,0
          109.18078,12.66788,0
          109.1806,12.66694,0
          109.18043,12.66617,0
          109.18014,12.66423,0
          109.17952,12.6596,0
          109.17944,12.65911,0
          109.17771,12.64618,0
          109.1777,12.64615,0
          109.17562,12.63087,0
          109.17527,12.6291,0
          109.17477,12.62722,0
          109.17438,12.62606,0
          109.17431,12.62588,0
          109.17401,12.62501,0
          109.17382,12.62451,0
          109.17358,12.62395,0
          109.1728,12.62226,0
          109.17195,12.62065,0
          109.17162,12.62007,0
          109.17133,12.6196,0
          109.1705,12.61838,0
          109.16998,12.61757,0
          109.16998,12.61756,0
          109.16894,12.61631,0
          109.1674,12.61452,0
          109.16739,12.6145,0
          109.16629,12.61339,0
          109.16517,12.61237,0
          109.15183,12.60158,0
          109.15074,12.60074,0
          109.14673,12.59746,0
          109.14658,12.59735,0
          109.1443,12.5955,0
          109.14334,12.59468,0
          109.14027,12.59218,0
          109.13983,12.5918,0
          109.139,12.59115,0
          109.13624,12.58889,0
          109.1362,12.58885,0
          109.13452,12.5875,0
          109.13289,12.58612,0
          109.13208,12.58534,0
          109.13051,12.58406,0
          109.13001,12.58369,0
          109.12963,12.58345,0
          109.12933,12.58323,0
          109.12911,12.58305,0
          109.12892,12.58291,0
          109.12784,12.58199,0
          109.12512,12.57984,0
          109.12506,12.5798,0
          109.12222,12.57753,0
          109.12139,12.57689,0
          109.11537,12.57206,0
          109.11513,12.57188,0
          109.11458,12.57142,0
          109.1131,12.57027,0
          109.11292,12.57012,0
          109.11288,12.5701,0
          109.10648,12.56499,0
          109.1045,12.56326,0
          109.10284,12.56167,0
          109.10175,12.56055,0
          109.10139,12.56014,0
          109.10045,12.55913,0
          109.09997,12.55857,0
          109.09927,12.55768,0
          109.09926,12.55768,0
          109.098,12.55617,0
          109.09787,12.55599,0
          109.09756,12.55552,0
          109.09663,12.55398,0
          109.09662,12.55397,0
          109.09582,12.55267,0
          109.09578,12.55259,0
          109.09499,12.55127,0
          109.09497,12.55123,0
          109.09471,12.5508,0
          109.0937,12.54893,0
          109.09216,12.54596,0
          109.09212,12.54587,0
          109.09179,12.54524,0
          109.09157,12.54475,0
          109.09156,12.54475,0
          109.09134,12.54427,0
          109.09104,12.54367,0
          109.09102,12.54362,0
          109.09093,12.54346,0
          109.09088,12.54334,0
          109.09061,12.54282,0
          109.0905,12.54263,0
          109.08955,12.54061,0
          109.08771,12.53685,0
          109.08765,12.53674,0
          109.08589,12.5331,0
          109.08588,12.53306,0
          109.08503,12.53131,0
          109.08501,12.53128,0
          109.08438,12.53004,0
          109.08428,12.52981,0
          109.08299,12.52727,0
          109.08246,12.52616,0
          109.08245,12.52613,0
          109.08231,12.52583,0
          109.08201,12.52527,0
          109.08168,12.52456,0
          109.08066,12.5225,0
          109.07981,12.52065,0
          109.07885,12.51878,0
          109.07794,12.51687,0
          109.07756,12.51615,0
          109.07241,12.50561,0
          109.07184,12.50449,0
          109.07123,12.50318,0
          109.07045,12.50163,0
          109.07034,12.50139,0
          109.07024,12.5012,0
          109.07006,12.50081,0
          109.06988,12.50048,0
          109.06973,12.50016,0
          109.06894,12.49861,0
          109.06848,12.4979,0
          109.06839,12.49774,0
          109.06567,12.49349,0
          109.06566,12.49348,0
          109.065,12.49262,0
          109.06371,12.49107,0
          109.06203,12.48912,0
          109.06028,12.48733,0
          109.05616,12.48346,0
          109.05371,12.48128,0
          109.05314,12.48075,0
          109.05309,12.48071,0
          109.05033,12.4782,0
          109.04978,12.47773,0
          109.03663,12.46583,0
          109.0366,12.46581,0
          109.0319,12.46159,0
          109.03177,12.46146,0
          109.03055,12.46037,0
          109.03042,12.46024,0
          109.02783,12.45791,0
          109.0277,12.45778,0
          109.02623,12.45645,0
          109.02611,12.45633,0
          109.01838,12.44934,0
          109.01549,12.44678,0
          109.01317,12.44496,0
          109.01086,12.44335,0
          109.00981,12.44266,0
          108.99802,12.43592,0
          108.99786,12.43582,0
          108.9961,12.43482,0
          108.99385,12.43362,0
          108.99166,12.43234,0
          108.98996,12.4312,0
          108.98842,12.42995,0
          108.98639,12.42816,0
          108.98635,12.42813,0
          108.98622,12.428,0
          108.97884,12.42124,0
          108.97868,12.42111,0
          108.97155,12.4146,0
          108.97142,12.41447,0
          108.97007,12.41322,0
          108.96997,12.41314,0
          108.96967,12.41287,0
          108.96956,12.41278,0
          108.96954,12.41275,0
          108.96784,12.41125,0
          108.96725,12.41069,0
          108.96632,12.40967,0
          108.96546,12.40852,0
          108.96493,12.4077,0
          108.96443,12.40676,0
          108.96395,12.4057,0
          108.96356,12.40453,0
          108.9634,12.40388,0
          108.9632,12.40284,0
          108.96308,12.40144,0
          108.96308,12.40049,0
          108.96318,12.39904,0
          108.96447,12.38631,0
          108.96519,12.37863,0
          108.9652,12.37862,0
          108.96521,12.37844,0
          108.96575,12.37292,0
          108.96583,12.36823,0
          108.96577,12.36655,0
          108.96558,12.36461,0
          108.96532,12.36247,0
          108.96498,12.36055,0
          108.96455,12.35837,0
          108.96419,12.35701,0
          108.96385,12.35554,0
          108.96111,12.34518,0
          108.9606,12.34296,0
          108.9604,12.3418,0
          108.96024,12.34054,0
          108.96017,12.33984,0
          108.9601,12.3387,0
          108.96009,12.33866,0
          108.96008,12.33745,0
          108.96013,12.33617,0
          108.96014,12.33612,0
          108.96025,12.33469,0
          108.96035,12.33388,0
          108.96048,12.33307,0
          108.96077,12.33167,0
          108.96078,12.33159,0
          108.96094,12.33096,0
          108.96112,12.33033,0
          108.96122,12.32993,0
          108.96145,12.32917,0
          108.9619,12.32793,0
          108.96233,12.32695,0
          108.96261,12.32636,0
          108.96282,12.32588,0
          108.96759,12.31641,0
          108.96792,12.31569,0
          108.96798,12.31554,0
          108.9689,12.31349,0
          108.97235,12.30436,0
          108.97301,12.30274,0
          108.97361,12.30106,0
          108.97496,12.29749,0
          108.97571,12.29569,0
          108.97725,12.29233,0
          108.97742,12.29209,0
          108.97792,12.29104,0
          108.97793,12.29104,0
          108.97939,12.28814,0
          108.97958,12.28773,0
          108.98676,12.27334,0
          108.98708,12.27276,0
          108.98785,12.27154,0
          108.98814,12.27112,0
          108.98903,12.26999,0
          108.9894,12.26957,0
          108.99025,12.26871,0
          108.99092,12.26808,0
          108.99163,12.26749,0
          108.99201,12.2672,0
          108.99273,12.26669,0
          108.99394,12.26594,0
          108.99487,12.26545,0
          108.99518,12.26531,0
          108.99525,12.26527,0
          108.99608,12.2649,0
          108.99704,12.26454,0
          108.99818,12.26418,0
          108.99958,12.26381,0
          108.99994,12.26373,0
          109.00012,12.26368,0
          109.00265,12.26308,0
          109.00855,12.26158,0
          109.00878,12.26153,0
          109.01088,12.26096,0
          109.01133,12.26081,0
          109.01239,12.2604,0
          109.01363,12.25985,0
          109.01428,12.25952,0
          109.01473,12.25925,0
          109.01599,12.25845,0
          109.01629,12.25824,0
          109.01675,12.25789,0
          109.01708,12.2576,0
          109.01808,12.25662,0
          109.01925,12.25535,0
          109.01958,12.25494,0
          109.02037,12.25384,0
          109.02072,12.2533,0
          109.02126,12.2524,0
          109.02158,12.2518,0
          109.02245,12.2499,0
          109.02269,12.24933,0
          109.02289,12.2488,0
          109.02295,12.24868,0
          109.02308,12.24834,0
          109.02308,12.24832,0
          109.02336,12.24761,0
          109.02339,12.24756,0
          109.02344,12.24742,0
          109.02348,12.24734,0
          109.02437,12.24521,0
          109.02438,12.24517,0
          109.02508,12.2435,0
          109.02515,12.24335,0
          109.02521,12.24318,0
          109.02542,12.24268,0
          109.02548,12.24251,0
          109.0259,12.24152,0
          109.02608,12.24105,0
          109.02616,12.24088,0
          109.02656,12.23987,0
          109.02656,12.23986,0
          109.02725,12.23824,0
          109.02769,12.23715,0
          109.02774,12.23705,0
          109.0278,12.23688,0
          109.02911,12.23375,0
          109.02914,12.23366,0
          109.0314,12.22821,0
          109.0315,12.228,0
          109.03158,12.22777,0
          109.03349,12.22316,0
          109.03349,12.22315,0
          109.03351,12.22311,0
          109.03353,12.22305,0
          109.03398,12.22196,0
          109.03472,12.22026,0
          109.03474,12.22023,0
          109.03474,12.22022,0
          109.03555,12.21839,0
          109.0363,12.21689,0
          109.0363,12.21688,0
          109.03648,12.21652,0
          109.03692,12.2157,0
          109.03692,12.21569,0
          109.03816,12.21339,0
          109.0382,12.21333,0
          109.03824,12.21325,0
          109.03862,12.21265,0
          109.03907,12.21186,0
          109.03945,12.21113,0
          109.03963,12.21081,0
          109.03967,12.21075,0
          109.03968,12.21072,0
          109.04036,12.20954,0
          109.04056,12.20917,0
          109.04061,12.20906,0
          109.04125,12.20792,0
          109.04128,12.20788,0
          109.04261,12.20549,0
          109.04301,12.20484,0
          109.04301,12.20483,0
          109.04311,12.20467,0
          109.04326,12.20439,0
          109.04329,12.20435,0
          109.04344,12.20406,0
          109.04362,12.20376,0
          109.04363,12.20375,0
          109.04365,12.2037,0
          109.04369,12.20363,0
          109.0437,12.2036,0
          109.0442,12.20269,0
          109.0445,12.20219,0
          109.04561,12.20022,0
          109.04568,12.20011,0
          109.0458,12.19985,0
          109.04648,12.19867,0
          109.04649,12.19866,0
          109.04759,12.19672,0
          109.04764,12.19661,0
          109.04804,12.19594,0
          109.04821,12.19561,0
          109.04859,12.19496,0
          109.04908,12.19406,0
          109.04911,12.19402,0
          109.05019,12.19197,0
          109.05028,12.19178,0
          109.05033,12.1917,0
          109.05086,12.19065,0
          109.05169,12.18886,0
          109.0519,12.18836,0
          109.05203,12.18808,0
          109.05216,12.18775,0
          109.05222,12.18763,0
          109.05282,12.18611,0
          109.05366,12.18371,0
          109.05378,12.18332,0
          109.05386,12.18311,0
          109.05424,12.18186,0
          109.05453,12.1808,0
          109.05486,12.17946,0
          109.05494,12.17906,0
          109.05494,12.17905,0
          109.05531,12.17737,0
          109.05556,12.17602,0
          109.05588,12.17381,0
          109.0559,12.17362,0
          109.05593,12.17345,0
          109.05648,12.16871,0
          109.05653,12.16799,0
          109.05657,12.16766,0
          109.05659,12.16727,0
          109.05661,12.1671,0
          109.05661,12.16704,0
          109.05665,12.16664,0
          109.05669,12.16638,0
          109.05701,12.16351,0
          109.05702,12.16333,0
          109.05709,12.16282,0
          109.0571,12.16263,0
          109.05711,12.16261,0
          109.05718,12.16171,0
          109.05729,12.16084,0
          109.05729,12.16082,0
          109.05741,12.15976,0
          109.05741,12.15974,0
          109.05752,12.15903,0
          109.05762,12.15852,0
          109.05762,12.1585,0
          109.0578,12.15764,0
          109.05781,12.15762,0
          109.05784,12.15747,0
          109.05784,12.15746,0
          109.05785,12.15744,0
          109.05796,12.15694,0
          109.05797,12.15692,0
          109.05797,12.15691,0
          109.05831,12.15573,0
          109.05872,12.15456,0
          109.05912,12.1536,0
          109.05989,12.152,0
          109.06038,12.15112,0
          109.06039,12.15109,0
          109.06102,12.15008,0
          109.06105,12.15005,0
          109.06126,12.14973,0
          109.06144,12.14942,0
          109.06153,12.14929,0
          109.06154,12.14927,0
          109.06185,12.1488,0
          109.06213,12.14833,0
          109.06217,12.14828,0
          109.06233,12.14802,0
          109.06263,12.14757,0
          109.06561,12.14284,0
          109.06571,12.1427,0
          109.06674,12.14105,0
          109.0668,12.14097,0
          109.06682,12.14093,0
          109.06735,12.14012,0
          109.06745,12.13998,0
          109.06756,12.1398,0
          109.06761,12.13974,0
          109.06761,12.13973,0
          109.06769,12.13961,0
          109.06793,12.13929,0
          109.06794,12.13928,0
          109.06794,12.13927,0
          109.06892,12.13798,0
          109.06985,12.13687,0
          109.07006,12.13664,0
          109.07009,12.1366,0
          109.07013,12.13657,0
          109.07093,12.13572,0
          109.07119,12.13546,0
          109.0712,12.13544,0
          109.07308,12.13349,0
          109.0731,12.13348,0
          109.07314,12.13343,0
          109.07441,12.13213,0
          109.0748,12.1317,0
          109.07522,12.13127,0
          109.07529,12.13121,0
          109.07612,12.13035,0
          109.07617,12.13029,0
          109.07694,12.12952,0
          109.07735,12.12908,0
          109.07779,12.12865,0
          109.07835,12.12806,0
          109.07855,12.12787,0
          109.07909,12.1273,0
          109.08228,12.12408,0
          109.08236,12.12401,0
          109.08237,12.12399,0
          109.08275,12.1236,0
          109.08309,12.12329,0
          109.08329,12.12308,0
          109.08331,12.12305,0
          109.08377,12.12258,0
          109.08399,12.12238,0
          109.08528,12.12109,0
          109.0854,12.12096,0
          109.08646,12.11991,0
          109.0866,12.11976,0
          109.09084,12.11554,0
          109.09088,12.11551,0
          109.09097,12.11541,0
          109.09182,12.11455,0
          109.092,12.11438,0
          109.09304,12.11333,0
          109.0935,12.11281,0
          109.09361,12.1127,0
          109.09381,12.11247,0
          109.09412,12.11208,0
          109.09466,12.11135,0
          109.09487,12.11109,0
          109.09534,12.11044,0
          109.09534,12.11043,0
          109.096,12.10941,0
          109.09601,12.10938,0
          109.09659,12.10836,0
          109.09711,12.10728,0
          109.09711,12.10727,0
          109.09788,12.10545,0
          109.09821,12.10454,0
          109.09827,12.10441,0
          109.09832,12.10427,0
          109.09832,12.10426,0
          109.09862,12.10352,0
          109.09872,12.10324,0
          109.09876,12.10316,0
          109.09923,12.10191,0
          109.09924,12.1019,0
          109.09933,12.10164,0
          109.09943,12.1014,0
          109.1003,12.09909,0
          109.10045,12.09873,0
          109.10093,12.09746,0
          109.10096,12.0974,0
          109.10136,12.09634,0
          109.10148,12.09606,0
          109.10153,12.09591,0
          109.10157,12.09582,0
          109.10179,12.09523,0
          109.10186,12.09507,0
          109.10267,12.09293,0
          109.1027,12.09288,0
          109.10276,12.09271,0
          109.10277,12.0927,0
          109.10342,12.09101,0
          109.10343,12.09097,0
          109.10348,12.09084,0
          109.1035,12.09081,0
          109.1039,12.08975,0
          109.10393,12.08965,0
          109.10451,12.08813,0
          109.10451,12.08812,0
          109.10488,12.08722,0
          109.10539,12.08586,0
          109.10543,12.08577,0
          109.10553,12.0855,0
          109.10591,12.08471,0
          109.10651,12.08305,0
          109.10662,12.08269,0
          109.10817,12.07861,0
          109.10821,12.07853,0
          109.10847,12.07786,0
          109.10852,12.07771,0
          109.10912,12.07618,0
          109.10917,12.07607,0
          109.10944,12.07534,0
          109.10944,12.07533,0
          109.10964,12.07479,0
          109.10988,12.07422,0
          109.11036,12.07293,0
          109.11048,12.07264,0
          109.11067,12.07213,0
          109.11104,12.07122,0
          109.1111,12.07105,0
          109.11164,12.06978,0
          109.11166,12.06972,0
          109.11253,12.0676,0
          109.11305,12.06645,0
          109.11308,12.0664,0
          109.11312,12.06628,0
          109.11326,12.06595,0
          109.11339,12.06561,0
          109.11406,12.06406,0
          109.11473,12.06241,0
          109.11488,12.06209,0
          109.11488,12.06208,0
          109.11603,12.05945,0
          109.11603,12.05944,0
          109.11708,12.05694,0
          109.11764,12.05568,0
          109.11776,12.05537,0
          109.11996,12.05017,0
          109.12004,12.05001,0
          109.12104,12.04764,0
          109.12131,12.04687,0
          109.12154,12.04601,0
          109.12163,12.04555,0
          109.12172,12.04486,0
          109.12177,12.04429,0
          109.12178,12.04406,0
          109.12178,12.04351,0
          109.12176,12.04334,0
          109.12176,12.04328,0
          109.1217,12.0426,0
          109.12169,12.04256,0
          109.12167,12.0423,0
          109.12157,12.04165,0
          109.12146,12.04121,0
          109.12145,12.04119,0
          109.12144,12.04114,0
          109.12127,12.04058,0
          109.12086,12.03951,0
          109.12069,12.03914,0
          109.12036,12.03855,0
          109.11992,12.03783,0
          109.11959,12.03737,0
          109.11933,12.03707,0
          109.11927,12.03698,0
          109.11854,12.03617,0
          109.11848,12.03612,0
          109.11835,12.03599,0
          109.11808,12.03575,0
          109.11806,12.03572,0
          109.11745,12.03525,0
          109.11692,12.03487,0
          109.11666,12.0347,0
          109.11603,12.03434,0
          109.11476,12.03375,0
          109.11192,12.03254,0
          109.11188,12.03253,0
          109.11075,12.03203,0
          109.11049,12.03193,0
          109.11007,12.03175,0
          109.11005,12.03175,0
          109.10683,12.03035,0
          109.10664,12.03028,0
          109.10552,12.02979,0
          109.10548,12.02978,0
          109.10437,12.02927,0
          109.10227,12.02822,0
          109.10171,12.02792,0
          109.10152,12.02783,0
          109.10057,12.02733,0
          109.10055,12.02731,0
          109.09944,12.02667,0
          109.09853,12.02611,0
          109.0985,12.0261,0
          109.09774,12.02563,0
          109.0976,12.02553,0
          109.09758,12.02552,0
          109.0967,12.02491,0
          109.09668,12.02489,0
          109.09578,12.02427,0
          109.09478,12.02355,0
          109.09388,12.02287,0
          109.09387,12.02286,0
          109.09228,12.02164,0
          109.09173,12.02119,0
          109.09172,12.02119,0
          109.09171,12.02117,0
          109.09129,12.02086,0
          109.09086,12.02052,0
          109.09084,12.02051,0
          109.08968,12.01962,0
          109.08911,12.01916,0
          109.08866,12.01883,0
          109.08786,12.01817,0
          109.08769,12.01805,0
          109.08738,12.01781,0
          109.08727,12.0177,0
          109.08725,12.01769,0
          109.08659,12.01717,0
          109.08659,12.01716,0
          109.08608,12.01674,0
          109.08589,12.01654,0
          109.08587,12.01653,0
          109.08558,12.01624,0
          109.08476,12.01531,0
          109.0847,12.01523,0
          109.08469,12.01522,0
          109.0842,12.01447,0
          109.08384,12.01385,0
          109.08382,12.01379,0
          109.08341,12.01295,0
          109.0831,12.01213,0
          109.08309,12.01212,0
          109.08309,12.01211,0
          109.08303,12.0119,0
          109.08301,12.01185,0
          109.08287,12.01125,0
          109.08287,12.01124,0
          109.08275,12.01078,0
          109.08269,12.01033,0
          109.08261,12.00987,0
          109.08257,12.00912,0
          109.08256,12.00596,0
          109.08257,12.00564,0
          109.08255,12.00515,0
          109.08258,12.0032,0
          109.0826,12.00277,0
          109.08256,12.00043,0
          109.08255,12.00029,0
          109.08256,11.99996,0
          109.08255,11.99584,0
          109.08256,11.99566,0
          109.08259,11.99361,0
          109.08254,11.99026,0
          109.0825,11.98974,0
          109.0825,11.98963,0
          109.08242,11.98867,0
          109.08239,11.98847,0
          109.08228,11.98742,0
          109.0821,11.98636,0
          109.0821,11.98633,0
          109.08207,11.98619,0
          109.08207,11.98618,0
          109.08187,11.98522,0
          109.08187,11.98521,0
          109.08151,11.98382,0
          109.08116,11.98272,0
          109.08116,11.98271,0
          109.08112,11.98256,0
          109.07954,11.97754,0
          109.07952,11.97745,0
          109.07941,11.97707,0
          109.07928,11.97672,0
          109.07924,11.97654,0
          109.07914,11.97618,0
          109.078,11.97255,0
          109.07798,11.97247,0
          109.07755,11.97116,0
          109.07739,11.97059,0
          109.07671,11.9684,0
          109.07665,11.96823,0
          109.07644,11.96754,0
          109.07638,11.96737,0
          109.07596,11.96599,0
          109.07595,11.96594,0
          109.07593,11.96589,0
          109.07588,11.96571,0
          109.0758,11.96547,0
          109.07578,11.96539,0
          109.07577,11.96537,0
          109.07572,11.9652,0
          109.07568,11.96502,0
          109.0756,11.96477,0
          109.07526,11.96328,0
          109.07506,11.96215,0
          109.07488,11.96079,0
          109.07487,11.96042,0
          109.07482,11.95961,0
          109.0748,11.95893,0
          109.07485,11.95737,0
          109.07489,11.95701,0
          109.0749,11.95696,0
          109.07497,11.9563,0
          109.07497,11.95627,0
          109.07498,11.95624,0
          109.07498,11.95621,0
          109.07499,11.95612,0
          109.07499,11.95607,0
          109.075,11.95603,0
          109.07502,11.95585,0
          109.07502,11.95582,0
          109.07503,11.95576,0
          109.07506,11.95538,0
          109.07512,11.95486,0
          109.07515,11.95469,0
          109.07515,11.95468,0
          109.07517,11.95459,0
          109.07518,11.95451,0
          109.07543,11.95329,0
          109.07544,11.95328,0
          109.07556,11.95275,0
          109.07584,11.95179,0
          109.07588,11.95169,0
          109.07598,11.95135,0
          109.07598,11.95134,0
          109.07609,11.95102,0
          109.07609,11.951,0
          109.07641,11.95016,0
          109.07674,11.94939,0
          109.07733,11.94816,0
          109.07745,11.94793,0
          109.07749,11.94787,0
          109.07817,11.94663,0
          109.07908,11.94524,0
          109.07962,11.94448,0
          109.08004,11.94399,0
          109.08011,11.94389,0
          109.08108,11.94275,0
          109.08128,11.94257,0
          109.08253,11.94134,0
          109.0835,11.9405,0
          109.08427,11.93991,0
          109.08526,11.9392,0
          109.08527,11.93919,0
          109.08541,11.9391,0
          109.08547,11.93907,0
          109.0865,11.93843,0
          109.08656,11.9384,0
          109.08665,11.93834,0
          109.08807,11.9375,0
          109.08813,11.93747,0
          109.09633,11.93265,0
          109.09739,11.93206,0
          109.09793,11.93173,0
          109.0999,11.9306,0
          109.10006,11.93049,0
          109.10012,11.93044,0
          109.10082,11.92995,0
          109.10113,11.92968,0
          109.1016,11.92923,0
          109.10182,11.92899,0
          109.1019,11.92889,0
          109.10191,11.92887,0
          109.10198,11.9288,0
          109.10256,11.92805,0
          109.1028,11.92768,0
          109.10294,11.92744,0
          109.10295,11.92744,0
          109.10306,11.92723,0
          109.10344,11.92642,0
          109.10379,11.92545,0
          109.10399,11.92456,0
          109.10407,11.92407,0
          109.10407,11.92399,0
          109.1041,11.92359,0
          109.10411,11.92292,0
          109.10409,11.92253,0
          109.10398,11.92165,0
          109.10374,11.92056,0
          109.10365,11.92026,0
          109.10353,11.91993,0
          109.10353,11.91992,0
          109.10335,11.91941,0
          109.10321,11.9189,0
          109.10321,11.91889,0
          109.10313,11.91862,0
          109.1029,11.91807,0
          109.1028,11.91789,0
          109.10259,11.91737,0
          109.10235,11.91668,0
          109.10229,11.91654,0
          109.10217,11.9162,0
          109.10186,11.91553,0
          109.10172,11.91518,0
          109.10167,11.91501,0
          109.10141,11.91426,0
          109.10126,11.91358,0
          109.10125,11.91351,0
          109.10124,11.91348,0
          109.10119,11.91326,0
          109.10118,11.91315,0
          109.10109,11.91262,0
          109.10106,11.91217,0
          109.10106,11.91208,0
          109.10103,11.91162,0
          109.10103,11.91096,0
          109.10098,11.91004,0
          109.10092,11.90934,0
          109.1009,11.90924,0
          109.10076,11.90773,0
          109.10076,11.90766,0
          109.1007,11.90701,0
          109.10067,11.90627,0
          109.10071,11.9045,0
          109.10063,11.90396,0
          109.10059,11.90349,0
          109.10058,11.90345,0
          109.10058,11.90309,0
          109.10056,11.90273,0
          109.10044,11.90137,0
          109.10044,11.9013,0
          109.10035,11.90011,0
          109.10025,11.89933,0
          109.09995,11.89774,0
          109.09981,11.89718,0
          109.09955,11.89636,0
          109.0992,11.89537,0
          109.09897,11.89482,0
          109.09896,11.89478,0
          109.09891,11.89467,0
          109.09882,11.89444,0
          109.09825,11.89331,0
          109.09817,11.89318,0
          109.09776,11.89244,0
          109.09733,11.89179,0
          109.09724,11.8916,0
          109.09618,11.88991,0
          109.09581,11.88937,0
          109.09578,11.88931,0
          109.0951,11.88827,0
          109.09508,11.88825,0
          109.09483,11.88785,0
          109.09482,11.88784,0
          109.09456,11.88741,0
          109.09442,11.88715,0
          109.09183,11.8831,0
          109.09182,11.88307,0
          109.09174,11.88295,0
          109.0916,11.88271,0
          109.09158,11.88266,0
          109.09154,11.88261,0
          109.09101,11.88172,0
          109.08983,11.87984,0
          109.08976,11.87975,0
          109.08968,11.8796,0
          109.0877,11.87646,0
          109.08667,11.87472,0
          109.08641,11.8742,0
          109.086,11.87325,0
          109.08582,11.8727,0
          109.08546,11.87142,0
          109.08546,11.8714,0
          109.08528,11.87081,0
          109.08522,11.87055,0
          109.08509,11.86948,0
          109.08507,11.86939,0
          109.08501,11.86896,0
          109.08496,11.86831,0
          109.08496,11.86769,0
          109.08495,11.86751,0
          109.08496,11.86684,0
          109.08501,11.86618,0
          109.08508,11.8655,0
          109.08511,11.86536,0
          109.0852,11.86482,0
          109.0852,11.86481,0
          109.08542,11.86386,0
          109.08565,11.86298,0
          109.08634,11.86066,0
          109.08635,11.86064,0
          109.08667,11.85948,0
          109.08696,11.85826,0
          109.08728,11.85667,0
          109.0874,11.85596,0
          109.08756,11.8548,0
          109.08756,11.85471,0
          109.0876,11.85435,0
          109.08761,11.85417,0
          109.0877,11.85345,0
          109.08787,11.85239,0
          109.08789,11.8522,0
          109.08792,11.85131,0
          109.08791,11.84985,0
          109.08789,11.84948,0
          109.08789,11.84931,0
          109.08788,11.8493,0
          109.08783,11.84805,0
          109.08772,11.847,0
          109.08771,11.84681,0
          109.08767,11.84647,0
          109.08766,11.84646,0
          109.08762,11.84612,0
          109.08762,11.8461,0
          109.08759,11.84594,0
          109.0875,11.84524,0
          109.08749,11.84522,0
          109.08745,11.84489,0
          109.08735,11.84435,0
          109.08723,11.84382,0
          109.0872,11.84364,0
          109.08697,11.84258,0
          109.08669,11.84158,0
          109.0863,11.84029,0
          109.08589,11.83908,0
          109.08584,11.83891,0
          109.08509,11.83707,0
          109.07759,11.81984,0
          109.07751,11.81968,0
          109.07666,11.81768,0
          109.0755,11.81481,0
          109.07544,11.81464,0
          109.07537,11.81448,0
          109.07537,11.81447,0
          109.07496,11.81338,0
          109.07429,11.81141,0
          109.07423,11.81121,0
          109.07406,11.81072,0
          109.07405,11.8107,0
          109.074,11.81053,0
          109.07394,11.81038,0
          109.07394,11.81036,0
          109.07376,11.80985,0
          109.07371,11.80968,0
          109.07348,11.80901,0
          109.07347,11.809,0
          109.07342,11.80882,0
          109.07332,11.80855,0
          109.07331,11.80848,0
          109.07298,11.80728,0
          109.07298,11.80726,0
          109.07279,11.80658,0
          109.07279,11.80657,0
          109.07251,11.80554,0
          109.07247,11.80536,0
          109.07246,11.80535,0
          109.07223,11.80449,0
          109.07223,11.80448,0
          109.07214,11.80414,0
          109.07214,11.80413,0
          109.07195,11.80345,0
          109.07195,11.80344,0
          109.07194,11.80341,0
          109.07187,11.8031,0
          109.07187,11.80309,0
          109.07183,11.80292,0
          109.07183,11.80291,0
          109.07174,11.80256,0
          109.07171,11.80239,0
          109.07166,11.80222,0
          109.07101,11.79941,0
          109.06924,11.78908,0
          109.06924,11.78907,0
          109.0691,11.78827,0
          109.06908,11.78819,0
          109.06898,11.78748,0
          109.06844,11.7845,0
          109.06843,11.78447,0
          109.0684,11.78429,0
          109.06803,11.78253,0
          109.06742,11.78003,0
          109.06677,11.77782,0
          109.06585,11.77518,0
          109.06491,11.77285,0
          109.06367,11.77021,0
          109.06366,11.77017,0
          109.06209,11.76721,0
          109.05955,11.76275,0
          109.05947,11.76263,0
          109.05866,11.76117,0
          109.05801,11.76009,0
          109.05799,11.76005,0
          109.05785,11.75983,0
          109.05526,11.75524,0
          109.05526,11.75523,0
          109.05507,11.75488,0
          109.05383,11.75275,0
          109.05335,11.75182,0
          109.05301,11.75122,0
          109.05247,11.75037,0
          109.05184,11.7493,0
          109.05121,11.74809,0
          109.0507,11.74718,0
          109.04942,11.745,0
          109.04851,11.74339,0
          109.04846,11.74329,0
          109.04519,11.73766,0
          109.04515,11.73758,0
          109.043,11.73395,0
          109.04298,11.7339,0
          109.04281,11.73362,0
          109.04279,11.7336,0
          109.04129,11.73111,0
          109.04119,11.73096,0
          109.04035,11.72957,0
          109.03994,11.72885,0
          109.03818,11.7259,0
          109.0381,11.72578,0
          109.03727,11.72438,0
          109.03721,11.72429,0
          109.03687,11.72372,0
          109.03682,11.72362,0
          109.03621,11.72261,0
          109.0362,11.7226,0
          109.03547,11.72137,0
          109.03538,11.7212,0
          109.03123,11.71426,0
          109.03061,11.71336,0
          109.02973,11.71218,0
          109.02968,11.7121,0
          109.02962,11.71204,0
          109.02896,11.71123,0
          109.02771,11.70984,0
          109.02615,11.70844,0
          109.02475,11.70733,0
          109.02369,11.70658,0
          109.02197,11.70553,0
          109.02016,11.70463,0
          109.02013,11.70462,0
          109.01958,11.70438,0
          109.01871,11.70403,0
          109.01746,11.70357,0
          109.01546,11.70302,0
          109.01433,11.70278,0
          109.01341,11.70262,0
          109.00879,11.70197,0
          109.00863,11.70196,0
          109.00563,11.70153,0
          109.00544,11.70151,0
          109.0054,11.7015,0
          109.00145,11.70094,0
          109.00126,11.70092,0
          108.99763,11.70034,0
          108.99677,11.70018,0
          108.9967,11.70016,0
          108.99572,11.70001,0
          108.9955,11.69996,0
          108.99291,11.69947,0
          108.98797,11.69843,0
          108.97791,11.69616,0
          108.9779,11.69616,0
          108.97719,11.696,0
          108.97701,11.69597,0
          108.97217,11.69489,0
          108.97105,11.6946,0
          108.97042,11.69442,0
          108.9696,11.69414,0
          108.96958,11.69413,0
          108.96731,11.69332,0
          108.96534,11.69251,0
          108.96305,11.69133,0
          108.96169,11.69054,0
          108.96163,11.69051,0
          108.95974,11.6894,0
          108.95974,11.68939,0
          108.95778,11.68807,0
          108.95777,11.68807,0
          108.95777,11.68806,0
          108.95768,11.688,0
          108.95653,11.68709,0
          108.95465,11.68544,0
          108.95198,11.68282,0
          108.9497,11.68046,0
          108.93733,11.6674,0
          108.93631,11.66638,0
          108.9336,11.66375,0
          108.93355,11.66372,0
          108.932,11.66225,0
          108.92909,11.65965,0
          108.92636,11.65727,0
          108.92617,11.65709,0
          108.92593,11.65689,0
          108.92536,11.65637,0
          108.91714,11.64915,0
          108.91713,11.64915,0
          108.91601,11.64817,0
          108.91583,11.648,0
          108.91579,11.64797,0
          108.91526,11.64751,0
          108.91513,11.64738,0
          108.90998,11.64281,0
          108.90994,11.64276,0
          108.90949,11.64235,0
          108.90752,11.64046,0
          108.90752,11.64045,0
          108.90629,11.63922,0
          108.90415,11.63696,0
          108.89786,11.62999,0
          108.89732,11.62936,0
          108.89601,11.62794,0
          108.89487,11.62666,0
          108.89325,11.6249,0
          108.89268,11.62425,0
          108.89009,11.62141,0
          108.89009,11.6214,0
          108.8895,11.62073,0
          108.88941,11.62064,0
          108.88796,11.61903,0
          108.88793,11.61899,0
          108.88548,11.61628,0
          108.88541,11.61621,0
          108.88532,11.6161,0
          108.88524,11.61602,0
          108.88507,11.61582,0
          108.88456,11.61527,0
          108.88445,11.61514,0
          108.88438,11.61507,0
          108.88384,11.61447,0
          108.88381,11.61445,0
          108.88371,11.61433,0
          108.88222,11.61273,0
          108.88083,11.61135,0
          108.88053,11.61108,0
          108.8805,11.61104,0
          108.87904,11.6097,0
          108.87878,11.60948,0
          108.87783,11.60861,0
          108.87163,11.6031,0
          108.87155,11.60302,0
          108.86605,11.59813,0
          108.86601,11.5981,0
          108.86169,11.59421,0
          108.86166,11.59419,0
          108.86056,11.59316,0
          108.85936,11.59192,0
          108.85935,11.5919,0
          108.8592,11.59174,0
          108.85764,11.58991,0
          108.85637,11.5882,0
          108.8554,11.58671,0
          108.85462,11.58539,0
          108.85379,11.58376,0
          108.85266,11.58125,0
          108.85177,11.57857,0
          108.85172,11.57845,0
          108.85167,11.57828,0
          108.85161,11.57811,0
          108.85126,11.57684,0
          108.85101,11.57574,0
          108.85063,11.5735,0
          108.85044,11.57206,0
          108.85033,11.5708,0
          108.84972,11.56176,0
          108.8497,11.56158,0
          108.84928,11.55557,0
          108.84928,11.5555,0
          108.84816,11.53935,0
          108.84743,11.5299,0
          108.84743,11.52986,0
          108.8472,11.52751,0
          108.84691,11.52519,0
          108.8467,11.52373,0
          108.84651,11.5227,0
          108.84638,11.52187,0
          108.84611,11.52058,0
          108.8456,11.51839,0
          108.84512,11.51655,0
          108.84452,11.51455,0
          108.84393,11.51278,0
          108.84332,11.51108,0
          108.84328,11.511,0
          108.84216,11.50825,0
          108.84094,11.50552,0
          108.83876,11.50117,0
          108.83867,11.50101,0
          108.83731,11.49829,0
          108.83723,11.49815,0
          108.83623,11.49612,0
          108.83356,11.49089,0
          108.83355,11.49085,0
          108.83315,11.49008,0
          108.83274,11.48924,0
          108.82849,11.48091,0
          108.82839,11.48073,0
          108.82839,11.48072,0
          108.82811,11.4802,0
          108.82806,11.48013,0
          108.82371,11.4721,0
          108.82112,11.46747,0
          108.82103,11.46733,0
          108.82094,11.46716,0
          108.81939,11.46451,0
          108.81836,11.46283,0
          108.81733,11.46122,0
          108.8147,11.45743,0
          108.81466,11.45738,0
          108.81463,11.45732,0
          108.81403,11.4565,0
          108.81183,11.45369,0
          108.81044,11.45198,0
          108.80905,11.45037,0
          108.80574,11.44667,0
          108.79984,11.44036,0
          108.79972,11.44022,0
          108.79746,11.4378,0
          108.79744,11.43779,0
          108.7941,11.43419,0
          108.79379,11.43383,0
          108.7923,11.43228,0
          108.79145,11.43134,0
          108.79139,11.43129,0
          108.79137,11.43126,0
          108.78751,11.42717,0
          108.78731,11.42698,0
          108.78702,11.42662,0
          108.78597,11.42555,0
          108.78597,11.42554,0
          108.78534,11.4249,0
          108.78265,11.42231,0
          108.78264,11.42229,0
          108.78063,11.42045,0
          108.78038,11.42024,0
          108.77827,11.41823,0
          108.77825,11.41822,0
          108.77574,11.41588,0
          108.77573,11.41586,0
          108.77455,11.41476,0
          108.77453,11.41475,0
          108.77216,11.41253,0
          108.77214,11.41252,0
          108.77161,11.41206,0
          108.7716,11.41204,0
          108.77065,11.41122,0
          108.7705,11.41108,0
          108.77021,11.41084,0
          108.76915,11.40991,0
          108.76886,11.40964,0
          108.76882,11.40961,0
          108.76593,11.40692,0
          108.76534,11.40634,0
          108.76231,11.4036,0
          108.76224,11.40353,0
          108.76136,11.40275,0
          108.76129,11.40268,0
          108.75974,11.40129,0
          108.75967,11.40122,0
          108.75899,11.40062,0
          108.75893,11.40056,0
          108.75879,11.40044,0
          108.75872,11.40037,0
          108.75811,11.39983,0
          108.75804,11.39976,0
          108.75798,11.39971,0
          108.75791,11.39964,0
          108.75784,11.39959,0
          108.75771,11.39946,0
          108.75696,11.39879,0
          108.7569,11.39873,0
          108.75655,11.39843,0
          108.75649,11.39837,0
          108.75622,11.39813,0
          108.75615,11.39806,0
          108.7558,11.39775,0
          108.75465,11.39661,0
          108.75459,11.39654,0
          108.7542,11.39616,0
          108.75413,11.3961,0
          108.75407,11.39603,0
          108.75381,11.39578,0
          108.75375,11.39571,0
          108.75368,11.39565,0
          108.75137,11.39334,0
          108.75042,11.39244,0
          108.75032,11.39236,0
          108.74945,11.39154,0
          108.7494,11.39148,0
          108.74839,11.39049,0
          108.74807,11.39015,0
          108.74662,11.38852,0
          108.74653,11.38843,0
          108.7463,11.38813,0
          108.74551,11.38718,0
          108.74434,11.38562,0
          108.74431,11.38559,0
          108.74372,11.38473,0
          108.7437,11.38471,0
          108.7437,11.3847,0
          108.74295,11.38352,0
          108.74294,11.38351,0
          108.7422,11.38225,0
          108.74168,11.38129,0
          108.74133,11.38058,0
          108.74132,11.38057,0
          108.74129,11.38049,0
          108.74086,11.37959,0
          108.74076,11.37936,0
          108.7405,11.37882,0
          108.7401,11.37787,0
          108.73998,11.37755,0
          108.73995,11.37745,0
          108.73968,11.37676,0
          108.73967,11.37671,0
          108.73932,11.37568,0
          108.73922,11.37535,0
          108.73921,11.37533,0
          108.73884,11.37406,0
          108.73845,11.37258,0
          108.73841,11.37238,0
          108.73839,11.37224,0
          108.73825,11.37153,0
          108.73775,11.36847,0
          108.73771,11.36812,0
          108.73769,11.36802,0
          108.73715,11.36403,0
          108.73715,11.364,0
          108.73714,11.36397,0
          108.73669,11.3606,0
          108.73669,11.36056,0
          108.73667,11.36042,0
          108.73666,11.36038,0
          108.73552,11.35186,0
          108.73551,11.35171,0
          108.73549,11.35158,0
          108.73548,11.35157,0
          108.73536,11.35069,0
          108.73535,11.35054,0
          108.73442,11.34376,0
          108.73442,11.34372,0
          108.73398,11.3406,0
          108.73374,11.33869,0
          108.7337,11.33852,0
          108.73348,11.33706,0
          108.73323,11.33575,0
          108.73281,11.33394,0
          108.73276,11.33377,0
          108.73276,11.33375,0
          108.73262,11.33325,0
          108.73258,11.33307,0
          108.73239,11.33238,0
          108.73238,11.33236,0
          108.73175,11.33038,0
          108.73081,11.32797,0
          108.72863,11.3228,0
          108.72853,11.32259,0
          108.72775,11.32074,0
          108.72775,11.32073,0
          108.72677,11.31842,0
          108.7264,11.3176,0
          108.72623,11.31717,0
          108.72255,11.30854,0
          108.72068,11.30392,0
          108.72065,11.30386,0
          108.72015,11.30257,0
          108.71827,11.29796,0
          108.7181,11.2975,0
          108.71794,11.29716,0
          108.71753,11.29617,0
          108.71706,11.29494,0
          108.71661,11.29385,0
          108.7164,11.29328,0
          108.71535,11.29069,0
          108.71429,11.28823,0
          108.71365,11.28667,0
          108.71353,11.28633,0
          108.7135,11.28622,0
          108.71341,11.2858,0
          108.71328,11.28533,0
          108.7132,11.28513,0
          108.71319,11.28512,0
          108.7131,11.28496,0
          108.71309,11.28493,0
          108.71289,11.28467,0
          108.71246,11.28415,0
          108.71185,11.28332,0
          108.71117,11.28254,0
          108.71098,11.28236,0
          108.71054,11.28189,0
          108.70986,11.28126,0
          108.7092,11.28071,0
          108.70812,11.27998,0
          108.70706,11.27933,0
          108.70662,11.27901,0
          108.70637,11.2788,0
          108.70607,11.27859,0
          108.70557,11.27829,0
          108.70512,11.27804,0
          108.7048,11.27788,0
          108.70474,11.27786,0
          108.70456,11.27777,0
          108.70418,11.27764,0
          108.7034,11.27733,0
          108.70327,11.27727,0
          108.70207,11.27663,0
          108.70004,11.27543,0
          108.6986,11.27461,0
          108.69703,11.27376,0
          108.69617,11.27332,0
          108.69571,11.27312,0
          108.6957,11.27311,0
          108.69492,11.27279,0
          108.69303,11.27213,0
          108.69209,11.27184,0
          108.69208,11.27184,0
          108.69134,11.27162,0
          108.69122,11.27157,0
          108.68981,11.27111,0
          108.68953,11.27103,0
          108.68948,11.27102,0
          108.68946,11.27102,0
          108.68839,11.27083,0
          108.6883,11.27082,0
          108.68826,11.27081,0
          108.68822,11.27081,0
          108.68745,11.2707,0
          108.68717,11.27065,0
          108.68714,11.27065,0
          108.68679,11.27059,0
          108.68411,11.27,0
          108.68394,11.26997,0
          108.68393,11.26997,0
          108.68322,11.26981,0
          108.6832,11.26981,0
          108.68304,11.26977,0
          108.68301,11.26977,0
          108.68179,11.2695,0
          108.68174,11.26948,0
          108.68161,11.26946,0
          108.68036,11.26919,0
          108.67992,11.26908,0
          108.67892,11.26888,0
          108.67889,11.26887,0
          108.67886,11.26887,0
          108.67827,11.26874,0
          108.6773,11.2685,0
          108.67414,11.26784,0
          108.6706,11.26699,0
          108.66962,11.26673,0
          108.66884,11.2665,0
          108.66879,11.26649,0
          108.66643,11.26575,0
          108.66625,11.26567,0
          108.66343,11.26464,0
          108.6622,11.26412,0
          108.65915,11.26268,0
          108.65736,11.26177,0
          108.65729,11.26174,0
          108.65429,11.26023,0
          108.65194,11.25909,0
          108.64873,11.25743,0
          108.64724,11.25672,0
          108.64297,11.25453,0
          108.64035,11.25314,0
          108.63999,11.25298,0
          108.63894,11.25243,0
          108.63877,11.25235,0
          108.63748,11.25166,0
          108.63483,11.2503,0
          108.63039,11.24795,0
          108.62878,11.24706,0
          108.62699,11.24616,0
          108.62477,11.24499,0
          108.62474,11.24498,0
          108.62424,11.24473,0
          108.62335,11.24435,0
          108.62132,11.24359,0
          108.62041,11.24332,0
          108.61949,11.24308,0
          108.61833,11.24287,0
          108.61661,11.24268,0
          108.61494,11.24257,0
          108.61436,11.24259,0
          108.61399,11.24259,0
          108.61337,11.24261,0
          108.61123,11.24283,0
          108.61095,11.24288,0
          108.61091,11.24288,0
          108.60926,11.24318,0
          108.60709,11.24364,0
          108.60702,11.24365,0
          108.60666,11.24373,0
          108.60648,11.24376,0
          108.60469,11.24414,0
          108.60437,11.24422,0
          108.60422,11.24424,0
          108.59733,11.24565,0
          108.59724,11.24566,0
          108.58098,11.24906,0
          108.5808,11.24909,0
          108.57991,11.24928,0
          108.55026,11.25487,0
          108.53953,11.25678,0
          108.52126,11.25985,0
          108.52117,11.25987,0
          108.51718,11.26053,0
          108.51069,11.26142,0
          108.5013,11.26254,0
          108.50126,11.26254,0
          108.50111,11.26256,0
          108.50108,11.26257,0
          108.50105,11.26257,0
          108.50093,11.26259,0
          108.49837,11.26288,0
          108.49634,11.26314,0
          108.49629,11.26314,0
          108.49618,11.26316,0
          108.49616,11.26316,0
          108.49319,11.2635,0
          108.49317,11.26351,0
          108.49209,11.26363,0
          108.49206,11.26364,0
          108.49108,11.26377,0
          108.4903,11.26384,0
          108.48597,11.26435,0
          108.48594,11.26435,0
          108.48526,11.26443,0
          108.48525,11.26444,0
          108.48397,11.26458,0
          108.48388,11.2646,0
          108.47886,11.26512,0
          108.478,11.26519,0
          108.47579,11.2653,0
          108.47098,11.26531,0
          108.46712,11.26503,0
          108.46391,11.26469,0
          108.45825,11.26393,0
          108.4581,11.26392,0
          108.45158,11.26308,0
          108.45152,11.26308,0
          108.44884,11.26272,0
          108.44879,11.26272,0
          108.44861,11.26269,0
          108.44825,11.26265,0
          108.44807,11.26262,0
          108.44261,11.26193,0
          108.44209,11.2619,0
          108.43348,11.26084,0
          108.43298,11.26079,0
          108.43279,11.26076,0
          108.43006,11.26045,0
          108.42988,11.26042,0
          108.4277,11.26017,0
          108.42765,11.26017,0
          108.42385,11.25972,0
          108.4118,11.25855,0
          108.41162,11.25854,0
          108.40505,11.25789,0
          108.40487,11.25788,0
          108.39964,11.25738,0
          108.39958,11.25738,0
          108.39946,11.25737,0
          108.3994,11.25736,0
          108.39416,11.25685,0
          108.39411,11.25684,0
          108.39398,11.25683,0
          108.39392,11.25682,0
          108.39337,11.25677,0
          108.39333,11.25676,0
          108.39234,11.25667,0
          108.39228,11.25666,0
          108.3921,11.25665,0
          108.3885,11.2563,0
          108.38425,11.25583,0
          108.38407,11.25582,0
          108.38315,11.25571,0
          108.38298,11.2557,0
          108.37897,11.25524,0
          108.37885,11.25522,0
          108.37696,11.255,0
          108.37678,11.25497,0
          108.37539,11.2548,0
          108.37521,11.25477,0
          108.37514,11.25477,0
          108.36682,11.25372,0
          108.3668,11.25372,0
          108.36584,11.25359,0
          108.36581,11.25359,0
          108.3614,11.25304,0
          108.36136,11.25304,0
          108.36135,11.25303,0
          108.35807,11.25262,0
          108.35799,11.2526,0
          108.35526,11.25226,0
          108.35503,11.25224,0
          108.34952,11.25155,0
          108.34653,11.25114,0
          108.34138,11.25054,0
          108.34136,11.25053,0
          108.34047,11.25043,0
          108.34029,11.2504,0
          108.33464,11.24973,0
          108.33446,11.2497,0
          108.33118,11.24933,0
          108.331,11.2493,0
          108.32863,11.24904,0
          108.32667,11.24879,0
          108.31801,11.24783,0
          108.31324,11.24724,0
          108.30908,11.24677,0
          108.3089,11.24674,0
          108.30663,11.24648,0
          108.30503,11.24625,0
          108.30484,11.24623,0
          108.30309,11.24597,0
          108.30307,11.24597,0
          108.30159,11.24567,0
          108.30158,11.24566,0
          108.29919,11.24506,0
          108.297,11.24438,0
          108.29508,11.24366,0
          108.29274,11.24262,0
          108.29054,11.24148,0
          108.28872,11.24043,0
          108.2869,11.23923,0
          108.28615,11.23868,0
          108.286,11.23858,0
          108.2854,11.23814,0
          108.28387,11.23695,0
          108.28313,11.23634,0
          108.27938,11.23308,0
          108.27934,11.23306,0
          108.27843,11.23223,0
          108.27833,11.23213,0
          108.27666,11.23068,0
          108.27663,11.23066,0
          108.2757,11.22984,0
          108.2756,11.22976,0
          108.27543,11.2296,0
          108.26214,11.21798,0
          108.25304,11.20985,0
          108.25294,11.20977,0
          108.25285,11.20968,0
          108.24862,11.20595,0
          108.24371,11.20149,0
          108.2422,11.20017,0
          108.23918,11.19744,0
          108.23637,11.19496,0
          108.23623,11.19485,0
          108.23256,11.19159,0
          108.23242,11.19148,0
          108.23021,11.18958,0
          108.23007,11.18947,0
          108.22413,11.18438,0
          108.22405,11.18432,0
          108.21925,11.18025,0
          108.2192,11.1802,0
          108.2165,11.1779,0
          108.21646,11.17786,0
          108.21632,11.17775,0
          108.21479,11.17645,0
          108.21465,11.17634,0
          108.20648,11.16942,0
          108.20325,11.16691,0
          108.20077,11.16507,0
          108.19701,11.16255,0
          108.19548,11.16156,0
          108.19523,11.16141,0
          108.18963,11.15781,0
          108.18947,11.15772,0
          108.18118,11.15241,0
          108.1791,11.15087,0
          108.17709,11.14902,0
          108.17615,11.14804,0
          108.17529,11.14702,0
          108.1742,11.14562,0
          108.17228,11.14269,0
          108.16626,11.13321,0
          108.16618,11.1331,0
          108.161,11.12498,0
          108.15971,11.1229,0
          108.15798,11.12021,0
          108.15794,11.12016,0
          108.15771,11.1198,0
          108.15687,11.11861,0
          108.15684,11.11856,0
          108.1554,11.11674,0
          108.15383,11.11498,0
          108.15178,11.11281,0
          108.15155,11.11259,0
          108.14972,11.1107,0
          108.14955,11.11054,0
          108.14142,11.10225,0
          108.1413,11.10211,0
          108.13636,11.09704,0
          108.13508,11.09576,0
          108.135,11.09569,0
          108.13445,11.09512,0
          108.1344,11.09506,0
          108.13397,11.09466,0
          108.13281,11.09351,0
          108.13254,11.09327,0
          108.13241,11.09314,0
          108.13238,11.09312,0
          108.13237,11.0931,0
          108.13231,11.09305,0
          108.13226,11.09299,0
          108.13216,11.09289,0
          108.13128,11.0921,0
          108.13064,11.0915,0
          108.12998,11.09092,0
          108.12946,11.09044,0
          108.12783,11.08901,0
          108.12773,11.08893,0
          108.12736,11.0886,0
          108.12696,11.08827,0
          108.12692,11.08823,0
          108.12601,11.08746,0
          108.12599,11.08745,0
          108.124,11.08588,0
          108.12385,11.08575,0
          108.11715,11.08041,0
          108.11592,11.07935,0
          108.11377,11.07737,0
          108.11315,11.07675,0
          108.11315,11.07674,0
          108.1125,11.07611,0
          108.11099,11.07445,0
          108.11057,11.07395,0
          108.11051,11.07389,0
          108.11038,11.07372,0
          108.10894,11.07198,0
          108.10872,11.07168,0
          108.10869,11.07165,0
          108.10758,11.07017,0
          108.10758,11.07016,0
          108.10725,11.06973,0
          108.1068,11.0691,0
          108.10677,11.06905,0
          108.10547,11.06731,0
          108.10527,11.06701,0
          108.10355,11.06464,0
          108.10349,11.06453,0
          108.10349,11.06452,0
          108.10346,11.06449,0
          108.10294,11.0638,0
          108.10292,11.06376,0
          108.1028,11.06362,0
          108.10202,11.06257,0
          108.10182,11.06233,0
          108.10182,11.06232,0
          108.10119,11.06156,0
          108.10061,11.0608,0
          108.09975,11.05981,0
          108.09975,11.0598,0
          108.09964,11.05966,0
          108.09887,11.05878,0
          108.09874,11.05865,0
          108.0985,11.05835,0
          108.09809,11.05794,0
          108.09764,11.05743,0
          108.09569,11.05544,0
          108.09535,11.05513,0
          108.09443,11.05424,0
          108.09241,11.05245,0
          108.09156,11.05173,0
          108.09134,11.05157,0
          108.09068,11.05101,0
          108.0889,11.04963,0
          108.08838,11.04926,0
          108.08794,11.04892,0
          108.08563,11.04731,0
          108.08514,11.04699,0
          108.08513,11.04699,0
          108.08426,11.04642,0
          108.08379,11.04613,0
          108.08296,11.04566,0
          108.08172,11.04489,0
          108.08073,11.04432,0
          108.08061,11.04424,0
          108.08017,11.044,0
          108.07956,11.04364,0
          108.07788,11.04272,0
          108.07646,11.04191,0
          108.0763,11.04181,0
          108.07455,11.04082,0
          108.07439,11.04074,0
          108.07439,11.04073,0
          108.07268,11.0398,0
          108.07168,11.03923,0
          108.07151,11.03912,0
          108.06985,11.0382,0
          108.06915,11.03779,0
          108.06878,11.0376,0
          108.06155,11.03356,0
          108.06146,11.03352,0
          108.06146,11.03351,0
          108.06018,11.03282,0
          108.06018,11.03281,0
          108.05906,11.03221,0
          108.05905,11.03221,0
          108.05873,11.03203,0
          108.05796,11.03163,0
          108.05777,11.03152,0
          108.05776,11.03152,0
          108.05681,11.03098,0
          108.0566,11.03085,0
          108.0565,11.0308,0
          108.0565,11.03079,0
          108.05507,11.03,0
          108.05506,11.02999,0
          108.05331,11.02904,0
          108.05111,11.0278,0
          108.04565,11.02484,0
          108.04564,11.02483,0
          108.04471,11.02431,0
          108.04453,11.02422,0
          108.03419,11.01842,0
          108.03415,11.01839,0
          108.03323,11.01789,0
          108.03203,11.0172,0
          108.03196,11.01717,0
          108.02798,11.01494,0
          108.02782,11.01486,0
          108.02578,11.01373,0
          108.02402,11.01271,0
          108.02401,11.01271,0
          108.01739,11.00898,0
          108.01597,11.00821,0
          108.00959,11.00461,0
          108.00943,11.00453,0
          108.00804,11.00374,0
          108.00784,11.00364,0
          108.0055,11.00232,0
          108.00546,11.00229,0
          108.00467,11.00183,0
          108.00366,11.00117,0
          108.00346,11.00102,0
          108.00247,11.00035,0
          108.00139,10.99949,0
          108.00003,10.99831,0
          107.99918,10.99748,0
          107.99901,10.99729,0
          107.99894,10.99723,0
          107.9978,10.99594,0
          107.99691,10.9948,0
          107.99688,10.99477,0
          107.9968,10.99465,0
          107.99628,10.99394,0
          107.99568,10.99304,0
          107.99514,10.99217,0
          107.9946,10.99118,0
          107.99399,10.98994,0
          107.99382,10.98955,0
          107.99374,10.98939,0
          107.99301,10.98754,0
          107.99257,10.98618,0
          107.99206,10.98434,0
          107.99111,10.98059,0
          107.991,10.98021,0
          107.99082,10.97944,0
          107.99041,10.97787,0
          107.99039,10.97776,0
          107.98744,10.96621,0
          107.98743,10.96619,0
          107.98457,10.95561,0
          107.98447,10.9552,0
          107.98313,10.9503,0
          107.9831,10.95021,0
          107.98204,10.94629,0
          107.98169,10.9452,0
          107.98169,10.94519,0
          107.98148,10.94465,0
          107.98126,10.94413,0
          107.98105,10.94371,0
          107.98052,10.94275,0
          107.97988,10.9418,0
          107.97969,10.94155,0
          107.97896,10.94067,0
          107.97861,10.94028,0
          107.97691,10.9385,0
          107.9623,10.92369,0
          107.96221,10.92361,0
          107.96139,10.92281,0
          107.96016,10.9217,0
          107.9592,10.9209,0
          107.95863,10.92045,0
          107.95716,10.91937,0
          107.95716,10.91936,0
          107.95566,10.91836,0
          107.95503,10.91797,0
          107.95471,10.91779,0
          107.95413,10.91743,0
          107.95408,10.91739,0
          107.95397,10.91733,0
          107.95382,10.91723,0
          107.95366,10.91714,0
          107.95212,10.91618,0
          107.9518,10.916,0
          107.95055,10.91521,0
          107.94871,10.9141,0
          107.94816,10.91375,0
          107.948,10.91366,0
          107.94361,10.91096,0
          107.94353,10.91092,0
          107.94338,10.91082,0
          107.94215,10.91007,0
          107.94214,10.91006,0
          107.9412,10.90948,0
          107.94109,10.90944,0
          107.941,10.9094,0
          107.94022,10.90894,0
          107.9395,10.90849,0
          107.9394,10.90842,0
          107.93917,10.90829,0
          107.93865,10.90795,0
          107.9384,10.90781,0
          107.93775,10.90741,0
          107.93759,10.90733,0
          107.93737,10.9072,0
          107.93725,10.90711,0
          107.93716,10.90706,0
          107.93706,10.90699,0
          107.93643,10.90662,0
          107.93557,10.90608,0
          107.93498,10.90574,0
          107.93487,10.90566,0
          107.93309,10.90454,0
          107.93304,10.9045,0
          107.9328,10.90436,0
          107.93251,10.90417,0
          107.93203,10.9039,0
          107.93196,10.90385,0
          107.93052,10.90297,0
          107.93048,10.90294,0
          107.93021,10.90279,0
          107.92943,10.90231,0
          107.9294,10.90228,0
          107.9287,10.90186,0
          107.92866,10.90183,0
          107.9283,10.90162,0
          107.92792,10.90137,0
          107.92647,10.90054,0
          107.92646,10.90053,0
          107.9264,10.90049,0
          107.92631,10.90045,0
          107.9263,10.90044,0
          107.92427,10.89934,0
          107.92263,10.89852,0
          107.92193,10.89821,0
          107.92128,10.89789,0
          107.91887,10.89682,0
          107.91684,10.89603,0
          107.91666,10.89595,0
          107.91489,10.89531,0
          107.91418,10.89508,0
          107.91402,10.89502,0
          107.91401,10.89502,0
          107.91303,10.89469,0
          107.91174,10.8943,0
          107.91163,10.89426,0
          107.90806,10.89335,0
          107.90545,10.89279,0
          107.90496,10.89271,0
          107.90227,10.89219,0
          107.90159,10.89202,0
          107.9002,10.89153,0
          107.90002,10.89145,0
          107.89986,10.89139,0
          107.89892,10.89094,0
          107.89886,10.8909,0
          107.89787,10.89034,0
          107.89601,10.88899,0
          107.89573,10.88874,0
          107.89428,10.8876,0
          107.89416,10.88749,0
          107.89287,10.88646,0
          107.89207,10.88587,0
          107.89032,10.88473,0
          107.88921,10.88404,0
          107.88797,10.88333,0
          107.8859,10.88208,0
          107.88409,10.88103,0
          107.88394,10.88092,0
          107.88287,10.8803,0
          107.88227,10.87993,0
          107.88109,10.87928,0
          107.87942,10.87846,0
          107.87808,10.87787,0
          107.87662,10.87732,0
          107.87436,10.87657,0
          107.87347,10.87633,0
          107.87342,10.87631,0
          107.87315,10.87624,0
          107.87172,10.8758,0
          107.87104,10.87565,0
          107.86926,10.87512,0
          107.86925,10.87512,0
          107.86908,10.87507,0
          107.86891,10.87503,0
          107.8689,10.87502,0
          107.8638,10.87359,0
          107.86371,10.87357,0
          107.8633,10.87345,0
          107.86138,10.87295,0
          107.86136,10.87294,0
          107.86119,10.8729,0
          107.86118,10.8729,0
          107.86083,10.8728,0
          107.86082,10.8728,0
          107.86042,10.8727,0
          107.85922,10.87244,0
          107.85581,10.87195,0
          107.85425,10.87177,0
          107.85408,10.87174,0
          107.85232,10.87155,0
          107.85208,10.87151,0
          107.84986,10.87126,0
          107.84975,10.87124,0
          107.84686,10.87092,0
          107.84622,10.87083,0
          107.84487,10.87069,0
          107.84469,10.87066,0
          107.84379,10.87055,0
          107.84378,10.87054,0
          107.8424,10.87034,0
          107.84147,10.87018,0
          107.84035,10.86994,0
          107.84007,10.86989,0
          107.83993,10.86985,0
          107.83904,10.86966,0
          107.83755,10.86928,0
          107.83746,10.86924,0
          107.83718,10.86917,0
          107.83262,10.86779,0
          107.83261,10.86778,0
          107.83222,10.86767,0
          107.83039,10.86709,0
          107.8302,10.86704,0
          107.83011,10.86701,0
          107.83002,10.86699,0
          107.82747,10.86621,0
          107.82575,10.86574,0
          107.82505,10.86557,0
          107.82489,10.86554,0
          107.82468,10.86548,0
          107.82291,10.8651,0
          107.82125,10.86483,0
          107.81996,10.86465,0
          107.81841,10.86449,0
          107.81836,10.86448,0
          107.81744,10.86441,0
          107.81599,10.86434,0
          107.81433,10.8643,0
          107.81213,10.86437,0
          107.81086,10.86444,0
          107.81067,10.86444,0
          107.80679,10.86468,0
          107.80665,10.86468,0
          107.8042,10.86483,0
          107.80411,10.86483,0
          107.80329,10.86488,0
          107.8032,10.86488,0
          107.80211,10.865,0
          107.80001,10.86513,0
          107.79919,10.86516,0
          107.79761,10.86515,0
          107.79659,10.86509,0
          107.79575,10.86497,0
          107.79498,10.86489,0
          107.79363,10.86467,0
          107.79361,10.86466,0
          107.79204,10.86433,0
          107.78979,10.86373,0
          107.78717,10.86294,0
          107.78712,10.86292,0
          107.7871,10.86292,0
          107.78583,10.86259,0
          107.78486,10.86228,0
          107.78291,10.86171,0
          107.78252,10.86158,0
          107.78242,10.86154,0
          107.78113,10.86118,0
          107.77928,10.86059,0
          107.77491,10.85927,0
          107.77481,10.85925,0
          107.77466,10.8592,0
          107.7732,10.85881,0
          107.77235,10.85863,0
          107.77165,10.85853,0
          107.77063,10.85842,0
          107.77001,10.85838,0
          107.76884,10.85836,0
          107.76873,10.85837,0
          107.76857,10.85837,0
          107.7676,10.85842,0
          107.7665,10.85854,0
          107.76604,10.85862,0
          107.76603,10.85862,0
          107.76544,10.85872,0
          107.76517,10.85879,0
          107.76505,10.85881,0
          107.76093,10.85972,0
          107.75955,10.85998,0
          107.75886,10.86008,0
          107.7574,10.8602,0
          107.75631,10.86024,0
          107.75624,10.86025,0
          107.75605,10.86025,0
          107.75575,10.86027,0
          107.75557,10.86027,0
          107.75551,10.86028,0
          107.75514,10.86029,0
          107.75502,10.8603,0
          107.75483,10.8603,0
          107.74386,10.86075,0
          107.74379,10.86076,0
          107.74361,10.86076,0
          107.7435,10.86077,0
          107.74322,10.86078,0
          107.74299,10.8608,0
          107.74236,10.86081,0
          107.7418,10.86084,0
          107.74167,10.86084,0
          107.74162,10.86085,0
          107.7411,10.86088,0
          107.74052,10.86089,0
          107.73837,10.86099,0
          107.73819,10.86099,0
          107.73288,10.8612,0
          107.73283,10.86121,0
          107.73215,10.86123,0
          107.73211,10.86124,0
          107.72922,10.86135,0
          107.72899,10.86135,0
          107.72611,10.86147,0
          107.72589,10.86147,0
          107.72194,10.86165,0
          107.72176,10.86165,0
          107.72103,10.86168,0
          107.72099,10.86169,0
          107.71791,10.86182,0
          107.71773,10.86182,0
          107.717,10.86185,0
          107.71696,10.86186,0
          107.71627,10.86189,0
          107.71608,10.86189,0
          107.71572,10.86191,0
          107.71554,10.86191,0
          107.7155,10.86192,0
          107.71444,10.86193,0
          107.7144,10.86194,0
          107.71276,10.86192,0
          107.71164,10.86185,0
          107.71143,10.86182,0
          107.71039,10.86171,0
          107.70912,10.86151,0
          107.70877,10.86144,0
          107.7084,10.86138,0
          107.70623,10.86095,0
          107.70458,10.86068,0
          107.70294,10.86048,0
          107.70291,10.86048,0
          107.70276,10.86046,0
          107.69692,10.85996,0
          107.69654,10.85994,0
          107.69526,10.85979,0
          107.69492,10.85978,0
          107.69474,10.85976,0
          107.68952,10.85938,0
          107.68943,10.85938,0
          107.68505,10.85901,0
          107.68469,10.85897,0
          107.68323,10.85886,0
          107.68317,10.85886,0
          107.68305,10.85884,0
          107.68249,10.85882,0
          107.68129,10.85871,0
          107.68049,10.85866,0
          107.6782,10.85859,0
          107.67721,10.85858,0
          107.67465,10.85865,0
          107.67322,10.85874,0
          107.67222,10.85883,0
          107.67215,10.85883,0
          107.67087,10.85897,0
          107.67076,10.85899,0
          107.67073,10.85899,0
          107.66923,10.85917,0
          107.66799,10.85935,0
          107.66474,10.85999,0
          107.66463,10.86002,0
          107.66424,10.86008,0
          107.66348,10.86023,0
          107.66337,10.86026,0
          107.66158,10.86063,0
          107.66156,10.86064,0
          107.65958,10.86103,0
          107.65951,10.86105,0
          107.65798,10.86137,0
          107.6579,10.86138,0
          107.65602,10.86177,0
          107.65594,10.86178,0
          107.65334,10.86232,0
          107.65326,10.86233,0
          107.6522,10.86255,0
          107.65219,10.86256,0
          107.65083,10.86284,0
          107.65077,10.86286,0
          107.65075,10.86286,0
          107.64867,10.86329,0
          107.6486,10.8633,0
          107.64631,10.86377,0
          107.64627,10.86377,0
          107.64491,10.86405,0
          107.64483,10.86406,0
          107.6406,10.86492,0
          107.64053,10.86494,0
          107.64035,10.86497,0
          107.63963,10.86512,0
          107.63961,10.86512,0
          107.63763,10.86555,0
          107.6375,10.86557,0
          107.63397,10.86629,0
          107.63389,10.8663,0
          107.63137,10.8668,0
          107.63129,10.86681,0
          107.63094,10.86689,0
          107.63092,10.86689,0
          107.62948,10.86719,0
          107.6293,10.86722,0
          107.62679,10.86774,0
          107.62661,10.86777,0
          107.62536,10.86804,0
          107.62518,10.86807,0
          107.62411,10.8683,0
          107.6241,10.8683,0
          107.62052,10.86902,0
          107.6205,10.86903,0
          107.61898,10.86933,0
          107.61891,10.86935,0
          107.6189,10.86935,0
          107.61747,10.86963,0
          107.61747,10.86964,0
          107.61635,10.86986,0
          107.61494,10.87007,0
          107.6149,10.87008,0
          107.61422,10.87015,0
          107.61417,10.87015,0
          107.61312,10.87023,0
          107.61308,10.87024,0
          107.61293,10.87024,0
          107.61257,10.87026,0
          107.61239,10.87028,0
          107.61202,10.8703,0
          107.61147,10.8703,0
          107.61129,10.87031,0
          107.6111,10.87031,0
          107.61056,10.87028,0
          107.61037,10.87028,0
          107.60977,10.87025,0
          107.60783,10.87005,0
          107.60619,10.86982,0
          107.60582,10.86978,0
          107.60493,10.86965,0
          107.60474,10.86963,0
          107.60347,10.86943,0
          107.60315,10.86939,0
          107.60312,10.86938,0
          107.60207,10.86922,0
          107.60203,10.86921,0
          107.5999,10.86888,0
          107.59986,10.86888,0
          107.59809,10.8686,0
          107.59805,10.8686,0
          107.59328,10.86785,0
          107.59314,10.86782,0
          107.5928,10.86779,0
          107.58904,10.86723,0
          107.589,10.86723,0
          107.58846,10.86714,0
          107.58828,10.86712,0
          107.58664,10.86687,0
          107.58431,10.8666,0
          107.58281,10.86648,0
          107.58043,10.86641,0
          107.5803,10.8664,0
          107.58008,10.86641,0
          107.5788,10.86642,0
          107.57878,10.86643,0
          107.57752,10.86644,0
          107.57731,10.86645,0
          107.57617,10.86646,0
          107.57224,10.86656,0
          107.57209,10.86657,0
          107.5655,10.86672,0
          107.56542,10.86673,0
          107.56212,10.8668,0
          107.56202,10.86681,0
          107.55868,10.86687,0
          107.55856,10.86688,0
          107.55023,10.86705,0
          107.54328,10.86725,0
          107.54223,10.86734,0
          107.54201,10.86737,0
          107.54199,10.86737,0
          107.54058,10.86755,0
          107.54043,10.86758,0
          107.53981,10.86766,0
          107.53843,10.86793,0
          107.53674,10.86832,0
          107.53529,10.86872,0
          107.53397,10.86913,0
          107.53038,10.87051,0
          107.53034,10.87052,0
          107.52936,10.87091,0
          107.52932,10.87092,0
          107.52851,10.87124,0
          107.52847,10.87126,0
          107.5263,10.87211,0
          107.52626,10.87212,0
          107.52068,10.87431,0
          107.52061,10.87433,0
          107.51899,10.87497,0
          107.51898,10.87497,0
          107.518,10.87537,0
          107.51785,10.87542,0
          107.50963,10.87866,0
          107.50943,10.87873,0
          107.50912,10.87886,0
          107.50776,10.87938,0
          107.50773,10.8794,0
          107.50536,10.88028,0
          107.50461,10.88053,0
          107.50456,10.88054,0
          107.50328,10.88089,0
          107.50197,10.88121,0
          107.50096,10.88143,0
          107.49959,10.88168,0
          107.4995,10.88169,0
          107.49927,10.88174,0
          107.48376,10.88385,0
          107.48366,10.88387,0
          107.48037,10.88433,0
          107.48034,10.88433,0
          107.47374,10.88527,0
          107.47294,10.88541,0
          107.47255,10.88551,0
          107.47186,10.88566,0
          107.47184,10.88567,0
          107.47118,10.88584,0
          107.47102,10.88589,0
          107.47096,10.8859,0
          107.47066,10.88599,0
          107.4706,10.886,0
          107.47034,10.88608,0
          107.46918,10.88648,0
          107.46819,10.88685,0
          107.46818,10.88685,0
          107.46791,10.88697,0
          107.46785,10.88699,0
          107.46769,10.88707,0
          107.46707,10.88733,0
          107.46701,10.88735,0
          107.46685,10.88743,0
          107.46676,10.88746,0
          107.4664,10.88762,0
          107.46635,10.88765,0
          107.46501,10.88824,0
          107.4649,10.88828,0
          107.46383,10.88875,0
          107.46367,10.88883,0
          107.46306,10.8891,0
          107.46301,10.88913,0
          107.46223,10.88947,0
          107.46201,10.88958,0
          107.4619,10.88962,0
          107.46156,10.88977,0
          107.46151,10.8898,0
          107.46074,10.89015,0
          107.46073,10.89015,0
          107.46067,10.89017,0
          107.45572,10.89237,0
          107.45567,10.8924,0
          107.45506,10.89267,0
          107.455,10.89269,0
          107.45389,10.89319,0
          107.45383,10.89321,0
          107.45342,10.89339,0
          107.45337,10.89342,0
          107.45171,10.89414,0
          107.45166,10.89417,0
          107.45138,10.89429,0
          107.45132,10.89431,0
          107.45071,10.89458,0
          107.45064,10.89462,0
          107.44765,10.89595,0
          107.44764,10.89596,0
          107.44665,10.8964,0
          107.44664,10.8964,0
          107.44582,10.89677,0
          107.4458,10.89677,0
          107.44504,10.89711,0
          107.44504,10.89712,0
          107.44498,10.89714,0
          107.44497,10.89715,0
          107.44197,10.89845,0
          107.44196,10.89845,0
          107.44179,10.89853,0
          107.44163,10.89859,0
          107.44162,10.8986,0
          107.44152,10.89864,0
          107.44147,10.89867,0
          107.44145,10.89867,0
          107.44119,10.89879,0
          107.44113,10.89881,0
          107.44112,10.89882,0
          107.44094,10.8989,0
          107.44079,10.89895,0
          107.44078,10.89895,0
          107.44045,10.89907,0
          107.44043,10.89908,0
          107.44036,10.8991,0
          107.44009,10.8992,0
          107.43999,10.89923,0
          107.43995,10.89925,0
          107.43993,10.89925,0
          107.43992,10.89926,0
          107.43982,10.89928,0
          107.43976,10.8993,0
          107.43974,10.89931,0
          107.43964,10.89934,0
          107.43958,10.89935,0
          107.43957,10.89936,0
          107.43956,10.89936,0
          107.43905,10.8995,0
          107.43903,10.8995,0
          107.43875,10.89957,0
          107.43868,10.89958,0
          107.43802,10.89974,0
          107.43745,10.89983,0
          107.43628,10.89997,0
          107.43573,10.90002,0
          107.43521,10.90005,0
          107.43411,10.90006,0
          107.43393,10.90005,0
          107.43265,10.90004,0
          107.42822,10.89988,0
          107.42801,10.89988,0
          107.42485,10.89976,0
          107.42477,10.89975,0
          107.41906,10.89958,0
          107.41896,10.89957,0
          107.40569,10.89914,0
          107.40557,10.89913,0
          107.40195,10.89901,0
          107.40187,10.899,0
          107.40172,10.899,0
          107.40157,10.89899,0
          107.40073,10.89897,0
          107.39992,10.89892,0
          107.39978,10.8989,0
          107.39841,10.89877,0
          107.39768,10.89867,0
          107.39735,10.89861,0
          107.39732,10.89861,0
          107.39648,10.89845,0
          107.39636,10.89842,0
          107.39554,10.89827,0
          107.39481,10.89808,0
          107.39325,10.89763,0
          107.39321,10.89761,0
          107.39251,10.89738,0
          107.39093,10.89676,0
          107.38681,10.89491,0
          107.38665,10.89483,0
          107.38138,10.89246,0
          107.38122,10.89238,0
          107.37831,10.89107,0
          107.37828,10.89105,0
          107.37568,10.88988,0
          107.37557,10.88982,0
          107.37396,10.88909,0
          107.37276,10.88859,0
          107.36842,10.88667,0
          107.36775,10.88634,0
          107.36742,10.88619,0
          107.36709,10.88602,0
          107.36676,10.88588,0
          107.36577,10.88542,0
          107.36576,10.88542,0
          107.36526,10.88516,0
          107.36482,10.88496,0
          107.36372,10.88452,0
          107.36119,10.88333,0
          107.36077,10.88311,0
          107.36019,10.88286,0
          107.36003,10.88278,0
          107.34853,10.87763,0
          107.34666,10.87689,0
          107.34539,10.87643,0
          107.3429,10.87563,0
          107.34143,10.87522,0
          107.33552,10.87377,0
          107.3355,10.87376,0
          107.33453,10.87353,0
          107.33453,10.87352,0
          107.33222,10.87296,0
          107.33222,10.87295,0
          107.33098,10.87265,0
          107.33098,10.87264,0
          107.32583,10.87138,0
          107.32582,10.87138,0
          107.32156,10.87033,0
          107.32144,10.87029,0
          107.3087,10.86716,0
          107.30816,10.86704,0
          107.30799,10.86699,0
          107.30788,10.86697,0
          107.30704,10.86676,0
          107.30506,10.86636,0
          107.30501,10.86636,0
          107.30368,10.86614,0
          107.30156,10.86588,0
          107.29979,10.86574,0
          107.29772,10.86565,0
          107.28789,10.86543,0
          107.28477,10.8654,0
          107.28014,10.86528,0
          107.28003,10.86527,0
          107.26395,10.86492,0
          107.26194,10.86483,0
          107.26176,10.86481,0
          107.26129,10.86478,0
          107.26121,10.86478,0
          107.26038,10.86471,0
          107.25939,10.86458,0
          107.25805,10.86437,0
          107.25705,10.86418,0
          107.25704,10.86418,0
          107.25615,10.86399,0
          107.25597,10.86394,0
          107.25585,10.86392,0
          107.25538,10.8638,0
          107.25358,10.86329,0
          107.25264,10.86299,0
          107.25257,10.86296,0
          107.25247,10.86293,0
          107.25098,10.86238,0
          107.25093,10.86235,0
          107.24727,10.86083,0
          107.24441,10.85955,0
          107.24302,10.85896,0
          107.24292,10.85891,0
          107.2429,10.85891,0
          107.23916,10.85734,0
          107.23914,10.85734,0
          107.23896,10.85727,0
          107.23879,10.85719,0
          107.23844,10.85705,0
          107.23827,10.85697,0
          107.23791,10.85683,0
          107.23788,10.85681,0
          107.23564,10.85586,0
          107.23557,10.85584,0
          107.23525,10.8557,0
          107.23477,10.85553,0
          107.2346,10.85545,0
          107.23459,10.85545,0
          107.23092,10.8539,0
          107.23091,10.85389,0
          107.23058,10.85375,0
          107.23042,10.85371,0
          107.22997,10.85353,0
          107.22747,10.85245,0
          107.22745,10.85245,0
          107.22402,10.85097,0
          107.22353,10.85074,0
          107.2234,10.85069,0
          107.22196,10.85003,0
          107.2217,10.8499,0
          107.22073,10.84948,0
          107.22069,10.84947,0
          107.22069,10.84946,0
          107.21972,10.84906,0
          107.21969,10.84904,0
          107.21963,10.84902,0
          107.2182,10.84843,0
          107.21817,10.84841,0
          107.21658,10.84775,0
          107.21652,10.84773,0
          107.21649,10.84771,0
          107.21138,10.84561,0
          107.21012,10.84507,0
          107.21004,10.84503,0
          107.20998,10.84501,0
          107.20891,10.84456,0
          107.20884,10.84452,0
          107.20878,10.8445,0
          107.20708,10.84377,0
          107.20697,10.84373,0
          107.20681,10.84366,0
          107.20665,10.8436,0
          107.20664,10.84359,0
          107.2065,10.84354,0
          107.20647,10.84352,0
          107.2045,10.84271,0
          107.20187,10.84183,0
          107.20092,10.84155,0
          107.20091,10.84155,0
          107.20082,10.84152,0
          107.20079,10.84152,0
          107.2,10.84132,0
          107.19957,10.84123,0
          107.19955,10.84122,0
          107.1985,10.84099,0
          107.19848,10.84099,0
          107.19844,10.84098,0
          107.19651,10.84066,0
          107.19649,10.84065,0
          107.19594,10.84056,0
          107.19524,10.84047,0
          107.19522,10.84046,0
          107.19476,10.84042,0
          107.1947,10.84041,0
          107.19345,10.8403,0
          107.19166,10.84006,0
          107.19162,10.84006,0
          107.18967,10.83983,0
          107.18964,10.83983,0
          107.1882,10.83964,0
          107.18818,10.83963,0
          107.18728,10.83953,0
          107.18709,10.8395,0
          107.1853,10.83929,0
          107.18527,10.83929,0
          107.18403,10.83914,0
          107.184,10.83914,0
          107.18131,10.83882,0
          107.18128,10.83881,0
          107.17928,10.83857,0
          107.17913,10.83856,0
          107.17696,10.8383,0
          107.17582,10.83819,0
          107.17498,10.83814,0
          107.1749,10.83813,0
          107.17484,10.83813,0
          107.17455,10.8381,0
          107.17241,10.83801,0
          107.17036,10.838,0
          107.16747,10.83811,0
          107.16729,10.83811,0
          107.167,10.83813,0
          107.16656,10.83814,0
          107.16473,10.83823,0
          107.16454,10.83823,0
          107.15407,10.8387,0
          107.15393,10.8387,0
          107.15265,10.83876,0
          107.15247,10.83876,0
          107.15192,10.83879,0
          107.15177,10.83879,0
          107.1512,10.83882,0
          107.151,10.83882,0
          107.14717,10.839,0
          107.14588,10.83909,0
          107.1457,10.83911,0
          107.14538,10.83913,0
          107.14389,10.8393,0
          107.14387,10.8393,0
          107.1437,10.83934,0
          107.14208,10.83964,0
          107.14205,10.83965,0
          107.14066,10.83997,0
          107.14054,10.84001,0
          107.1402,10.8401,0
          107.13841,10.84071,0
          107.13756,10.84104,0
          107.13703,10.84127,0
          107.13699,10.84128,0
          107.13672,10.8414,0
          107.13626,10.84163,0
          107.13623,10.84165,0
          107.13544,10.84204,0
          107.13541,10.84205,0
          107.13492,10.84229,0
          107.13405,10.84277,0
          107.1332,10.84328,0
          107.13068,10.84472,0
          107.13067,10.84472,0
          107.12988,10.84517,0
          107.12987,10.84517,0
          107.12973,10.84526,0
          107.12972,10.84526,0
          107.12917,10.84559,0
          107.12796,10.84627,0
          107.12782,10.84634,0
          107.12675,10.84703,0
          107.12275,10.84932,0
          107.12266,10.84938,0
          107.11834,10.85191,0
          107.11691,10.85271,0
          107.11645,10.85301,0
          107.11613,10.85319,0
          107.11557,10.85353,0
          107.1153,10.85372,0
          107.11508,10.8539,0
          107.11496,10.85402,0
          107.11479,10.85421,0
          107.11471,10.85431,0
          107.11462,10.85445,0
          107.11461,10.85446,0
          107.11441,10.85485,0
          107.11409,10.8556,0
          107.11335,10.85756,0
          107.11327,10.85767,0
          107.1131,10.85796,0
          107.11282,10.85835,0
          107.11267,10.85851,0
          107.11241,10.85873,0
          107.11239,10.85874,0
          107.11214,10.85891,0
          107.11213,10.85891,0
          107.11191,10.85904,0
          107.11163,10.85916,0
          107.1113,10.85926,0
          107.11106,10.85931,0
          107.11092,10.85933,0
          107.11047,10.85935,0
          107.11017,10.85932,0
          107.10985,10.85926,0
          107.10984,10.85926,0
          107.10955,10.85916,0
          107.10921,10.85901,0
          107.10901,10.8589,0
          107.10886,10.85879,0
          107.10882,10.85877,0
          107.10871,10.85869,0
          107.1085,10.8585,0
          107.10825,10.85824,0
          107.10801,10.85789,0
          107.10787,10.85763,0
          107.10772,10.85721,0
          107.10767,10.85704,0
          107.10763,10.85686,0
          107.10758,10.85635,0
          107.10758,10.85596,0
          107.10763,10.85507,0
          107.10764,10.85501,0
          107.10764,10.85453,0
          107.10763,10.85427,0
          107.10757,10.85399,0
          107.10756,10.85397,0
          107.10745,10.85366,0
          107.10744,10.85366,0
          107.10723,10.85326,0
          107.10718,10.85318,0
          107.10716,10.85317,0
          107.10703,10.85299,0
          107.10695,10.8529,0
          107.10694,10.8529,0
          107.10665,10.85258,0
          107.10659,10.85247,0
          107.10658,10.85246,0
          107.10657,10.85243,0
          107.10658,10.85242,0
          107.10658,10.85239,0
          107.10535,10.85126,0
          107.10438,10.85044,0
          107.10106,10.84778,0
          107.10078,10.84759,0
          107.09874,10.84593,0
          107.09617,10.8439,0
          107.09528,10.84316,0
          107.09391,10.84215,0
          107.09097,10.83984,0
          107.09086,10.83974,0
          107.09071,10.83963,0
          107.0852,10.8352,0
          107.08262,10.83298,0
          107.08248,10.83287,0
          107.08189,10.83236,0
          107.06943,10.82086,0
          107.05891,10.81099,0
          107.05848,10.81062,0
          107.05807,10.81021,0
          107.05505,10.80737,0
          107.05179,10.80438,0
          107.051,10.80372,0
          107.05052,10.80329,0
          107.04825,10.8014,0
          107.04821,10.80136,0
          107.04811,10.80129,0
          107.04589,10.79957,0
          107.04578,10.7995,0
          107.04323,10.79765,0
          107.04079,10.79602,0
          107.03834,10.79447,0
          107.02967,10.78916,0
          107.02952,10.78906,0
          107.02936,10.78897,0
          107.02921,10.78887,0
          107.02905,10.78878,0
          107.0289,10.78868,0
          107.02874,10.78859,0
          107.02766,10.78791,0
          107.0275,10.78782,0
          107.02735,10.78772,0
          107.02719,10.78763,0
          107.02704,10.78753,0
          107.02688,10.78744,0
          107.02673,10.78734,0
          107.02657,10.78725,0
          107.02642,10.78715,0
          107.01593,10.78074,0
          107.01273,10.77874,0
          107.01265,10.77868,0
          107.01242,10.77855,0
          107.01227,10.77845,0
          107.0091,10.77658,0
          107.00685,10.77544,0
          107.00591,10.775,0
          107.00496,10.7746,0
          107.00405,10.77424,0
          107.00331,10.77398,0
          107.00316,10.77392,0
          107.00113,10.7733,0
          107.00018,10.77305,0
          106.99732,10.77239,0
          106.97575,10.76787,0
          106.97541,10.76781,0
          106.97181,10.76706,0
          106.97175,10.76704,0
          106.97008,10.76671,0
          106.96834,10.76633,0
          106.96761,10.7662,0
          106.96755,10.76618,0
          106.96667,10.76602,0
          106.96559,10.76579,0
          106.96359,10.76555,0
          106.96345,10.76554,0
          106.9634,10.76553,0
          106.96145,10.7654,0
          106.9612,10.7654,0
          106.96075,10.76538,0
          106.95987,10.76538,0
          106.9596,10.76539,0
          106.95899,10.76539,0
          106.95786,10.76543,0
          106.95776,10.76544,0
          106.95769,10.76544,0
          106.95762,10.76545,0
          106.95678,10.76551,0
          106.95555,10.76565,0
          106.95402,10.76587,0
          106.95237,10.76618,0
          106.95094,10.76651,0
          106.94578,10.7679,0
          106.94578,10.76791,0
          106.94524,10.76806,0
          106.94455,10.76823,0
          106.94205,10.76893,0
          106.94202,10.76893,0
          106.94151,10.76907,0
          106.94149,10.76908,0
          106.94148,10.76908,0
          106.93814,10.77,0
          106.93797,10.77006,0
          106.93796,10.77006,0
          106.93592,10.77069,0
          106.9338,10.77143,0
          106.93196,10.77212,0
          106.93014,10.77287,0
          106.9079,10.78255,0
          106.90715,10.78284,0
          106.90568,10.78337,0
          106.90391,10.78392,0
          106.90389,10.78392,0
          106.90356,10.78402,0
          106.90161,10.78449,0
          106.90151,10.78452,0
          106.90089,10.78465,0
          106.90088,10.78465,0
          106.90071,10.78469,0
          106.89241,10.78628,0
          106.88976,10.78667,0
          106.88878,10.78676,0
          106.88674,10.78687,0
          106.88544,10.78688,0
          106.88296,10.78684,0
          106.88046,10.78676,0
          106.87923,10.78675,0
          106.8778,10.78678,0
          106.87748,10.78677,0
          106.8774,10.78678,0
          106.87718,10.78677,0
          106.87632,10.78677,0
          106.87172,10.78659,0
          106.87133,10.78655,0
          106.86929,10.78647,0
          106.86829,10.78641,0
          106.86208,10.78618,0
          106.86164,10.78621,0
          106.85945,10.7861,0
          106.85581,10.78599,0
          106.85572,10.78598,0
          106.8537,10.7859,0
          106.85225,10.78593,0
          106.85035,10.78592,0
          106.84966,10.78594,0
          106.84965,10.78595,0
          106.84856,10.786,0
          106.84713,10.78613,0
          106.84695,10.78616,0
          106.84561,10.78633,0
          106.84455,10.78652,0
          106.84419,10.78657,0
          106.8441,10.78659,0
          106.84401,10.7866,0
          106.84384,10.78664,0
          106.84351,10.7867,0
          106.84348,10.78671,0
          106.8433,10.78674,0
          106.84295,10.78682,0
          106.84277,10.78685,0
          106.84241,10.78693,0
          106.8424,10.78693,0
          106.82638,10.79033,0
          106.81952,10.79159,0
          106.8009,10.79473,0
          106.80088,10.79474,0
          106.79441,10.79587,0
          106.79211,10.79622,0
          106.79111,10.79634,0
          106.78972,10.79647,0
          106.78787,10.79656,0
          106.78689,10.79657,0
          106.78359,10.79651,0
          106.78352,10.7965,0
          106.78073,10.79642,0
          106.78063,10.79641,0
          106.76827,10.79606,0
          106.76736,10.79601,0
          106.76625,10.79592,0
          106.76613,10.7959,0
          106.76595,10.79589,0
          106.76291,10.79553,0
          106.76254,10.79547,0
          106.76134,10.79524,0
          106.76025,10.79499,0
          106.75911,10.7947,0
          106.75815,10.79443,0
          106.75792,10.79435,0
          106.75769,10.7943,0
          106.75699,10.79421,0
          106.75618,10.79408,0
          106.756,10.79404,0
          106.75571,10.79396,0
          106.75388,10.79337,0
          106.75373,10.79333,0
          106.75322,10.79314,0
          106.7532,10.79314,0
          106.75318,10.79313,0
          106.7531,10.79307,0
          106.75308,10.79306,0
          106.75299,10.79299,0
          106.75282,10.79289,0
          106.75264,10.79274,0
          106.75262,10.79273,0
          106.75256,10.79268,0
          106.75246,10.79261,0
          106.7524,10.79258,0
          106.7523,10.79254,0
          106.75228,10.79254,0
          106.75225,10.79253,0
          106.75216,10.79251,0
          106.75198,10.79245,0
          106.7518,10.79244,0
          106.7517,10.79239,0
          106.75151,10.79235,0
          106.75138,10.79235,0
          106.75126,10.79233,0
          106.75018,10.79207,0
          106.75015,10.79207,0
          106.74926,10.79188,0
          106.74916,10.79185,0
          106.74781,10.79156,0
          106.74753,10.79149,0
          106.74745,10.79148,0
          106.74672,10.79131,0
          106.74602,10.79117,0
          106.74586,10.79112,0
          106.7454,10.79105,0
          106.74403,10.79077,0
          106.74337,10.7906,0
          106.74316,10.79057,0
          106.74254,10.79044,0
          106.74239,10.79043,0
          106.7416,10.79025,0
          106.74129,10.79019,0
          106.74128,10.79018,0
          106.74106,10.79015,0
          106.74088,10.79011,0
          106.74085,10.7901,0
          106.7402,10.78999,0
          106.74013,10.78997,0
          106.74012,10.78997,0
          106.73941,10.78983,0
          106.73939,10.78983,0
          106.73923,10.78979,0
          106.73921,10.78979,0
          106.73873,10.78969,0
          106.73872,10.78969,0
          106.73853,10.78965,0
          106.73843,10.78962,0
          106.73793,10.78952,0
          106.73789,10.78952,0
          106.73782,10.7895,0
          106.73767,10.78947,0
          106.73744,10.7894,0
          106.73704,10.78923,0
          106.73586,10.78861,0
          106.73551,10.78844,0
          106.73482,10.78806,0
          106.73442,10.78786,0
          106.73315,10.78717,0
          106.73279,10.787,0
          106.73233,10.78675,0
          106.73218,10.78666,0
          106.73207,10.78657,0
          106.73178,10.78641,0
          106.73169,10.78641,0
          106.73166,10.7864,0
          106.73135,10.78623,0
          106.7309,10.78601,0
          106.73084,10.78597,0
          106.73078,10.78589,0
          106.73074,10.78577,0
          106.73053,10.7858,0
          106.72953,10.78531,0
          106.72951,10.78533,0
          106.7295,10.78533,0
          106.7295,10.78534,0
          106.72949,10.78534,0
          106.72946,10.78535,0
          106.72942,10.78537,0
          106.72932,10.78537,0
          106.72924,10.78533,0
          106.72922,10.78531,0
          106.72921,10.78531,0
          106.7292,10.7853,0
          106.72919,10.7853,0
          106.72919,10.78529,0
          106.72918,10.78529,0
          106.72916,10.78527,0
          106.72915,10.78525,0
          106.72914,10.78524,0
          106.72913,10.78522,0
          106.72912,10.78521,0
          106.72911,10.78519,0
          106.72911,10.78517,0
          106.72909,10.78511,0
          106.7291,10.78507,0
          106.72897,10.78493,0
          106.72887,10.78485,0
          106.72815,10.78446,0
          106.72519,10.78293,0
          106.7264,10.78066,0
          106.72664,10.78018,0
          106.72668,10.78012,0
          106.72673,10.78001,0
          106.72673,10.77992,0
          106.72672,10.7799,0
          106.72669,10.77986,0
          106.72667,10.77982,0
          106.72658,10.77975,0
          106.72652,10.77972,0
          106.72641,10.77965,0
          106.72626,10.77958,0
          106.72617,10.77953,0
          106.72562,10.77929,0
          106.72425,10.77895,0
          106.72422,10.77895,0
          106.72124,10.77832,0
          106.72101,10.77826,0
          106.71982,10.77801,0
          106.71952,10.77792,0
          106.71924,10.7778,0
          106.71913,10.77774,0
          106.71904,10.7777,0
          106.71835,10.77731,0
          106.71811,10.77714,0
          106.71795,10.777,0
          106.71777,10.77682,0
          106.71759,10.77662,0
          106.7174,10.77638,0
          106.71709,10.77595,0
          106.71704,10.77585,0
          106.71432,10.77733,0
          106.71423,10.77739,0
          106.71409,10.77746,0
          106.71324,10.77794,0
          106.71165,10.77879,0
          106.71164,10.77879,0
          106.71106,10.7791,0
          106.71073,10.77926,0
          106.71051,10.77938,0
          106.71045,10.77942,0
          106.70986,10.77972,0
          106.70955,10.7799,0
          106.70952,10.77991,0
          106.70907,10.78017,0
          106.70903,10.7802,0
          106.7086,10.78045,0
          106.70839,10.78055,0
          106.70834,10.78056,0
          106.70803,10.78077,0
          106.70794,10.78082,0
          106.70772,10.78099,0
          106.70771,10.78099,0
          106.70764,10.78105,0
          106.70758,10.78111,0
          106.70749,10.78118,0
          106.70731,10.78136,0
          106.70706,10.78158,0
          106.70691,10.78173,0
          106.70687,10.78176,0
          106.70679,10.78184,0
          106.70677,10.78185,0
          106.70653,10.78207,0
          106.70651,10.7821,0
          106.70642,10.78218,0
          106.70639,10.7822,0
          106.70532,10.7832,0
          106.70514,10.78338,0
          106.70498,10.78352,0
          106.70492,10.78365,0
          106.70396,10.78452,0
          106.70394,10.78453,0
          106.70369,10.78476,0
          106.70334,10.78436,0
          106.70175,10.7827,0
          106.70166,10.78231,0
          106.70143,10.78147,0
          106.70105,10.78022,0
          106.69994,10.77897,0
          106.70151,10.77751,0
          106.70179,10.77728,0
          106.70149,10.77691,0
          106.70064,10.77592,0
          106.70042,10.77568,0
          106.70004,10.77656,0
          106.69992,10.77679,0
          106.70022,10.77712,0
          106.7004,10.77696,0
          106.70043,10.77695,0
          106.70045,10.77694,0
          106.70048,10.77693,0
          106.70051,10.77693,0
        </coordinates>
      </LineString>
    </Placemark>
    <Placemark>
      <name>18.342,105.8923</name>
      <styleUrl>#icon-1899-DB4436-nodesc</styleUrl>
      <Point>
        <coordinates>
          105.8922953,18.3419957,0
        </coordinates>
      </Point>
    </Placemark>
    <Placemark>
      <name>10.7769,106.7009</name>
      <styleUrl>#icon-1899-DB4436-nodesc</styleUrl>
      <Point>
        <coordinates>
          106.7005066,10.7769313,0
        </coordinates>
      </Point>
    </Placemark>
  </Document>
</kml>
