<?xml version="1.0" encoding="UTF-8"?>
<kml xmlns="http://www.opengis.net/kml/2.2">
  <Document>
    <name>yenBai-thanhHoa</name>
    <Style id="icon-1899-DB4436-nodesc-normal">
      <IconStyle>
        <color>ff3644db</color>
        <scale>1</scale>
        <Icon>
          <href>https://www.gstatic.com/mapspro/images/stock/503-wht-blank_maps.png</href>
        </Icon>
        <hotSpot x="32" xunits="pixels" y="64" yunits="insetPixels"/>
      </IconStyle>
      <LabelStyle>
        <scale>0</scale>
      </LabelStyle>
      <BalloonStyle>
        <text><![CDATA[<h3>$[name]</h3>]]></text>
      </BalloonStyle>
    </Style>
    <Style id="icon-1899-DB4436-nodesc-highlight">
      <IconStyle>
        <color>ff3644db</color>
        <scale>1</scale>
        <Icon>
          <href>https://www.gstatic.com/mapspro/images/stock/503-wht-blank_maps.png</href>
        </Icon>
        <hotSpot x="32" xunits="pixels" y="64" yunits="insetPixels"/>
      </IconStyle>
      <LabelStyle>
        <scale>1</scale>
      </LabelStyle>
      <BalloonStyle>
        <text><![CDATA[<h3>$[name]</h3>]]></text>
      </BalloonStyle>
    </Style>
    <StyleMap id="icon-1899-DB4436-nodesc">
      <Pair>
        <key>normal</key>
        <styleUrl>#icon-1899-DB4436-nodesc-normal</styleUrl>
      </Pair>
      <Pair>
        <key>highlight</key>
        <styleUrl>#icon-1899-DB4436-nodesc-highlight</styleUrl>
      </Pair>
    </StyleMap>
    <Style id="line-1267FF-5000-nodesc-normal">
      <LineStyle>
        <color>ffff6712</color>
        <width>5</width>
      </LineStyle>
      <BalloonStyle>
        <text><![CDATA[<h3>$[name]</h3>]]></text>
      </BalloonStyle>
    </Style>
    <Style id="line-1267FF-5000-nodesc-highlight">
      <LineStyle>
        <color>ffff6712</color>
        <width>7.5</width>
      </LineStyle>
      <BalloonStyle>
        <text><![CDATA[<h3>$[name]</h3>]]></text>
      </BalloonStyle>
    </Style>
    <StyleMap id="line-1267FF-5000-nodesc">
      <Pair>
        <key>normal</key>
        <styleUrl>#line-1267FF-5000-nodesc-normal</styleUrl>
      </Pair>
      <Pair>
        <key>highlight</key>
        <styleUrl>#line-1267FF-5000-nodesc-highlight</styleUrl>
      </Pair>
    </StyleMap>
    <Placemark>
      <name>yenBai-thanhHoa</name>
      <styleUrl>#line-1267FF-5000-nodesc</styleUrl>
      <LineString>
        <tessellate>1</tessellate>
        <coordinates>
          104.86595,21.70483,0
          104.86494,21.70469,0
          104.86394,21.7048,0
          104.8639,21.70318,0
          104.86293,21.70315,0
          104.86051,21.70228,0
          104.86036,21.70217,0
          104.86031,21.70208,0
          104.8602,21.70183,0
          104.86002,21.70125,0
          104.86001,21.70099,0
          104.86058,21.70086,0
          104.86061,21.70085,0
          104.86067,21.70071,0
          104.86078,21.70049,0
          104.86158,21.69999,0
          104.86196,21.69984,0
          104.86208,21.69958,0
          104.86209,21.69957,0
          104.8621,21.69957,0
          104.86211,21.69955,0
          104.86221,21.69941,0
          104.86244,21.69896,0
          104.86243,21.69892,0
          104.86243,21.69887,0
          104.86253,21.69844,0
          104.86253,21.6983,0
          104.86252,21.69826,0
          104.86252,21.69818,0
          104.86251,21.69812,0
          104.86252,21.69748,0
          104.86233,21.69748,0
          104.86206,21.69746,0
          104.86188,21.69742,0
          104.86138,21.69728,0
          104.86042,21.69698,0
          104.85937,21.69673,0
          104.85859,21.6965,0
          104.85854,21.69649,0
          104.85757,21.69621,0
          104.85755,21.69621,0
          104.85551,21.69562,0
          104.85413,21.69531,0
          104.85401,21.69527,0
          104.85276,21.69493,0
          104.85247,21.6949,0
          104.85238,21.69492,0
          104.8502,21.69526,0
          104.84974,21.69524,0
          104.84948,21.69518,0
          104.84911,21.69508,0
          104.8482,21.69487,0
          104.84817,21.69486,0
          104.84798,21.69484,0
          104.84771,21.69484,0
          104.84746,21.69488,0
          104.84735,21.69491,0
          104.84523,21.69593,0
          104.84321,21.69696,0
          104.84302,21.69707,0
          104.84253,21.69709,0
          104.84242,21.69711,0
          104.84231,21.69714,0
          104.8421,21.69724,0
          104.84198,21.69732,0
          104.84169,21.69748,0
          104.84149,21.69761,0
          104.84141,21.69769,0
          104.84138,21.69771,0
          104.84108,21.698,0
          104.84098,21.69811,0
          104.84085,21.69828,0
          104.84078,21.69836,0
          104.84073,21.69843,0
          104.84126,21.69896,0
          104.84128,21.69897,0
          104.84187,21.69937,0
          104.84206,21.69952,0
          104.84214,21.69954,0
          104.84232,21.69957,0
          104.8425,21.69954,0
          104.84281,21.69943,0
          104.84303,21.69928,0
          104.84328,21.69904,0
          104.84345,21.69891,0
          104.84367,21.69872,0
          104.84373,21.69866,0
          104.84377,21.69863,0
          104.84384,21.69855,0
          104.84391,21.69849,0
          104.84409,21.69839,0
          104.84412,21.69835,0
          104.84422,21.69825,0
          104.84433,21.69816,0
          104.84446,21.69804,0
          104.84471,21.69784,0
          104.84511,21.69746,0
          104.84651,21.69623,0
          104.84701,21.69577,0
          104.84714,21.69566,0
          104.84727,21.69553,0
          104.84829,21.69465,0
          104.84836,21.6946,0
          104.84926,21.69378,0
          104.84926,21.69377,0
          104.84941,21.69365,0
          104.84983,21.69327,0
          104.85029,21.69281,0
          104.85059,21.69249,0
          104.85084,21.69226,0
          104.85106,21.69203,0
          104.85126,21.69179,0
          104.85138,21.69167,0
          104.85148,21.69153,0
          104.85173,21.69126,0
          104.85177,21.6912,0
          104.85303,21.68974,0
          104.8535,21.68923,0
          104.85368,21.68902,0
          104.85374,21.68896,0
          104.85388,21.68878,0
          104.85392,21.68874,0
          104.85403,21.68859,0
          104.85451,21.68799,0
          104.85493,21.68751,0
          104.85529,21.68713,0
          104.85542,21.68701,0
          104.85573,21.68666,0
          104.85589,21.68646,0
          104.85601,21.68633,0
          104.85626,21.68612,0
          104.85706,21.68556,0
          104.85761,21.68521,0
          104.85837,21.68481,0
          104.86021,21.68408,0
          104.86042,21.68401,0
          104.86291,21.68304,0
          104.86301,21.68301,0
          104.8645,21.68242,0
          104.86453,21.6824,0
          104.86468,21.68235,0
          104.86469,21.68234,0
          104.86546,21.68206,0
          104.8659,21.68188,0
          104.86642,21.68169,0
          104.867,21.68145,0
          104.8671,21.68142,0
          104.86835,21.68093,0
          104.86851,21.68086,0
          104.87004,21.68027,0
          104.87013,21.68023,0
          104.87168,21.67963,0
          104.87175,21.67961,0
          104.87269,21.67922,0
          104.87306,21.67905,0
          104.87314,21.67902,0
          104.87322,21.67898,0
          104.87341,21.67891,0
          104.87397,21.67867,0
          104.87428,21.67852,0
          104.87451,21.67838,0
          104.87486,21.67819,0
          104.87544,21.67781,0
          104.87622,21.67719,0
          104.87643,21.677,0
          104.87667,21.67676,0
          104.87737,21.67599,0
          104.8778,21.67537,0
          104.87804,21.675,0
          104.87916,21.67314,0
          104.87953,21.67248,0
          104.87989,21.67188,0
          104.88005,21.67164,0
          104.88012,21.6715,0
          104.88035,21.67109,0
          104.88193,21.66847,0
          104.88203,21.66832,0
          104.8822,21.66803,0
          104.88235,21.6678,0
          104.88278,21.66708,0
          104.88313,21.66643,0
          104.88335,21.66595,0
          104.88367,21.66515,0
          104.88377,21.66487,0
          104.88382,21.66468,0
          104.88386,21.66458,0
          104.88401,21.66405,0
          104.88422,21.66317,0
          104.88425,21.66295,0
          104.88432,21.66265,0
          104.88445,21.66199,0
          104.88448,21.66187,0
          104.88454,21.66152,0
          104.88481,21.6602,0
          104.88486,21.66,0
          104.88489,21.65979,0
          104.88493,21.65963,0
          104.88501,21.65922,0
          104.8852,21.6584,0
          104.88545,21.65748,0
          104.88546,21.65747,0
          104.88553,21.65721,0
          104.8859,21.65605,0
          104.88642,21.65471,0
          104.88701,21.65341,0
          104.88722,21.65298,0
          104.88774,21.65201,0
          104.88879,21.65025,0
          104.88898,21.65001,0
          104.88979,21.64887,0
          104.88979,21.64886,0
          104.89016,21.64836,0
          104.89036,21.64811,0
          104.89054,21.64782,0
          104.89089,21.64734,0
          104.89127,21.64686,0
          104.89132,21.64678,0
          104.89196,21.6459,0
          104.89219,21.64552,0
          104.89292,21.64451,0
          104.89306,21.64429,0
          104.89314,21.64415,0
          104.89432,21.64257,0
          104.89461,21.64213,0
          104.89482,21.64185,0
          104.89503,21.64151,0
          104.89512,21.64135,0
          104.89531,21.64109,0
          104.89544,21.64086,0
          104.8956,21.64054,0
          104.89569,21.6404,0
          104.89585,21.64006,0
          104.89586,21.64005,0
          104.89595,21.63991,0
          104.89595,21.63989,0
          104.89615,21.63949,0
          104.89652,21.63849,0
          104.89674,21.63775,0
          104.89701,21.63669,0
          104.89717,21.63555,0
          104.89725,21.63475,0
          104.89725,21.63445,0
          104.89726,21.63433,0
          104.89724,21.63394,0
          104.89725,21.6338,0
          104.89724,21.63358,0
          104.89717,21.63299,0
          104.89714,21.63249,0
          104.89716,21.63215,0
          104.89714,21.63176,0
          104.8971,21.63128,0
          104.89711,21.63089,0
          104.8971,21.63064,0
          104.8971,21.62989,0
          104.89708,21.62965,0
          104.89708,21.62942,0
          104.89707,21.62931,0
          104.89707,21.62854,0
          104.89709,21.62834,0
          104.89709,21.62829,0
          104.89716,21.62789,0
          104.89734,21.62709,0
          104.89754,21.62582,0
          104.89762,21.62542,0
          104.89767,21.6251,0
          104.89785,21.62425,0
          104.89791,21.62391,0
          104.89792,21.62388,0
          104.89795,21.62374,0
          104.89795,21.62371,0
          104.89797,21.62356,0
          104.89798,21.62354,0
          104.89801,21.62328,0
          104.8981,21.62273,0
          104.89812,21.62267,0
          104.89825,21.62188,0
          104.89829,21.6217,0
          104.89863,21.61983,0
          104.89867,21.61966,0
          104.89876,21.61909,0
          104.89878,21.61889,0
          104.89884,21.61864,0
          104.89904,21.61748,0
          104.89911,21.6172,0
          104.89926,21.61625,0
          104.89934,21.61586,0
          104.89941,21.6154,0
          104.8996,21.61444,0
          104.89961,21.61433,0
          104.89965,21.61408,0
          104.89967,21.61389,0
          104.90033,21.61022,0
          104.90051,21.60934,0
          104.90068,21.60831,0
          104.9007,21.60813,0
          104.90073,21.60796,0
          104.90082,21.60755,0
          104.90086,21.60731,0
          104.9011,21.60623,0
          104.90121,21.60584,0
          104.90151,21.60492,0
          104.90184,21.60419,0
          104.902,21.60379,0
          104.90258,21.60274,0
          104.90267,21.60261,0
          104.90285,21.60232,0
          104.90351,21.6014,0
          104.90434,21.6004,0
          104.90514,21.59962,0
          104.90599,21.5989,0
          104.906,21.5989,0
          104.9063,21.59864,0
          104.90641,21.59856,0
          104.90645,21.59852,0
          104.90654,21.59845,0
          104.90697,21.59816,0
          104.90707,21.59808,0
          104.90729,21.59793,0
          104.9081,21.59727,0
          104.90813,21.59725,0
          104.90896,21.59652,0
          104.91057,21.59501,0
          104.91177,21.59384,0
          104.91209,21.59355,0
          104.91239,21.59323,0
          104.91375,21.59161,0
          104.91419,21.59103,0
          104.91422,21.591,0
          104.91422,21.59099,0
          104.91431,21.59088,0
          104.91534,21.58948,0
          104.91543,21.5894,0
          104.91574,21.58899,0
          104.91657,21.58776,0
          104.91657,21.58775,0
          104.91667,21.58761,0
          104.91701,21.58708,0
          104.91708,21.58695,0
          104.91742,21.58639,0
          104.9192,21.58373,0
          104.91922,21.58368,0
          104.92002,21.58265,0
          104.92075,21.58182,0
          104.92098,21.5816,0
          104.92137,21.5812,0
          104.92164,21.58094,0
          104.92242,21.58025,0
          104.92274,21.58,0
          104.9233,21.57953,0
          104.9253,21.578,0
          104.92659,21.57707,0
          104.92704,21.57671,0
          104.92831,21.57575,0
          104.92838,21.57568,0
          104.92906,21.57511,0
          104.92909,21.57507,0
          104.92936,21.57481,0
          104.92941,21.57477,0
          104.92992,21.57419,0
          104.93043,21.57352,0
          104.93089,21.5728,0
          104.93117,21.57231,0
          104.93118,21.57228,0
          104.93119,21.57228,0
          104.93196,21.5706,0
          104.93199,21.57052,0
          104.93212,21.57026,0
          104.93229,21.56988,0
          104.93256,21.56934,0
          104.93268,21.56916,0
          104.93285,21.56884,0
          104.93286,21.56883,0
          104.93311,21.56841,0
          104.93314,21.56837,0
          104.93326,21.56814,0
          104.93345,21.56786,0
          104.93407,21.56702,0
          104.93459,21.56624,0
          104.93585,21.56443,0
          104.93601,21.56424,0
          104.93914,21.55975,0
          104.93915,21.55974,0
          104.93956,21.55914,0
          104.94021,21.55824,0
          104.94054,21.55775,0
          104.94074,21.55748,0
          104.94077,21.55745,0
          104.94079,21.55741,0
          104.9408,21.5574,0
          104.94426,21.55239,0
          104.94468,21.55165,0
          104.94469,21.55165,0
          104.94472,21.5516,0
          104.94472,21.55159,0
          104.94478,21.5515,0
          104.94547,21.55026,0
          104.94563,21.54995,0
          104.94693,21.54703,0
          104.947,21.54689,0
          104.94732,21.54633,0
          104.94772,21.54567,0
          104.94834,21.54492,0
          104.94855,21.54469,0
          104.94877,21.54447,0
          104.94902,21.54424,0
          104.94957,21.54378,0
          104.94997,21.54348,0
          104.95041,21.5432,0
          104.95091,21.54291,0
          104.95155,21.54259,0
          104.95298,21.54197,0
          104.95312,21.54192,0
          104.95596,21.54069,0
          104.95612,21.54063,0
          104.95628,21.54055,0
          104.96201,21.53809,0
          104.96218,21.53801,0
          104.96244,21.53791,0
          104.96261,21.53783,0
          104.96264,21.53782,0
          104.96641,21.53618,0
          104.96646,21.53615,0
          104.96925,21.53498,0
          104.96937,21.53492,0
          104.97145,21.53402,0
          104.97154,21.53399,0
          104.97336,21.53319,0
          104.97338,21.53319,0
          104.97528,21.53235,0
          104.97545,21.5323,0
          104.97806,21.53118,0
          104.97823,21.5311,0
          104.98251,21.52927,0
          104.98321,21.52901,0
          104.9844,21.52866,0
          104.98523,21.52849,0
          104.98569,21.52842,0
          104.98573,21.52842,0
          104.98623,21.52835,0
          104.98706,21.52819,0
          104.98725,21.52814,0
          104.98731,21.52813,0
          104.98767,21.52803,0
          104.98847,21.52778,0
          104.98886,21.52764,0
          104.9894,21.52742,0
          104.98986,21.52721,0
          104.99041,21.52693,0
          104.9909,21.52664,0
          104.99142,21.52631,0
          104.99721,21.52216,0
          104.99722,21.52215,0
          104.99836,21.52135,0
          104.99895,21.5209,0
          104.99963,21.52043,0
          105.00091,21.51959,0
          105.00204,21.51891,0
          105.00307,21.51833,0
          105.00407,21.5178,0
          105.00471,21.51749,0
          105.00603,21.51689,0
          105.00804,21.51602,0
          105.00852,21.51583,0
          105.0108,21.51484,0
          105.01088,21.5148,0
          105.01094,21.51478,0
          105.01253,21.5141,0
          105.0127,21.51402,0
          105.01443,21.51329,0
          105.01453,21.51324,0
          105.02087,21.51053,0
          105.0213,21.51036,0
          105.02185,21.51017,0
          105.02234,21.51003,0
          105.02328,21.50984,0
          105.02474,21.50961,0
          105.02547,21.50946,0
          105.02608,21.50931,0
          105.02664,21.50915,0
          105.02718,21.50896,0
          105.02772,21.50874,0
          105.02822,21.50851,0
          105.02865,21.50829,0
          105.02931,21.50789,0
          105.02978,21.50758,0
          105.03043,21.5071,0
          105.03159,21.50607,0
          105.0324,21.50529,0
          105.03284,21.50489,0
          105.0331,21.50463,0
          105.03442,21.5034,0
          105.03468,21.50314,0
          105.03525,21.50261,0
          105.03551,21.50235,0
          105.03725,21.5007,0
          105.03775,21.50026,0
          105.03793,21.50008,0
          105.03823,21.49981,0
          105.03834,21.49969,0
          105.03854,21.49952,0
          105.04088,21.49726,0
          105.04109,21.49703,0
          105.04122,21.4969,0
          105.04186,21.49611,0
          105.04239,21.4954,0
          105.04315,21.49433,0
          105.04328,21.4941,0
          105.04336,21.49398,0
          105.04422,21.49281,0
          105.0452,21.4917,0
          105.04543,21.49147,0
          105.04852,21.48869,0
          105.04892,21.48835,0
          105.04924,21.48805,0
          105.0546,21.4833,0
          105.05508,21.48285,0
          105.06149,21.47717,0
          105.06289,21.47597,0
          105.06332,21.47557,0
          105.06346,21.47545,0
          105.06382,21.4751,0
          105.06482,21.47419,0
          105.06522,21.47374,0
          105.066,21.47277,0
          105.06631,21.47234,0
          105.06666,21.47191,0
          105.067,21.47145,0
          105.06778,21.47033,0
          105.06809,21.46991,0
          105.06831,21.46958,0
          105.06908,21.46852,0
          105.06984,21.46743,0
          105.07056,21.46645,0
          105.07122,21.46549,0
          105.0724,21.46388,0
          105.07298,21.46303,0
          105.07337,21.46253,0
          105.07355,21.46227,0
          105.07356,21.46226,0
          105.07479,21.46047,0
          105.07501,21.46019,0
          105.0753,21.45978,0
          105.07531,21.45977,0
          105.07626,21.4584,0
          105.07678,21.45772,0
          105.07679,21.45771,0
          105.07721,21.45712,0
          105.07762,21.45651,0
          105.07921,21.4543,0
          105.07928,21.45419,0
          105.08015,21.45301,0
          105.08048,21.45259,0
          105.08067,21.45237,0
          105.08156,21.45146,0
          105.08191,21.45116,0
          105.0821,21.45101,0
          105.08219,21.45095,0
          105.08284,21.45046,0
          105.08337,21.4501,0
          105.08358,21.44998,0
          105.08367,21.44992,0
          105.08387,21.44982,0
          105.08441,21.44952,0
          105.08442,21.44952,0
          105.08458,21.44944,0
          105.08458,21.44943,0
          105.08465,21.44941,0
          105.08478,21.44934,0
          105.08508,21.44922,0
          105.08564,21.44903,0
          105.08648,21.44878,0
          105.08824,21.44817,0
          105.08883,21.44794,0
          105.09016,21.44755,0
          105.09107,21.44724,0
          105.0912,21.44718,0
          105.09124,21.44717,0
          105.09142,21.4471,0
          105.092,21.44693,0
          105.09275,21.44667,0
          105.09306,21.44659,0
          105.09343,21.44647,0
          105.09407,21.44621,0
          105.0947,21.4459,0
          105.09493,21.44582,0
          105.09505,21.44576,0
          105.09551,21.44559,0
          105.09638,21.44516,0
          105.09745,21.44459,0
          105.09753,21.44454,0
          105.09792,21.44434,0
          105.09824,21.44416,0
          105.09982,21.44314,0
          105.10049,21.44267,0
          105.10051,21.44266,0
          105.10102,21.44232,0
          105.1018,21.44184,0
          105.10226,21.44158,0
          105.1033,21.44108,0
          105.10368,21.44091,0
          105.10559,21.44023,0
          105.10602,21.4401,0
          105.10684,21.43989,0
          105.10719,21.43983,0
          105.1078,21.4397,0
          105.10806,21.43966,0
          105.10831,21.43965,0
          105.10975,21.43939,0
          105.11147,21.43917,0
          105.11201,21.43908,0
          105.11355,21.43895,0
          105.11469,21.43892,0
          105.11534,21.43892,0
          105.11557,21.43893,0
          105.11566,21.43894,0
          105.11612,21.43895,0
          105.11716,21.43906,0
          105.11931,21.43933,0
          105.12093,21.43971,0
          105.12109,21.43976,0
          105.12133,21.4398,0
          105.12367,21.44058,0
          105.12477,21.44098,0
          105.12486,21.44102,0
          105.12493,21.44104,0
          105.12565,21.44133,0
          105.12608,21.44152,0
          105.12691,21.44186,0
          105.127,21.44189,0
          105.13026,21.44322,0
          105.13168,21.44387,0
          105.13256,21.44431,0
          105.13317,21.44465,0
          105.13319,21.44467,0
          105.13405,21.44518,0
          105.13525,21.446,0
          105.13671,21.44714,0
          105.13744,21.44768,0
          105.13752,21.44773,0
          105.1376,21.44779,0
          105.13968,21.44911,0
          105.14024,21.44941,0
          105.14116,21.44984,0
          105.14176,21.45007,0
          105.14255,21.45034,0
          105.14333,21.45056,0
          105.14379,21.45067,0
          105.14386,21.45068,0
          105.1442,21.45075,0
          105.14498,21.45088,0
          105.14597,21.45098,0
          105.14697,21.45102,0
          105.14791,21.451,0
          105.14884,21.45094,0
          105.15024,21.4508,0
          105.15225,21.45055,0
          105.15229,21.45055,0
          105.15421,21.45033,0
          105.15423,21.45032,0
          105.16266,21.44934,0
          105.16267,21.44933,0
          105.16632,21.44891,0
          105.16636,21.4489,0
          105.16742,21.44881,0
          105.16923,21.44872,0
          105.17068,21.44873,0
          105.1709,21.44867,0
          105.17196,21.44868,0
          105.17245,21.4487,0
          105.17481,21.44872,0
          105.17496,21.44873,0
          105.17549,21.44874,0
          105.17605,21.44873,0
          105.17669,21.44878,0
          105.17788,21.44881,0
          105.17992,21.4488,0
          105.18145,21.44871,0
          105.18204,21.44869,0
          105.18288,21.44863,0
          105.18495,21.44829,0
          105.18657,21.44797,0
          105.18845,21.44744,0
          105.18864,21.44736,0
          105.1899,21.44694,0
          105.19044,21.44674,0
          105.19233,21.44592,0
          105.19253,21.44582,0
          105.19335,21.44545,0
          105.19342,21.44541,0
          105.1945,21.44493,0
          105.19781,21.44339,0
          105.19811,21.44327,0
          105.19826,21.44319,0
          105.19872,21.44299,0
          105.20126,21.4418,0
          105.20197,21.44145,0
          105.20368,21.44065,0
          105.2051,21.44002,0
          105.20549,21.43983,0
          105.2055,21.43983,0
          105.20862,21.43838,0
          105.20937,21.438,0
          105.21002,21.43763,0
          105.2109,21.43709,0
          105.21199,21.43633,0
          105.2126,21.43585,0
          105.21264,21.43583,0
          105.21488,21.43399,0
          105.2149,21.43398,0
          105.21662,21.43255,0
          105.21664,21.43254,0
          105.22508,21.42562,0
          105.22513,21.42559,0
          105.2253,21.42544,0
          105.22803,21.42321,0
          105.22813,21.42312,0
          105.22943,21.42208,0
          105.22969,21.42186,0
          105.22971,21.42185,0
          105.23135,21.42048,0
          105.23169,21.42022,0
          105.23536,21.4172,0
          105.23552,21.41708,0
          105.23705,21.41581,0
          105.23705,21.4158,0
          105.2372,21.41569,0
          105.23791,21.41511,0
          105.23832,21.4148,0
          105.23867,21.41457,0
          105.23895,21.4144,0
          105.23924,21.41424,0
          105.23934,21.41421,0
          105.23973,21.41401,0
          105.24011,21.41383,0
          105.24091,21.41351,0
          105.24132,21.41338,0
          105.24137,21.41337,0
          105.2417,21.41328,0
          105.24231,21.41314,0
          105.24257,21.4131,0
          105.24287,21.41304,0
          105.2507,21.41184,0
          105.25072,21.41184,0
          105.25153,21.41169,0
          105.25274,21.4114,0
          105.25335,21.41123,0
          105.25338,21.41121,0
          105.25402,21.41102,0
          105.2558,21.41042,0
          105.25718,21.40993,0
          105.25851,21.40949,0
          105.25855,21.40948,0
          105.25859,21.40946,0
          105.26007,21.40906,0
          105.26085,21.40887,0
          105.26236,21.40856,0
          105.26255,21.40853,0
          105.26312,21.40841,0
          105.26331,21.40838,0
          105.26574,21.40787,0
          105.26633,21.40776,0
          105.26648,21.40774,0
          105.26878,21.40728,0
          105.2701,21.40699,0
          105.27099,21.40675,0
          105.27106,21.40672,0
          105.2717,21.40653,0
          105.27279,21.40613,0
          105.27387,21.40566,0
          105.27565,21.40484,0
          105.27577,21.40477,0
          105.27659,21.40439,0
          105.27817,21.4038,0
          105.2789,21.40358,0
          105.27894,21.40356,0
          105.27928,21.40348,0
          105.28031,21.4032,0
          105.28054,21.40315,0
          105.28296,21.40252,0
          105.28336,21.40238,0
          105.28338,21.40238,0
          105.28443,21.40201,0
          105.28639,21.40121,0
          105.28649,21.40116,0
          105.28707,21.40091,0
          105.28778,21.40058,0
          105.28782,21.40057,0
          105.28967,21.39967,0
          105.28976,21.39962,0
          105.29001,21.3995,0
          105.29228,21.39828,0
          105.29341,21.39761,0
          105.29504,21.3966,0
          105.29624,21.3958,0
          105.29874,21.39406,0
          105.29991,21.39341,0
          105.30087,21.39296,0
          105.30126,21.39279,0
          105.30208,21.39249,0
          105.30228,21.39244,0
          105.30247,21.39238,0
          105.30277,21.39231,0
          105.3036,21.39216,0
          105.30441,21.39204,0
          105.30554,21.39193,0
          105.30634,21.3919,0
          105.30682,21.3919,0
          105.30786,21.39195,0
          105.30874,21.39204,0
          105.3101,21.39228,0
          105.3105,21.39238,0
          105.31134,21.39262,0
          105.31385,21.39341,0
          105.3139,21.39343,0
          105.31439,21.39356,0
          105.31553,21.3938,0
          105.31643,21.39394,0
          105.31715,21.39403,0
          105.31759,21.39407,0
          105.31838,21.39412,0
          105.3207,21.39415,0
          105.32903,21.39415,0
          105.33074,21.39409,0
          105.33265,21.39393,0
          105.33457,21.39364,0
          105.33568,21.39343,0
          105.33587,21.39338,0
          105.33609,21.39334,0
          105.33624,21.3933,0
          105.33643,21.39326,0
          105.3371,21.39309,0
          105.33784,21.39287,0
          105.33981,21.39222,0
          105.34032,21.39203,0
          105.34167,21.39147,0
          105.34224,21.39121,0
          105.34227,21.3912,0
          105.34255,21.39107,0
          105.34359,21.39052,0
          105.34432,21.39011,0
          105.34552,21.38938,0
          105.34608,21.38901,0
          105.34675,21.38854,0
          105.34748,21.388,0
          105.34789,21.38768,0
          105.34878,21.38692,0
          105.34926,21.38649,0
          105.35183,21.38409,0
          105.35215,21.38381,0
          105.3526,21.38338,0
          105.35775,21.37868,0
          105.35785,21.37858,0
          105.35908,21.37745,0
          105.3596,21.377,0
          105.36131,21.3756,0
          105.36286,21.37445,0
          105.36448,21.37334,0
          105.3646,21.37327,0
          105.36527,21.37283,0
          105.3666,21.37202,0
          105.36706,21.37176,0
          105.36707,21.37175,0
          105.36868,21.37087,0
          105.37027,21.37008,0
          105.37248,21.36909,0
          105.37357,21.36865,0
          105.37453,21.3683,0
          105.37495,21.36816,0
          105.37545,21.36801,0
          105.37591,21.36789,0
          105.37635,21.36776,0
          105.37636,21.36776,0
          105.37752,21.3675,0
          105.3778,21.36746,0
          105.37789,21.36743,0
          105.37838,21.36735,0
          105.37967,21.36722,0
          105.38317,21.3671,0
          105.38346,21.3671,0
          105.38361,21.36711,0
          105.38376,21.36713,0
          105.3855,21.36715,0
          105.38607,21.36717,0
          105.38746,21.36716,0
          105.38869,21.3671,0
          105.39159,21.36706,0
          105.39178,21.36705,0
          105.39237,21.36705,0
          105.39256,21.36704,0
          105.39433,21.36703,0
          105.39466,21.36704,0
          105.39534,21.36703,0
          105.39853,21.3669,0
          105.40081,21.36686,0
          105.40094,21.36685,0
          105.40643,21.36677,0
          105.40682,21.36675,0
          105.40707,21.36675,0
          105.4087,21.36661,0
          105.4094,21.3665,0
          105.41022,21.36634,0
          105.4104,21.36629,0
          105.41105,21.36615,0
          105.41204,21.36589,0
          105.41268,21.3657,0
          105.41295,21.36563,0
          105.42012,21.36342,0
          105.4212,21.36311,0
          105.42723,21.36128,0
          105.42742,21.36121,0
          105.42909,21.36067,0
          105.43241,21.35946,0
          105.43293,21.35924,0
          105.43401,21.35883,0
          105.43434,21.35872,0
          105.43454,21.35867,0
          105.43487,21.35856,0
          105.43603,21.35828,0
          105.43679,21.35814,0
          105.43781,21.35801,0
          105.43831,21.35797,0
          105.44077,21.35788,0
          105.44087,21.35787,0
          105.44609,21.35767,0
          105.44628,21.35767,0
          105.44732,21.35763,0
          105.44759,21.35761,0
          105.44914,21.35755,0
          105.44932,21.35755,0
          105.46208,21.35706,0
          105.4624,21.35703,0
          105.46254,21.35703,0
          105.46303,21.35699,0
          105.46509,21.35693,0
          105.46552,21.3569,0
          105.46615,21.35689,0
          105.46915,21.35678,0
          105.46935,21.35678,0
          105.4728,21.35664,0
          105.47302,21.35662,0
          105.47505,21.35655,0
          105.47514,21.35654,0
          105.47591,21.35653,0
          105.4761,21.35652,0
          105.47997,21.35649,0
          105.48016,21.35648,0
          105.48847,21.35638,0
          105.49097,21.3563,0
          105.49348,21.35628,0
          105.49368,21.35627,0
          105.49395,21.35627,0
          105.49834,21.35606,0
          105.4984,21.35605,0
          105.50021,21.35592,0
          105.50106,21.35583,0
          105.5011,21.35583,0
          105.50264,21.3557,0
          105.50276,21.35568,0
          105.50517,21.3554,0
          105.50839,21.35498,0
          105.50948,21.35487,0
          105.51062,21.35478,0
          105.51071,21.35478,0
          105.51074,21.35477,0
          105.51318,21.35466,0
          105.51379,21.35465,0
          105.51402,21.35463,0
          105.51535,21.35458,0
          105.51543,21.35457,0
          105.51764,21.35449,0
          105.51773,21.35448,0
          105.52165,21.35435,0
          105.52175,21.35434,0
          105.52496,21.35422,0
          105.52504,21.35421,0
          105.52628,21.35418,0
          105.52723,21.35421,0
          105.52729,21.35422,0
          105.52816,21.35431,0
          105.52848,21.35436,0
          105.52916,21.3545,0
          105.52991,21.35472,0
          105.52993,21.35472,0
          105.53008,21.35476,0
          105.53053,21.35491,0
          105.53178,21.35551,0
          105.53233,21.35584,0
          105.53256,21.35601,0
          105.53282,21.35617,0
          105.53368,21.35682,0
          105.5366,21.35927,0
          105.53737,21.35987,0
          105.53779,21.36017,0
          105.53794,21.36026,0
          105.53809,21.36037,0
          105.53946,21.3612,0
          105.53979,21.36138,0
          105.54065,21.36179,0
          105.54121,21.36203,0
          105.54185,21.36233,0
          105.54186,21.36233,0
          105.5425,21.36261,0
          105.54321,21.3629,0
          105.54453,21.36336,0
          105.54575,21.3637,0
          105.54676,21.36392,0
          105.54851,21.3642,0
          105.54925,21.36428,0
          105.5499,21.36433,0
          105.55114,21.36437,0
          105.5517,21.36437,0
          105.55242,21.36434,0
          105.55245,21.36433,0
          105.55319,21.36427,0
          105.55413,21.36413,0
          105.55498,21.36395,0
          105.55546,21.36382,0
          105.55653,21.36348,0
          105.55734,21.36318,0
          105.55789,21.36293,0
          105.55849,21.36262,0
          105.55864,21.36253,0
          105.55872,21.36249,0
          105.55934,21.36213,0
          105.56031,21.36153,0
          105.56096,21.36108,0
          105.56127,21.36089,0
          105.56207,21.36045,0
          105.56292,21.36001,0
          105.56346,21.35978,0
          105.56376,21.35967,0
          105.56489,21.35932,0
          105.56503,21.35927,0
          105.56674,21.35893,0
          105.56715,21.35887,0
          105.56886,21.35867,0
          105.569,21.35866,0
          105.57205,21.35824,0
          105.57424,21.35798,0
          105.57631,21.3577,0
          105.57678,21.35766,0
          105.57939,21.35737,0
          105.57954,21.35736,0
          105.58076,21.35719,0
          105.58327,21.35689,0
          105.5834,21.35688,0
          105.58403,21.3568,0
          105.58409,21.3568,0
          105.5848,21.35674,0
          105.58535,21.35671,0
          105.58593,21.35672,0
          105.58643,21.35675,0
          105.58773,21.3569,0
          105.5884,21.35701,0
          105.59098,21.35766,0
          105.59274,21.35804,0
          105.59348,21.35815,0
          105.59437,21.35824,0
          105.5951,21.35829,0
          105.59546,21.3583,0
          105.59557,21.35831,0
          105.59656,21.35829,0
          105.59791,21.35822,0
          105.59913,21.35809,0
          105.60023,21.35791,0
          105.60133,21.35765,0
          105.60245,21.35733,0
          105.60304,21.35712,0
          105.60314,21.35709,0
          105.60597,21.35589,0
          105.606,21.35587,0
          105.60685,21.35554,0
          105.60718,21.3554,0
          105.60809,21.35509,0
          105.60821,21.35504,0
          105.60866,21.35489,0
          105.60871,21.35488,0
          105.60884,21.35483,0
          105.6101,21.35447,0
          105.61186,21.35391,0
          105.6129,21.35351,0
          105.61383,21.3531,0
          105.61428,21.35287,0
          105.61429,21.35287,0
          105.61547,21.35223,0
          105.61638,21.35168,0
          105.61742,21.35094,0
          105.61753,21.35084,0
          105.61809,21.3504,0
          105.61886,21.34967,0
          105.6201,21.34845,0
          105.62016,21.34838,0
          105.62103,21.34751,0
          105.62161,21.3469,0
          105.62177,21.34675,0
          105.6245,21.34396,0
          105.62453,21.34392,0
          105.62654,21.34195,0
          105.62676,21.34175,0
          105.63033,21.3381,0
          105.63037,21.33807,0
          105.63161,21.33679,0
          105.63166,21.33673,0
          105.6318,21.3366,0
          105.63354,21.33482,0
          105.6341,21.33428,0
          105.63506,21.33329,0
          105.63564,21.33273,0
          105.64141,21.32685,0
          105.64182,21.32645,0
          105.64255,21.32569,0
          105.6426,21.32563,0
          105.64308,21.32515,0
          105.64405,21.3241,0
          105.64457,21.32347,0
          105.64459,21.32344,0
          105.64486,21.32312,0
          105.64575,21.32192,0
          105.64603,21.32152,0
          105.64625,21.32117,0
          105.64629,21.32112,0
          105.64722,21.3196,0
          105.64764,21.31869,0
          105.64779,21.3184,0
          105.64791,21.31811,0
          105.64795,21.31804,0
          105.64824,21.31742,0
          105.64874,21.31622,0
          105.64896,21.31562,0
          105.64928,21.31465,0
          105.6493,21.31457,0
          105.64936,21.3144,0
          105.64987,21.31255,0
          105.65042,21.31078,0
          105.65077,21.30986,0
          105.65086,21.30966,0
          105.65108,21.3091,0
          105.65128,21.30863,0
          105.65174,21.30766,0
          105.6522,21.30674,0
          105.65298,21.30509,0
          105.65491,21.30121,0
          105.65953,21.29248,0
          105.65962,21.29233,0
          105.65973,21.2921,0
          105.66001,21.29161,0
          105.66005,21.29152,0
          105.66021,21.29122,0
          105.66025,21.29113,0
          105.66064,21.29039,0
          105.66105,21.28967,0
          105.6615,21.28898,0
          105.66182,21.28853,0
          105.66197,21.28835,0
          105.66234,21.28787,0
          105.66299,21.28716,0
          105.6632,21.28697,0
          105.6634,21.28677,0
          105.66437,21.28595,0
          105.66525,21.28529,0
          105.66583,21.28488,0
          105.66585,21.28486,0
          105.66623,21.28457,0
          105.6699,21.282,0
          105.67047,21.28157,0
          105.67222,21.28045,0
          105.67231,21.2804,0
          105.67302,21.27988,0
          105.67425,21.27902,0
          105.6751,21.27838,0
          105.67582,21.27787,0
          105.67821,21.27624,0
          105.67966,21.27521,0
          105.6798,21.27512,0
          105.68268,21.27311,0
          105.68468,21.27167,0
          105.68604,21.27075,0
          105.69012,21.2679,0
          105.69117,21.26706,0
          105.69181,21.26648,0
          105.69244,21.26588,0
          105.69315,21.2651,0
          105.69442,21.26356,0
          105.69452,21.26345,0
          105.69454,21.26342,0
          105.6952,21.2626,0
          105.69585,21.26185,0
          105.69597,21.26173,0
          105.69613,21.26154,0
          105.6974,21.26035,0
          105.69759,21.26019,0
          105.69767,21.26013,0
          105.69823,21.25965,0
          105.69868,21.25932,0
          105.6997,21.25863,0
          105.70043,21.25819,0
          105.70111,21.25781,0
          105.70175,21.25748,0
          105.70255,21.25711,0
          105.70256,21.2571,0
          105.70343,21.25677,0
          105.70404,21.25656,0
          105.70416,21.25653,0
          105.70443,21.25644,0
          105.70534,21.25619,0
          105.70632,21.25595,0
          105.70796,21.25566,0
          105.70835,21.25561,0
          105.71069,21.25547,0
          105.7121,21.25547,0
          105.7134,21.25552,0
          105.71405,21.25557,0
          105.71423,21.25557,0
          105.71489,21.25563,0
          105.7209,21.25603,0
          105.72307,21.25625,0
          105.72738,21.25678,0
          105.7275,21.25678,0
          105.72795,21.25682,0
          105.72875,21.25685,0
          105.72915,21.25685,0
          105.72961,21.25682,0
          105.73019,21.25676,0
          105.73065,21.25669,0
          105.73094,21.25663,0
          105.73151,21.25649,0
          105.73235,21.25622,0
          105.73294,21.25597,0
          105.73346,21.25573,0
          105.73574,21.25458,0
          105.73598,21.25445,0
          105.73807,21.2534,0
          105.73817,21.25334,0
          105.74348,21.25067,0
          105.74442,21.25016,0
          105.7452,21.24969,0
          105.74566,21.24932,0
          105.74567,21.24932,0
          105.74588,21.24915,0
          105.74634,21.24873,0
          105.74779,21.24731,0
          105.74833,21.24685,0
          105.74858,21.24666,0
          105.74911,21.24629,0
          105.74942,21.24609,0
          105.74989,21.24582,0
          105.75061,21.24546,0
          105.75152,21.24505,0
          105.75469,21.24379,0
          105.75554,21.24351,0
          105.75649,21.24326,0
          105.75868,21.24275,0
          105.76066,21.24223,0
          105.76163,21.24187,0
          105.76167,21.24186,0
          105.76231,21.2416,0
          105.76286,21.24136,0
          105.76369,21.24097,0
          105.76488,21.24032,0
          105.76616,21.23949,0
          105.76717,21.2387,0
          105.76784,21.23812,0
          105.76839,21.23756,0
          105.76848,21.23746,0
          105.76884,21.23712,0
          105.76915,21.23679,0
          105.7698,21.23604,0
          105.7705,21.23511,0
          105.77102,21.23433,0
          105.77103,21.23432,0
          105.77134,21.2338,0
          105.772,21.23257,0
          105.77223,21.23207,0
          105.77243,21.2316,0
          105.77276,21.23073,0
          105.77301,21.22996,0
          105.77314,21.22951,0
          105.77333,21.22871,0
          105.77344,21.22818,0
          105.77355,21.22745,0
          105.77368,21.22592,0
          105.7737,21.22456,0
          105.77367,21.22385,0
          105.77367,21.22355,0
          105.77368,21.22338,0
          105.77362,21.22204,0
          105.77361,21.22194,0
          105.77361,21.22176,0
          105.77348,21.21925,0
          105.77337,21.21632,0
          105.77336,21.21628,0
          105.77335,21.2154,0
          105.77337,21.21506,0
          105.7734,21.21476,0
          105.77342,21.21468,0
          105.77343,21.21462,0
          105.77346,21.21455,0
          105.77347,21.21431,0
          105.77351,21.21387,0
          105.77355,21.2136,0
          105.77362,21.21324,0
          105.7737,21.21293,0
          105.77389,21.21232,0
          105.77405,21.21191,0
          105.77407,21.21188,0
          105.77414,21.21171,0
          105.77441,21.21121,0
          105.77465,21.21082,0
          105.77489,21.21049,0
          105.77523,21.21006,0
          105.77529,21.20997,0
          105.77534,21.20991,0
          105.77582,21.20941,0
          105.77601,21.20924,0
          105.7767,21.20868,0
          105.77711,21.2084,0
          105.77742,21.20822,0
          105.7781,21.20788,0
          105.77829,21.2078,0
          105.77915,21.20749,0
          105.78201,21.20658,0
          105.7827,21.20633,0
          105.78281,21.20622,0
          105.78292,21.20613,0
          105.78306,21.20598,0
          105.78331,21.20581,0
          105.78339,21.20574,0
          105.78344,21.20568,0
          105.78345,21.20568,0
          105.78349,21.20562,0
          105.78355,21.20555,0
          105.7836,21.20547,0
          105.78363,21.2054,0
          105.78367,21.20525,0
          105.78367,21.20518,0
          105.78366,21.20509,0
          105.78365,21.20505,0
          105.78365,21.20504,0
          105.78364,21.205,0
          105.7836,21.20492,0
          105.78355,21.20484,0
          105.78349,21.20478,0
          105.78344,21.20474,0
          105.78331,21.20467,0
          105.7832,21.20463,0
          105.7831,21.20461,0
          105.78296,21.20462,0
          105.78154,21.20494,0
          105.78147,21.20496,0
          105.7814,21.20497,0
          105.78112,21.20504,0
          105.78088,21.20508,0
          105.77961,21.20539,0
          105.77955,21.2054,0
          105.77856,21.20564,0
          105.77848,21.20567,0
          105.7784,21.20571,0
          105.7783,21.20579,0
          105.77826,21.20585,0
          105.77822,21.2059,0
          105.77819,21.20596,0
          105.77817,21.20603,0
          105.77816,21.2061,0
          105.77816,21.20623,0
          105.77817,21.20629,0
          105.7782,21.20636,0
          105.77822,21.20643,0
          105.77831,21.20655,0
          105.77836,21.20659,0
          105.77842,21.20663,0
          105.77849,21.20665,0
          105.77854,21.20667,0
          105.77861,21.20669,0
          105.77867,21.2067,0
          105.77874,21.2067,0
          105.77889,21.20668,0
          105.77896,21.20666,0
          105.77901,21.20663,0
          105.77913,21.20657,0
          105.77918,21.20653,0
          105.77925,21.20646,0
          105.7793,21.20639,0
          105.77935,21.20628,0
          105.7794,21.20619,0
          105.77947,21.20609,0
          105.77949,21.20598,0
          105.77949,21.20592,0
          105.77955,21.20544,0
          105.77955,21.20537,0
          105.7797,21.20392,0
          105.77992,21.20219,0
          105.78052,21.1967,0
          105.78065,21.19525,0
          105.78067,21.1946,0
          105.78066,21.19338,0
          105.78059,21.19146,0
          105.78043,21.18824,0
          105.78034,21.18711,0
          105.78033,21.18578,0
          105.78031,21.18541,0
          105.78032,21.18527,0
          105.78032,21.18485,0
          105.78022,21.18182,0
          105.78021,21.18174,0
          105.78018,21.17992,0
          105.78012,21.17887,0
          105.77939,21.16122,0
          105.77939,21.16109,0
          105.77933,21.15969,0
          105.77933,21.15946,0
          105.77912,21.15458,0
          105.77899,21.15239,0
          105.77854,21.1418,0
          105.77854,21.14167,0
          105.77853,21.1416,0
          105.77837,21.13815,0
          105.77829,21.13566,0
          105.77833,21.13502,0
          105.77837,21.13466,0
          105.77855,21.13366,0
          105.7787,21.13307,0
          105.77908,21.13189,0
          105.77911,21.13177,0
          105.78119,21.12561,0
          105.7812,21.12557,0
          105.78126,21.1254,0
          105.78134,21.12512,0
          105.78137,21.12505,0
          105.7816,21.12437,0
          105.7816,21.12434,0
          105.78492,21.11442,0
          105.78501,21.1141,0
          105.78536,21.11312,0
          105.78551,21.11288,0
          105.78554,21.11279,0
          105.78558,21.11271,0
          105.78619,21.11098,0
          105.78644,21.11021,0
          105.78664,21.1095,0
          105.7868,21.10901,0
          105.78693,21.10865,0
          105.78693,21.10864,0
          105.78706,21.10821,0
          105.78713,21.10787,0
          105.78717,21.10758,0
          105.78716,21.10723,0
          105.78714,21.10711,0
          105.78709,21.10649,0
          105.78709,21.10642,0
          105.78692,21.10395,0
          105.78686,21.10332,0
          105.78685,21.10311,0
          105.78683,21.10291,0
          105.78682,21.10272,0
          105.78677,21.10225,0
          105.78674,21.10177,0
          105.78671,21.10151,0
          105.78667,21.10079,0
          105.78597,21.0918,0
          105.78597,21.09171,0
          105.78591,21.09088,0
          105.78586,21.09044,0
          105.78586,21.09033,0
          105.78585,21.09022,0
          105.78586,21.09008,0
          105.78587,21.09007,0
          105.78588,21.08989,0
          105.78592,21.0897,0
          105.78595,21.08959,0
          105.78596,21.08949,0
          105.78604,21.08924,0
          105.78606,21.08913,0
          105.78607,21.08912,0
          105.7862,21.08867,0
          105.7866,21.08744,0
          105.7866,21.08743,0
          105.78662,21.08736,0
          105.78664,21.08732,0
          105.78715,21.08574,0
          105.78724,21.0855,0
          105.7873,21.08531,0
          105.78732,21.08527,0
          105.78735,21.08516,0
          105.78738,21.08508,0
          105.78743,21.08484,0
          105.78757,21.08433,0
          105.78758,21.08428,0
          105.78784,21.08352,0
          105.78784,21.08351,0
          105.78791,21.08334,0
          105.78811,21.08273,0
          105.78812,21.08267,0
          105.78813,21.08266,0
          105.78817,21.08249,0
          105.78817,21.08248,0
          105.78831,21.08194,0
          105.78837,21.08156,0
          105.78838,21.08143,0
          105.78839,21.08137,0
          105.78841,21.0813,0
          105.7884,21.08101,0
          105.78835,21.0805,0
          105.7883,21.08022,0
          105.78818,21.07985,0
          105.78787,21.07919,0
          105.78775,21.07896,0
          105.78663,21.07724,0
          105.7864,21.07685,0
          105.78635,21.07678,0
          105.78614,21.07632,0
          105.78592,21.07572,0
          105.78578,21.07506,0
          105.78568,21.07422,0
          105.78557,21.07287,0
          105.78557,21.07282,0
          105.78542,21.0709,0
          105.78542,21.0708,0
          105.78524,21.0686,0
          105.7852,21.06823,0
          105.78518,21.06787,0
          105.78501,21.06676,0
          105.7839,21.0624,0
          105.7839,21.06239,0
          105.78385,21.06222,0
          105.78385,21.06221,0
          105.78327,21.05998,0
          105.78316,21.0595,0
          105.78309,21.05925,0
          105.78299,21.05882,0
          105.78242,21.05662,0
          105.7824,21.05656,0
          105.78225,21.05597,0
          105.78203,21.055,0
          105.78197,21.05479,0
          105.78187,21.05428,0
          105.78178,21.05362,0
          105.78169,21.05245,0
          105.78169,21.05195,0
          105.78155,21.05036,0
          105.78149,21.04941,0
          105.78147,21.04926,0
          105.78147,21.04923,0
          105.78145,21.04906,0
          105.78144,21.04887,0
          105.78142,21.04872,0
          105.78139,21.04818,0
          105.78137,21.04799,0
          105.78135,21.04754,0
          105.78133,21.04741,0
          105.78133,21.04734,0
          105.78123,21.04618,0
          105.78123,21.04609,0
          105.78121,21.04594,0
          105.78109,21.04413,0
          105.78104,21.04361,0
          105.78103,21.04335,0
          105.78093,21.04229,0
          105.78086,21.04118,0
          105.78079,21.03928,0
          105.78078,21.0392,0
          105.78076,21.03877,0
          105.78071,21.0382,0
          105.78052,21.03655,0
          105.78031,21.03514,0
          105.7796,21.03105,0
          105.7796,21.03103,0
          105.77922,21.02881,0
          105.77921,21.02878,0
          105.77907,21.02788,0
          105.77905,21.02781,0
          105.779,21.02746,0
          105.77893,21.0271,0
          105.77869,21.02562,0
          105.77859,21.02469,0
          105.77859,21.02426,0
          105.77864,21.02366,0
          105.77871,21.02316,0
          105.77888,21.02248,0
          105.77897,21.0222,0
          105.77915,21.02175,0
          105.7794,21.02123,0
          105.77947,21.02111,0
          105.7796,21.02086,0
          105.7799,21.02041,0
          105.78006,21.02019,0
          105.78052,21.0196,0
          105.78093,21.0191,0
          105.78113,21.01884,0
          105.78145,21.01846,0
          105.78151,21.01837,0
          105.78208,21.01769,0
          105.7821,21.01766,0
          105.78338,21.01611,0
          105.78347,21.01602,0
          105.78931,21.0088,0
          105.78934,21.00877,0
          105.78979,21.00818,0
          105.7898,21.00818,0
          105.79148,21.00611,0
          105.79151,21.00608,0
          105.79432,21.00262,0
          105.79433,21.00262,0
          105.79477,21.00205,0
          105.79518,21.00156,0
          105.79573,21.00087,0
          105.79616,21.0003,0
          105.79996,20.99556,0
          105.79998,20.99552,0
          105.80201,20.99298,0
          105.80408,20.99028,0
          105.80785,20.98516,0
          105.80803,20.98493,0
          105.81158,20.98011,0
          105.81168,20.97999,0
          105.81297,20.97821,0
          105.81455,20.97609,0
          105.8148,20.97573,0
          105.81511,20.97533,0
          105.81561,20.97476,0
          105.81599,20.97439,0
          105.81639,20.97404,0
          105.81698,20.9736,0
          105.8174,20.97333,0
          105.81796,20.973,0
          105.81821,20.97287,0
          105.81854,20.97272,0
          105.81873,20.97265,0
          105.8191,20.97249,0
          105.82334,20.97115,0
          105.82351,20.97111,0
          105.82578,20.97041,0
          105.82617,20.97026,0
          105.82662,20.97006,0
          105.82885,20.96891,0
          105.82897,20.96884,0
          105.82957,20.96854,0
          105.8317,20.96742,0
          105.83177,20.96735,0
          105.83301,20.9668,0
          105.83338,20.96666,0
          105.83394,20.96648,0
          105.83449,20.96634,0
          105.83494,20.96625,0
          105.83576,20.96613,0
          105.83784,20.96593,0
          105.83815,20.96589,0
          105.8395,20.96576,0
          105.84052,20.9657,0
          105.84066,20.9657,0
          105.84128,20.96567,0
          105.84407,20.96567,0
          105.84418,20.96563,0
          105.84427,20.96562,0
          105.84438,20.96559,0
          105.8452,20.96553,0
          105.84575,20.96545,0
          105.84608,20.96537,0
          105.84632,20.96527,0
          105.84638,20.96524,0
          105.84642,20.96521,0
          105.84643,20.96521,0
          105.84654,20.96513,0
          105.84662,20.96505,0
          105.84671,20.96498,0
          105.84682,20.96486,0
          105.84688,20.96477,0
          105.84703,20.96447,0
          105.84709,20.96418,0
          105.84711,20.96401,0
          105.84711,20.96393,0
          105.84712,20.96389,0
          105.84714,20.96385,0
          105.8472,20.96378,0
          105.84719,20.963,0
          105.8472,20.96201,0
          105.84716,20.96191,0
          105.84716,20.96187,0
          105.84715,20.96183,0
          105.84722,20.96157,0
          105.84726,20.96148,0
          105.84735,20.96135,0
          105.84735,20.96134,0
          105.84736,20.96132,0
          105.84743,20.96124,0
          105.84754,20.96113,0
          105.84765,20.96105,0
          105.84788,20.96092,0
          105.84805,20.96085,0
          105.84836,20.96074,0
          105.84854,20.96066,0
          105.84866,20.96059,0
          105.84873,20.96054,0
          105.84879,20.96049,0
          105.84883,20.96045,0
          105.84886,20.96041,0
          105.84889,20.96035,0
          105.84895,20.96026,0
          105.84906,20.96007,0
          105.84919,20.9598,0
          105.84923,20.95969,0
          105.84926,20.95963,0
          105.84933,20.95955,0
          105.84937,20.95928,0
          105.84958,20.95826,0
          105.84977,20.95765,0
          105.85002,20.95705,0
          105.85026,20.95655,0
          105.85074,20.95572,0
          105.8513,20.95487,0
          105.85322,20.95217,0
          105.8535,20.95174,0
          105.85505,20.94957,0
          105.8551,20.94949,0
          105.85763,20.94589,0
          105.85782,20.94559,0
          105.85783,20.94558,0
          105.85796,20.94534,0
          105.85799,20.9453,0
          105.85816,20.94499,0
          105.85847,20.94436,0
          105.85861,20.94404,0
          105.85895,20.94305,0
          105.85902,20.94279,0
          105.85903,20.94273,0
          105.85914,20.94226,0
          105.85919,20.94208,0
          105.85919,20.94206,0
          105.85929,20.9414,0
          105.85936,20.94041,0
          105.85936,20.94009,0
          105.85929,20.93886,0
          105.85928,20.93883,0
          105.85901,20.9353,0
          105.85899,20.93472,0
          105.85898,20.93463,0
          105.85901,20.9326,0
          105.85903,20.9322,0
          105.85908,20.93159,0
          105.8595,20.92803,0
          105.85952,20.92793,0
          105.85968,20.92667,0
          105.85979,20.92527,0
          105.8598,20.9248,0
          105.85982,20.92459,0
          105.85982,20.92423,0
          105.85983,20.92416,0
          105.85985,20.92291,0
          105.85983,20.92254,0
          105.85983,20.9217,0
          105.85978,20.92047,0
          105.85977,20.91865,0
          105.8598,20.91622,0
          105.85988,20.91511,0
          105.85989,20.91462,0
          105.86,20.91347,0
          105.86009,20.91271,0
          105.8603,20.91131,0
          105.86056,20.90991,0
          105.86096,20.90805,0
          105.86117,20.90726,0
          105.86172,20.90553,0
          105.86172,20.90552,0
          105.86177,20.9054,0
          105.86207,20.90453,0
          105.8622,20.90421,0
          105.86243,20.90357,0
          105.86257,20.90325,0
          105.86272,20.90285,0
          105.86331,20.9015,0
          105.86341,20.90131,0
          105.86368,20.90072,0
          105.86401,20.90006,0
          105.8648,20.89857,0
          105.86483,20.8985,0
          105.86578,20.89672,0
          105.86581,20.89665,0
          105.86645,20.89543,0
          105.86645,20.89541,0
          105.86706,20.89418,0
          105.86756,20.89305,0
          105.86759,20.89297,0
          105.86777,20.89256,0
          105.86875,20.89014,0
          105.87059,20.88517,0
          105.87136,20.88337,0
          105.87184,20.88237,0
          105.8722,20.88169,0
          105.87341,20.87964,0
          105.87345,20.87956,0
          105.87416,20.87849,0
          105.87423,20.87837,0
          105.87605,20.87577,0
          105.8761,20.87571,0
          105.87687,20.87458,0
          105.87762,20.87353,0
          105.87792,20.87302,0
          105.8789,20.87155,0
          105.87941,20.87084,0
          105.87981,20.87022,0
          105.87998,20.86991,0
          105.88014,20.86959,0
          105.88038,20.86905,0
          105.88064,20.86825,0
          105.88084,20.86735,0
          105.88092,20.86676,0
          105.88094,20.86648,0
          105.88095,20.86618,0
          105.88086,20.86397,0
          105.88084,20.8638,0
          105.8808,20.86268,0
          105.88081,20.86146,0
          105.88091,20.86028,0
          105.88114,20.85901,0
          105.88128,20.85839,0
          105.88144,20.85777,0
          105.88161,20.8572,0
          105.88178,20.85672,0
          105.8818,20.85665,0
          105.8823,20.85533,0
          105.8824,20.8551,0
          105.88246,20.85493,0
          105.88326,20.85291,0
          105.88328,20.85284,0
          105.88331,20.85278,0
          105.88429,20.85012,0
          105.88432,20.85006,0
          105.88495,20.84841,0
          105.88513,20.84787,0
          105.88543,20.84688,0
          105.88555,20.84637,0
          105.88578,20.8452,0
          105.88592,20.84425,0
          105.88593,20.84422,0
          105.88598,20.84394,0
          105.88641,20.84074,0
          105.88643,20.84066,0
          105.88722,20.83494,0
          105.88724,20.83485,0
          105.88753,20.83279,0
          105.88787,20.83011,0
          105.88802,20.82919,0
          105.88855,20.82545,0
          105.88855,20.82541,0
          105.8886,20.82517,0
          105.88885,20.82332,0
          105.88899,20.82248,0
          105.88899,20.82243,0
          105.88955,20.81844,0
          105.88956,20.81833,0
          105.89032,20.81295,0
          105.89048,20.81217,0
          105.89061,20.81144,0
          105.89071,20.81101,0
          105.89102,20.80988,0
          105.89124,20.80917,0
          105.89135,20.80885,0
          105.89148,20.80842,0
          105.89174,20.8077,0
          105.89185,20.80746,0
          105.89186,20.80742,0
          105.89235,20.80626,0
          105.8951,20.80081,0
          105.89591,20.7991,0
          105.89595,20.799,0
          105.89607,20.79874,0
          105.89658,20.79745,0
          105.89694,20.7964,0
          105.897,20.79625,0
          105.897,20.79623,0
          105.89719,20.79565,0
          105.89877,20.79022,0
          105.8988,20.79014,0
          105.89882,20.79005,0
          105.8993,20.78851,0
          105.89942,20.78816,0
          105.89947,20.78798,0
          105.89949,20.78794,0
          105.89969,20.78738,0
          105.90012,20.78626,0
          105.90059,20.78516,0
          105.90109,20.78408,0
          105.90163,20.78299,0
          105.90188,20.78255,0
          105.9019,20.7825,0
          105.90193,20.78246,0
          105.90222,20.78194,0
          105.90284,20.78089,0
          105.90351,20.77987,0
          105.90355,20.7798,0
          105.90564,20.77665,0
          105.90568,20.7766,0
          105.90728,20.77415,0
          105.90773,20.77349,0
          105.90777,20.77342,0
          105.90815,20.77284,0
          105.90817,20.7728,0
          105.90822,20.77273,0
          105.90859,20.77215,0
          105.90974,20.77046,0
          105.91085,20.76874,0
          105.91086,20.76874,0
          105.91255,20.76619,0
          105.91266,20.76604,0
          105.9127,20.76597,0
          105.91276,20.76589,0
          105.91403,20.76394,0
          105.91404,20.76393,0
          105.91405,20.76391,0
          105.91454,20.76314,0
          105.91515,20.76212,0
          105.91518,20.76206,0
          105.9152,20.76203,0
          105.91522,20.76201,0
          105.91563,20.76128,0
          105.91613,20.76034,0
          105.91659,20.7594,0
          105.91662,20.75935,0
          105.91715,20.7582,0
          105.91741,20.75759,0
          105.91745,20.75751,0
          105.9177,20.75689,0
          105.91828,20.75533,0
          105.91865,20.75423,0
          105.91893,20.75328,0
          105.91923,20.75218,0
          105.91954,20.75087,0
          105.91967,20.75026,0
          105.91995,20.7487,0
          105.92017,20.74718,0
          105.92025,20.74646,0
          105.92038,20.74444,0
          105.9204,20.74392,0
          105.92042,20.74214,0
          105.92038,20.74084,0
          105.92022,20.73873,0
          105.92018,20.73837,0
          105.92018,20.73834,0
          105.91994,20.73657,0
          105.91983,20.73594,0
          105.91966,20.73509,0
          105.91966,20.73506,0
          105.91963,20.73496,0
          105.91932,20.73356,0
          105.91913,20.73288,0
          105.91891,20.73196,0
          105.91887,20.73176,0
          105.91878,20.73142,0
          105.91871,20.73121,0
          105.91867,20.731,0
          105.91864,20.73091,0
          105.91851,20.73036,0
          105.91836,20.72959,0
          105.91818,20.72848,0
          105.91812,20.72799,0
          105.91811,20.72795,0
          105.91811,20.72791,0
          105.91801,20.72695,0
          105.91794,20.72565,0
          105.91793,20.72505,0
          105.91796,20.72344,0
          105.91807,20.7221,0
          105.91808,20.72204,0
          105.91808,20.72197,0
          105.91834,20.71946,0
          105.91848,20.71697,0
          105.91855,20.71086,0
          105.91853,20.70969,0
          105.91858,20.70771,0
          105.91857,20.7075,0
          105.91858,20.70627,0
          105.91864,20.70537,0
          105.91877,20.70448,0
          105.91898,20.70333,0
          105.91911,20.70273,0
          105.91925,20.70219,0
          105.91956,20.70121,0
          105.91976,20.70064,0
          105.91995,20.70023,0
          105.91996,20.70022,0
          105.91997,20.70019,0
          105.9204,20.69932,0
          105.92085,20.69848,0
          105.92123,20.69782,0
          105.92138,20.69759,0
          105.9214,20.69755,0
          105.92142,20.69754,0
          105.92245,20.69609,0
          105.92339,20.69484,0
          105.92349,20.69469,0
          105.92438,20.69351,0
          105.92439,20.6935,0
          105.92493,20.69277,0
          105.92496,20.69274,0
          105.92497,20.69272,0
          105.92719,20.68975,0
          105.92723,20.68971,0
          105.92724,20.68969,0
          105.92741,20.68949,0
          105.92831,20.68827,0
          105.92833,20.68825,0
          105.92919,20.68709,0
          105.92923,20.68705,0
          105.92983,20.68627,0
          105.93058,20.68523,0
          105.9306,20.68521,0
          105.93061,20.68518,0
          105.93211,20.68324,0
          105.93273,20.68239,0
          105.93291,20.68212,0
          105.93292,20.6821,0
          105.93312,20.68181,0
          105.93357,20.6811,0
          105.9337,20.68091,0
          105.93377,20.68079,0
          105.93378,20.68076,0
          105.9338,20.68074,0
          105.93416,20.68011,0
          105.93458,20.6793,0
          105.93459,20.67929,0
          105.93463,20.67922,0
          105.93474,20.67896,0
          105.93477,20.67891,0
          105.93525,20.67779,0
          105.93526,20.67775,0
          105.93531,20.67762,0
          105.93533,20.67758,0
          105.93555,20.67697,0
          105.93555,20.67695,0
          105.93561,20.67678,0
          105.9359,20.67576,0
          105.9359,20.67573,0
          105.93591,20.67571,0
          105.93591,20.67568,0
          105.93599,20.6754,0
          105.93619,20.67444,0
          105.93633,20.67367,0
          105.93637,20.67327,0
          105.9364,20.67309,0
          105.93645,20.6726,0
          105.93649,20.67191,0
          105.93649,20.67158,0
          105.93651,20.67121,0
          105.93647,20.66623,0
          105.93648,20.66496,0
          105.93645,20.66089,0
          105.93646,20.66085,0
          105.93646,20.66032,0
          105.93653,20.65807,0
          105.93654,20.65805,0
          105.93665,20.65664,0
          105.93684,20.65468,0
          105.93685,20.65465,0
          105.93685,20.65462,0
          105.93733,20.65164,0
          105.9379,20.64893,0
          105.93791,20.6489,0
          105.93803,20.64837,0
          105.9384,20.6469,0
          105.93845,20.64662,0
          105.93849,20.64647,0
          105.93851,20.64635,0
          105.93898,20.64456,0
          105.9421,20.63209,0
          105.94212,20.63203,0
          105.94225,20.63154,0
          105.94244,20.6307,0
          105.94294,20.62873,0
          105.94299,20.62856,0
          105.94304,20.62833,0
          105.94398,20.62463,0
          105.94398,20.6246,0
          105.94663,20.61397,0
          105.94668,20.6138,0
          105.94717,20.61173,0
          105.94745,20.61039,0
          105.94745,20.61037,0
          105.94746,20.61034,0
          105.9476,20.60964,0
          105.948,20.60715,0
          105.94818,20.60567,0
          105.94844,20.60274,0
          105.94845,20.60272,0
          105.94845,20.60269,0
          105.94917,20.595,0
          105.94917,20.59496,0
          105.94944,20.59228,0
          105.94967,20.5896,0
          105.94968,20.58957,0
          105.94995,20.58676,0
          105.94995,20.58668,0
          105.95021,20.58369,0
          105.95022,20.58366,0
          105.95023,20.58351,0
          105.95042,20.58174,0
          105.95036,20.58148,0
          105.95034,20.5812,0
          105.95033,20.58086,0
          105.95032,20.58084,0
          105.95026,20.5804,0
          105.95024,20.58031,0
          105.95023,20.58023,0
          105.95023,20.58005,0
          105.95025,20.57977,0
          105.95026,20.57935,0
          105.95045,20.57798,0
          105.95068,20.57584,0
          105.95069,20.57582,0
          105.9507,20.57566,0
          105.95083,20.57454,0
          105.95086,20.57437,0
          105.9509,20.57396,0
          105.95109,20.57031,0
          105.95109,20.5702,0
          105.95111,20.56985,0
          105.9511,20.56947,0
          105.95104,20.56879,0
          105.95101,20.56858,0
          105.951,20.56854,0
          105.951,20.5685,0
          105.95095,20.56825,0
          105.95088,20.56776,0
          105.95082,20.56708,0
          105.95079,20.56691,0
          105.95044,20.56564,0
          105.95035,20.56505,0
          105.95015,20.56417,0
          105.94999,20.56337,0
          105.94976,20.56237,0
          105.94961,20.56182,0
          105.94954,20.56164,0
          105.94946,20.56134,0
          105.9494,20.56102,0
          105.94936,20.56065,0
          105.94908,20.55921,0
          105.94903,20.5588,0
          105.94897,20.55845,0
          105.94894,20.55821,0
          105.94892,20.55791,0
          105.94891,20.55783,0
          105.94891,20.55773,0
          105.94867,20.55516,0
          105.94867,20.55504,0
          105.9483,20.54845,0
          105.94828,20.5483,0
          105.94821,20.54698,0
          105.9482,20.5465,0
          105.94802,20.54338,0
          105.94801,20.5433,0
          105.94801,20.54291,0
          105.948,20.54284,0
          105.94793,20.54086,0
          105.94791,20.53865,0
          105.94792,20.53859,0
          105.94799,20.53597,0
          105.94821,20.53205,0
          105.94824,20.53123,0
          105.9487,20.523,0
          105.94871,20.52298,0
          105.94871,20.52277,0
          105.94889,20.51975,0
          105.94889,20.51965,0
          105.94892,20.51932,0
          105.94928,20.51301,0
          105.94928,20.51288,0
          105.94966,20.50615,0
          105.94967,20.50612,0
          105.94988,20.50243,0
          105.94989,20.50205,0
          105.94999,20.50106,0
          105.95014,20.50013,0
          105.95029,20.49947,0
          105.95032,20.4993,0
          105.95065,20.49827,0
          105.95096,20.4975,0
          105.95121,20.49695,0
          105.95145,20.49649,0
          105.95203,20.49549,0
          105.95273,20.49441,0
          105.95275,20.49437,0
          105.9549,20.49106,0
          105.95492,20.49104,0
          105.95607,20.48927,0
          105.95678,20.48805,0
          105.95703,20.48759,0
          105.95745,20.48664,0
          105.95785,20.48561,0
          105.95822,20.48444,0
          105.95822,20.48442,0
          105.95841,20.48375,0
          105.96006,20.47677,0
          105.9601,20.47663,0
          105.96102,20.47262,0
          105.96107,20.47245,0
          105.96271,20.46554,0
          105.96272,20.46552,0
          105.96341,20.46261,0
          105.96343,20.46255,0
          105.96438,20.45857,0
          105.96438,20.45854,0
          105.96439,20.45851,0
          105.96526,20.45482,0
          105.9654,20.45417,0
          105.96548,20.45388,0
          105.96583,20.4524,0
          105.96583,20.45237,0
          105.96584,20.45235,0
          105.96608,20.45134,0
          105.96605,20.45128,0
          105.96633,20.44967,0
          105.96636,20.44954,0
          105.96645,20.44887,0
          105.96645,20.44885,0
          105.96651,20.4485,0
          105.96655,20.44819,0
          105.96657,20.44812,0
          105.96657,20.44809,0
          105.96658,20.44806,0
          105.96665,20.4477,0
          105.96666,20.4476,0
          105.96668,20.44753,0
          105.967,20.44612,0
          105.96718,20.4454,0
          105.96745,20.44412,0
          105.96764,20.4434,0
          105.96764,20.44338,0
          105.9678,20.44278,0
          105.96794,20.44237,0
          105.96809,20.44201,0
          105.96845,20.44097,0
          105.96861,20.44041,0
          105.9687,20.4403,0
          105.96889,20.43941,0
          105.96889,20.43938,0
          105.9689,20.43936,0
          105.96912,20.43837,0
          105.96931,20.4374,0
          105.96931,20.43739,0
          105.96971,20.4354,0
          105.96972,20.43539,0
          105.97067,20.43015,0
          105.97069,20.43008,0
          105.97103,20.42821,0
          105.97103,20.4282,0
          105.97104,20.42817,0
          105.97183,20.42382,0
          105.97183,20.4238,0
          105.97184,20.42377,0
          105.97238,20.4208,0
          105.97238,20.42077,0
          105.97239,20.42075,0
          105.97454,20.409,0
          105.97456,20.40885,0
          105.97523,20.40516,0
          105.97523,20.40513,0
          105.97528,20.40484,0
          105.97537,20.40442,0
          105.9757,20.40265,0
          105.97628,20.39918,0
          105.97628,20.39914,0
          105.97665,20.39671,0
          105.97709,20.39346,0
          105.97709,20.39341,0
          105.97736,20.39127,0
          105.97739,20.39109,0
          105.97762,20.38923,0
          105.97762,20.38919,0
          105.97763,20.38916,0
          105.97808,20.38552,0
          105.97808,20.3855,0
          105.97809,20.38547,0
          105.97833,20.38351,0
          105.97836,20.38333,0
          105.97879,20.37995,0
          105.9788,20.37981,0
          105.97883,20.37956,0
          105.97884,20.37952,0
          105.97884,20.37948,0
          105.97894,20.37867,0
          105.97894,20.37865,0
          105.97896,20.37857,0
          105.97896,20.37853,0
          105.97897,20.37851,0
          105.97897,20.37848,0
          105.97984,20.37157,0
          105.97984,20.37154,0
          105.97985,20.37152,0
          105.98022,20.36857,0
          105.98022,20.36854,0
          105.98023,20.36852,0
          105.98098,20.36252,0
          105.98098,20.36247,0
          105.98185,20.35557,0
          105.98186,20.35554,0
          105.98186,20.35551,0
          105.9829,20.34755,0
          105.98291,20.34751,0
          105.98291,20.34748,0
          105.98317,20.34621,0
          105.98318,20.34613,0
          105.98342,20.34517,0
          105.9838,20.34388,0
          105.98381,20.34383,0
          105.98411,20.343,0
          105.98411,20.34298,0
          105.98437,20.34229,0
          105.98506,20.34069,0
          105.98563,20.33957,0
          105.98588,20.33911,0
          105.98674,20.33767,0
          105.98698,20.3373,0
          105.98699,20.33727,0
          105.987,20.33725,0
          105.98934,20.33364,0
          105.98936,20.33362,0
          105.99185,20.32977,0
          105.99241,20.32895,0
          105.99299,20.32805,0
          105.99308,20.32789,0
          105.99477,20.32527,0
          105.99478,20.32526,0
          105.99765,20.32083,0
          105.99767,20.32081,0
          105.99768,20.32079,0
          106.00014,20.31699,0
          106.00084,20.31584,0
          106.00084,20.31582,0
          106.00154,20.31467,0
          106.00223,20.31344,0
          106.00233,20.31323,0
          106.00286,20.31222,0
          106.00363,20.31067,0
          106.00364,20.31066,0
          106.00411,20.30964,0
          106.00489,20.30783,0
          106.0049,20.30782,0
          106.00619,20.30477,0
          106.0062,20.30473,0
          106.00622,20.3047,0
          106.00629,20.30452,0
          106.00903,20.29822,0
          106.00903,20.2982,0
          106.00904,20.29819,0
          106.01064,20.29444,0
          106.01064,20.29442,0
          106.01065,20.29441,0
          106.01101,20.2935,0
          106.01134,20.29273,0
          106.0114,20.29263,0
          106.01206,20.29105,0
          106.01238,20.29019,0
          106.01318,20.28826,0
          106.01418,20.28595,0
          106.01426,20.28573,0
          106.0144,20.28545,0
          106.01507,20.28384,0
          106.01539,20.28313,0
          106.01547,20.28291,0
          106.01567,20.28247,0
          106.0166,20.28029,0
          106.01677,20.27992,0
          106.01753,20.27811,0
          106.01767,20.27775,0
          106.01809,20.27683,0
          106.0183,20.27631,0
          106.02062,20.27089,0
          106.02067,20.27075,0
          106.02077,20.27053,0
          106.02104,20.26982,0
          106.02109,20.26964,0
          106.02121,20.26928,0
          106.02131,20.26883,0
          106.02147,20.26767,0
          106.02148,20.26689,0
          106.02145,20.26643,0
          106.02142,20.26618,0
          106.0213,20.26543,0
          106.02115,20.26462,0
          106.02104,20.26418,0
          106.02093,20.26367,0
          106.02053,20.26212,0
          106.02018,20.26065,0
          106.02016,20.26063,0
          106.01972,20.25869,0
          106.01972,20.25866,0
          106.01969,20.25851,0
          106.01933,20.2571,0
          106.01933,20.25707,0
          106.01905,20.25603,0
          106.01903,20.25591,0
          106.0179,20.2515,0
          106.01788,20.2514,0
          106.01718,20.24862,0
          106.01716,20.24851,0
          106.01604,20.24388,0
          106.01555,20.24198,0
          106.01553,20.24194,0
          106.01549,20.24178,0
          106.01548,20.24172,0
          106.01547,20.24172,0
          106.01545,20.2416,0
          106.01503,20.2399,0
          106.01501,20.23986,0
          106.01491,20.23945,0
          106.01476,20.23893,0
          106.01472,20.23876,0
          106.01462,20.23841,0
          106.01458,20.23823,0
          106.01455,20.23813,0
          106.0144,20.23739,0
          106.0144,20.23736,0
          106.01439,20.23734,0
          106.01434,20.23717,0
          106.01397,20.23565,0
          106.01396,20.23558,0
          106.01374,20.23477,0
          106.0137,20.23459,0
          106.01352,20.23396,0
          106.01337,20.23357,0
          106.0128,20.2322,0
          106.01273,20.23208,0
          106.01253,20.23167,0
          106.01215,20.23105,0
          106.01211,20.231,0
          106.0115,20.2301,0
          106.01116,20.22966,0
          106.01061,20.22904,0
          106.00992,20.22833,0
          106.00951,20.22797,0
          106.00869,20.2273,0
          106.00808,20.22684,0
          106.00787,20.22667,0
          106.0063,20.22551,0
          106.00531,20.22473,0
          106.00518,20.22464,0
          106.00491,20.22442,0
          106.00369,20.22349,0
          106.00233,20.2225,0
          106.00134,20.22172,0
          106.00089,20.22141,0
          106.00046,20.22106,0
          106.00003,20.22073,0
          105.99971,20.2205,0
          105.99778,20.219,0
          105.99757,20.21882,0
          105.99658,20.21788,0
          105.99611,20.2174,0
          105.9957,20.2169,0
          105.99558,20.21677,0
          105.99527,20.21639,0
          105.99519,20.21631,0
          105.99483,20.21588,0
          105.99477,20.2158,0
          105.99471,20.21574,0
          105.99464,20.21566,0
          105.9946,20.2156,0
          105.99453,20.21552,0
          105.99437,20.21531,0
          105.99434,20.21528,0
          105.99406,20.21492,0
          105.99375,20.21449,0
          105.99359,20.21429,0
          105.99331,20.21391,0
          105.9927,20.21299,0
          105.99264,20.21291,0
          105.99253,20.21274,0
          105.99221,20.2123,0
          105.99213,20.21217,0
          105.9921,20.21214,0
          105.99149,20.21126,0
          105.99148,20.21125,0
          105.99066,20.21009,0
          105.99019,20.20939,0
          105.98902,20.20782,0
          105.98838,20.20705,0
          105.98749,20.20607,0
          105.98519,20.20384,0
          105.98473,20.20343,0
          105.98464,20.20333,0
          105.98414,20.20289,0
          105.98368,20.20254,0
          105.98241,20.20171,0
          105.97979,20.20025,0
          105.97898,20.19975,0
          105.97894,20.19973,0
          105.9783,20.19928,0
          105.9777,20.19883,0
          105.97744,20.19861,0
          105.97668,20.1979,0
          105.9763,20.19751,0
          105.97598,20.19716,0
          105.97541,20.19649,0
          105.97274,20.19311,0
          105.97231,20.1926,0
          105.97211,20.19238,0
          105.97159,20.19185,0
          105.9711,20.19139,0
          105.97026,20.19078,0
          105.96968,20.19039,0
          105.9691,20.19007,0
          105.96799,20.18958,0
          105.96716,20.18929,0
          105.96629,20.18905,0
          105.96592,20.18898,0
          105.96445,20.18876,0
          105.96329,20.18864,0
          105.96309,20.18861,0
          105.96226,20.18852,0
          105.96225,20.18851,0
          105.96181,20.18846,0
          105.96176,20.18846,0
          105.96085,20.18836,0
          105.96066,20.18833,0
          105.95944,20.18819,0
          105.95845,20.18805,0
          105.95787,20.18799,0
          105.95782,20.18799,0
          105.95731,20.18794,0
          105.95725,20.18793,0
          105.95722,20.18793,0
          105.95573,20.1878,0
          105.95516,20.18773,0
          105.95509,20.18773,0
          105.95478,20.18768,0
          105.95474,20.18767,0
          105.95464,20.18766,0
          105.95453,20.18764,0
          105.9544,20.18763,0
          105.95348,20.18748,0
          105.95262,20.18725,0
          105.95201,20.18703,0
          105.95135,20.18675,0
          105.95117,20.1867,0
          105.95041,20.18626,0
          105.94945,20.18574,0
          105.94929,20.18564,0
          105.94912,20.18555,0
          105.94791,20.18481,0
          105.94784,20.18476,0
          105.94772,20.18469,0
          105.94771,20.18469,0
          105.94759,20.18461,0
          105.94658,20.18403,0
          105.94654,20.184,0
          105.9458,20.18358,0
          105.9457,20.18353,0
          105.94495,20.18309,0
          105.94473,20.18298,0
          105.94456,20.18287,0
          105.94346,20.18225,0
          105.94314,20.18205,0
          105.94198,20.1814,0
          105.94126,20.18104,0
          105.94042,20.18065,0
          105.94022,20.18057,0
          105.94013,20.18054,0
          105.93979,20.18039,0
          105.9397,20.18036,0
          105.93926,20.18018,0
          105.93882,20.18004,0
          105.93864,20.17997,0
          105.93807,20.17978,0
          105.93791,20.17974,0
          105.93758,20.17963,0
          105.9366,20.17938,0
          105.9357,20.17919,0
          105.93527,20.17912,0
          105.93498,20.17906,0
          105.93497,20.17906,0
          105.93472,20.17902,0
          105.93363,20.17889,0
          105.93349,20.17888,0
          105.93339,20.17888,0
          105.93329,20.17887,0
          105.93302,20.17886,0
          105.93282,20.17884,0
          105.93121,20.1788,0
          105.92984,20.17887,0
          105.92965,20.17889,0
          105.92931,20.17891,0
          105.92757,20.17916,0
          105.92489,20.1796,0
          105.92482,20.17962,0
          105.92287,20.17993,0
          105.92174,20.18014,0
          105.92173,20.18014,0
          105.92169,20.18015,0
          105.92061,20.18032,0
          105.9206,20.18032,0
          105.92056,20.18033,0
          105.91811,20.18073,0
          105.91715,20.18084,0
          105.9164,20.18085,0
          105.91581,20.18084,0
          105.91532,20.1808,0
          105.91439,20.18065,0
          105.91418,20.1806,0
          105.91319,20.18031,0
          105.91196,20.1798,0
          105.91179,20.17972,0
          105.91098,20.17938,0
          105.91083,20.1793,0
          105.91082,20.1793,0
          105.91066,20.17922,0
          105.90938,20.17867,0
          105.90936,20.17865,0
          105.90863,20.17835,0
          105.90839,20.17824,0
          105.90828,20.1782,0
          105.90689,20.17759,0
          105.90675,20.17752,0
          105.90627,20.17732,0
          105.90593,20.17716,0
          105.90575,20.17709,0
          105.90541,20.17693,0
          105.90523,20.17686,0
          105.90395,20.17628,0
          105.90384,20.17624,0
          105.90326,20.17597,0
          105.90315,20.17593,0
          105.90239,20.17558,0
          105.90228,20.17554,0
          105.90225,20.17552,0
          105.89965,20.17438,0
          105.89955,20.17432,0
          105.89934,20.17421,0
          105.89852,20.17388,0
          105.895,20.17232,0
          105.89482,20.17225,0
          105.89389,20.17183,0
          105.89341,20.17164,0
          105.89154,20.17079,0
          105.88956,20.16995,0
          105.8885,20.16956,0
          105.88807,20.16943,0
          105.88739,20.16925,0
          105.88734,20.16923,0
          105.88688,20.16911,0
          105.88656,20.16906,0
          105.88627,20.169,0
          105.88608,20.16897,0
          105.88601,20.16895,0
          105.8859,20.16894,0
          105.88545,20.16886,0
          105.88419,20.16873,0
          105.88399,20.16872,0
          105.88347,20.16866,0
          105.88292,20.16862,0
          105.87928,20.16824,0
          105.8789,20.16821,0
          105.87381,20.16768,0
          105.87364,20.16767,0
          105.87294,20.16759,0
          105.8729,20.16758,0
          105.87187,20.16749,0
          105.87175,20.16749,0
          105.86982,20.16732,0
          105.86969,20.1673,0
          105.86966,20.16729,0
          105.86856,20.16711,0
          105.86837,20.16709,0
          105.86833,20.16709,0
          105.86113,20.16633,0
          105.86091,20.16629,0
          105.86032,20.16621,0
          105.8603,20.1662,0
          105.86018,20.16619,0
          105.85994,20.16614,0
          105.85992,20.16613,0
          105.85973,20.16609,0
          105.85902,20.16588,0
          105.859,20.16587,0
          105.85885,20.16583,0
          105.85885,20.16582,0
          105.85884,20.16582,0
          105.85843,20.16569,0
          105.85813,20.16557,0
          105.85812,20.16557,0
          105.85778,20.16543,0
          105.85777,20.16542,0
          105.85745,20.16528,0
          105.85701,20.16507,0
          105.85616,20.16459,0
          105.85595,20.16445,0
          105.85593,20.16443,0
          105.8558,20.16435,0
          105.85532,20.164,0
          105.8548,20.16358,0
          105.85477,20.16355,0
          105.85442,20.16325,0
          105.85408,20.16292,0
          105.85374,20.16261,0
          105.85336,20.16221,0
          105.85335,20.16221,0
          105.85219,20.16101,0
          105.85214,20.16097,0
          105.85206,20.16088,0
          105.85144,20.16026,0
          105.85141,20.16022,0
          105.84932,20.15812,0
          105.84927,20.15808,0
          105.84875,20.15755,0
          105.84867,20.15746,0
          105.84797,20.15676,0
          105.84789,20.15667,0
          105.84693,20.1557,0
          105.84692,20.1557,0
          105.84572,20.15448,0
          105.84548,20.15425,0
          105.84254,20.15127,0
          105.84242,20.15113,0
          105.84146,20.15009,0
          105.83964,20.14824,0
          105.83963,20.14824,0
          105.83892,20.14749,0
          105.83834,20.14683,0
          105.83768,20.14603,0
          105.83746,20.14574,0
          105.83736,20.14558,0
          105.83705,20.14513,0
          105.83633,20.14402,0
          105.83632,20.14399,0
          105.83621,20.14383,0
          105.83612,20.14367,0
          105.83562,20.14289,0
          105.83559,20.14283,0
          105.83541,20.14253,0
          105.8354,20.14252,0
          105.83532,20.14238,0
          105.83531,20.14237,0
          105.83515,20.14211,0
          105.83514,20.14208,0
          105.83513,20.14207,0
          105.83469,20.14137,0
          105.83467,20.14133,0
          105.83464,20.14129,0
          105.83451,20.14105,0
          105.8345,20.14105,0
          105.83446,20.14097,0
          105.83431,20.14072,0
          105.83426,20.14062,0
          105.83418,20.14049,0
          105.83417,20.14046,0
          105.83173,20.13621,0
          105.83154,20.1359,0
          105.83141,20.13566,0
          105.82977,20.13299,0
          105.82974,20.13293,0
          105.82882,20.13147,0
          105.82859,20.13106,0
          105.82849,20.13091,0
          105.827,20.12833,0
          105.82653,20.12759,0
          105.82645,20.12745,0
          105.82634,20.12728,0
          105.82533,20.12556,0
          105.82523,20.12541,0
          105.82505,20.12509,0
          105.82504,20.12508,0
          105.82353,20.12259,0
          105.82352,20.12258,0
          105.82271,20.12118,0
          105.8227,20.12117,0
          105.82261,20.12102,0
          105.82259,20.12098,0
          105.82224,20.12039,0
          105.82224,20.12038,0
          105.82069,20.11789,0
          105.82013,20.11695,0
          105.82012,20.11692,0
          105.81891,20.11488,0
          105.81836,20.1139,0
          105.81782,20.11299,0
          105.81771,20.11283,0
          105.81762,20.11267,0
          105.81732,20.11221,0
          105.81612,20.11017,0
          105.81612,20.11016,0
          105.81563,20.10939,0
          105.81554,20.10923,0
          105.81544,20.10908,0
          105.81491,20.10817,0
          105.81463,20.10764,0
          105.81461,20.10761,0
          105.8141,20.10664,0
          105.8137,20.10578,0
          105.81364,20.10569,0
          105.81363,20.10566,0
          105.81356,20.10554,0
          105.81309,20.10436,0
          105.81309,20.10435,0
          105.81307,20.10431,0
          105.8129,20.10385,0
          105.81289,20.10384,0
          105.81261,20.10299,0
          105.81261,20.10298,0
          105.81255,20.10277,0
          105.8125,20.10264,0
          105.81245,20.10247,0
          105.81243,20.10243,0
          105.81229,20.10195,0
          105.81227,20.10191,0
          105.81218,20.1016,0
          105.81216,20.10155,0
          105.81203,20.10102,0
          105.81201,20.10091,0
          105.8119,20.10049,0
          105.81177,20.09991,0
          105.81165,20.0992,0
          105.81165,20.09918,0
          105.81158,20.0988,0
          105.81141,20.09749,0
          105.8114,20.09734,0
          105.81139,20.09731,0
          105.81136,20.09659,0
          105.81135,20.09649,0
          105.81135,20.09632,0
          105.81129,20.09481,0
          105.81136,20.0929,0
          105.81136,20.09272,0
          105.81138,20.09237,0
          105.81138,20.09213,0
          105.81141,20.09147,0
          105.81141,20.09129,0
          105.81149,20.08949,0
          105.8115,20.08943,0
          105.81163,20.08628,0
          105.81164,20.0862,0
          105.81164,20.08602,0
          105.81165,20.08597,0
          105.81169,20.08518,0
          105.81169,20.08494,0
          105.8117,20.08482,0
          105.8117,20.08464,0
          105.81193,20.07904,0
          105.81193,20.07886,0
          105.81195,20.0785,0
          105.81195,20.07833,0
          105.81196,20.07815,0
          105.81196,20.07797,0
          105.81202,20.07649,0
          105.81202,20.07457,0
          105.81192,20.07276,0
          105.81189,20.07257,0
          105.81188,20.07242,0
          105.81153,20.06938,0
          105.8115,20.0692,0
          105.81132,20.0678,0
          105.81132,20.06777,0
          105.81101,20.06629,0
          105.811,20.06627,0
          105.811,20.06626,0
          105.81094,20.06591,0
          105.81059,20.06451,0
          105.81057,20.06441,0
          105.8103,20.06333,0
          105.81022,20.0629,0
          105.80998,20.06213,0
          105.80997,20.06211,0
          105.80964,20.06107,0
          105.8096,20.06092,0
          105.80959,20.0609,0
          105.80943,20.06038,0
          105.80932,20.06006,0
          105.80929,20.05994,0
          105.80899,20.05908,0
          105.80898,20.05903,0
          105.80859,20.05807,0
          105.80856,20.05802,0
          105.80852,20.0579,0
          105.808,20.0566,0
          105.808,20.05659,0
          105.8078,20.05612,0
          105.80774,20.05595,0
          105.80741,20.0552,0
          105.80725,20.05488,0
          105.80718,20.05471,0
          105.80717,20.0547,0
          105.80716,20.05467,0
          105.80675,20.05381,0
          105.80603,20.05241,0
          105.80533,20.05111,0
          105.80532,20.0511,0
          105.80486,20.05032,0
          105.80485,20.05029,0
          105.80393,20.04872,0
          105.80367,20.04833,0
          105.80366,20.04832,0
          105.80365,20.0483,0
          105.80357,20.04818,0
          105.80356,20.04817,0
          105.80291,20.04715,0
          105.80241,20.04649,0
          105.80216,20.04613,0
          105.80213,20.04607,0
          105.80212,20.04607,0
          105.80192,20.04576,0
          105.8016,20.04532,0
          105.8016,20.04531,0
          105.80133,20.04493,0
          105.80113,20.04467,0
          105.8009,20.04434,0
          105.80046,20.04375,0
          105.80036,20.0436,0
          105.79992,20.04301,0
          105.79982,20.04286,0
          105.79907,20.04184,0
          105.79903,20.04177,0
          105.79681,20.03859,0
          105.79521,20.03636,0
          105.7952,20.03635,0
          105.79468,20.03562,0
          105.79466,20.03558,0
          105.79407,20.03483,0
          105.79401,20.03474,0
          105.79368,20.0343,0
          105.79276,20.03313,0
          105.79219,20.03236,0
          105.79207,20.03218,0
          105.79206,20.03217,0
          105.79184,20.03188,0
          105.79144,20.03127,0
          105.79143,20.03125,0
          105.7912,20.03089,0
          105.79049,20.02993,0
          105.78955,20.02875,0
          105.78921,20.02825,0
          105.78913,20.02815,0
          105.7885,20.02725,0
          105.78842,20.02712,0
          105.7884,20.0271,0
          105.78837,20.02705,0
          105.78829,20.02695,0
          105.78826,20.0269,0
          105.78815,20.02676,0
          105.78745,20.02571,0
          105.78725,20.02549,0
          105.78723,20.02545,0
          105.78721,20.02542,0
          105.78702,20.02521,0
          105.78696,20.02511,0
          105.78687,20.02499,0
          105.78676,20.02482,0
          105.7867,20.02475,0
          105.78662,20.02464,0
          105.78613,20.0239,0
          105.78609,20.02386,0
          105.78535,20.02282,0
          105.7849,20.02214,0
          105.78348,20.02012,0
          105.78345,20.02009,0
          105.78335,20.01994,0
          105.78172,20.01772,0
          105.78162,20.01757,0
          105.78053,20.01609,0
          105.78052,20.01609,0
          105.77955,20.01476,0
          105.77955,20.01475,0
          105.77915,20.01414,0
          105.77914,20.01412,0
          105.77905,20.01399,0
          105.77855,20.01337,0
          105.77848,20.01327,0
          105.77847,20.01327,0
          105.77764,20.01207,0
          105.77763,20.01207,0
          105.77693,20.01102,0
          105.77684,20.01086,0
          105.77635,20.01007,0
          105.77549,20.00858,0
          105.77502,20.00767,0
          105.77436,20.00631,0
          105.77384,20.00511,0
          105.77361,20.00452,0
          105.77219,20.00044,0
          105.77123,19.99744,0
          105.77123,19.99743,0
          105.77084,19.99623,0
          105.77077,19.99604,0
          105.77074,19.99593,0
          105.77016,19.99415,0
          105.77016,19.99414,0
          105.7701,19.99397,0
          105.77005,19.99379,0
          105.76999,19.99363,0
          105.76999,19.99362,0
          105.76993,19.99345,0
          105.76951,19.99207,0
          105.76929,19.9912,0
          105.76929,19.99119,0
          105.76921,19.99084,0
          105.76918,19.99066,0
          105.76906,19.99012,0
          105.76882,19.9889,0
          105.76868,19.98801,0
          105.76868,19.988,0
          105.76857,19.98729,0
          105.76857,19.98728,0
          105.76846,19.98658,0
          105.76844,19.9865,0
          105.7684,19.98628,0
          105.76826,19.98528,0
          105.76825,19.98528,0
          105.76811,19.98427,0
          105.7681,19.98426,0
          105.76796,19.98338,0
          105.76796,19.98336,0
          105.76787,19.98284,0
          105.76786,19.98273,0
          105.76773,19.98195,0
          105.76773,19.98194,0
          105.76764,19.98142,0
          105.76764,19.98141,0
          105.76758,19.98106,0
          105.76758,19.98105,0
          105.76756,19.98095,0
          105.76755,19.98085,0
          105.76753,19.98077,0
          105.76749,19.98053,0
          105.76749,19.98052,0
          105.76748,19.98046,0
          105.7673,19.97979,0
          105.76717,19.97943,0
          105.76716,19.97939,0
          105.76714,19.97935,0
          105.76713,19.97932,0
          105.76712,19.97931,0
          105.76686,19.97855,0
          105.76679,19.97839,0
          105.76671,19.97817,0
          105.76647,19.97763,0
          105.76646,19.97762,0
          105.76646,19.97761,0
          105.76601,19.97664,0
          105.76601,19.97662,0
          105.76574,19.97604,0
          105.76568,19.97593,0
          105.76565,19.97586,0
          105.76477,19.9742,0
          105.76476,19.97419,0
          105.76375,19.97226,0
          105.76375,19.97225,0
          105.76374,19.97225,0
          105.76332,19.97145,0
          105.76332,19.97144,0
          105.76304,19.97092,0
          105.76232,19.96949,0
          105.76232,19.96948,0
          105.76231,19.96947,0
          105.76218,19.96918,0
          105.7617,19.9682,0
          105.76169,19.96817,0
          105.76168,19.96816,0
          105.7615,19.96778,0
          105.7612,19.9672,0
          105.76112,19.96706,0
          105.76104,19.96689,0
          105.76094,19.96671,0
          105.76094,19.9667,0
          105.76069,19.96623,0
          105.76068,19.96622,0
          105.76053,19.96592,0
          105.76044,19.96576,0
          105.76043,19.96573,0
          105.76027,19.96544,0
          105.76026,19.96541,0
          105.76018,19.96526,0
          105.76018,19.96525,0
          105.759,19.963,0
          105.75889,19.96284,0
          105.75832,19.96187,0
          105.75832,19.96186,0
          105.75824,19.96174,0
          105.75823,19.96171,0
          105.75776,19.96095,0
          105.75776,19.96094,0
          105.75767,19.96079,0
          105.75766,19.96079,0
          105.75757,19.96064,0
          105.75756,19.96063,0
          105.75738,19.96034,0
          105.75737,19.96033,0
          105.75737,19.96032,0
          105.75711,19.95993,0
          105.75672,19.95924,0
          105.75671,19.95923,0
          105.75659,19.959,0
          105.75636,19.95861,0
          105.75635,19.9586,0
          105.75608,19.95814,0
          105.75607,19.95813,0
          105.7559,19.95782,0
          105.75516,19.95656,0
          105.75506,19.95641,0
          105.75451,19.95547,0
          105.75451,19.95546,0
          105.75442,19.9553,0
          105.75392,19.9545,0
          105.7532,19.9535,0
          105.75288,19.95311,0
          105.75219,19.95239,0
          105.75216,19.95235,0
          105.75206,19.95226,0
          105.75167,19.95186,0
          105.75161,19.95179,0
          105.75114,19.95132,0
          105.75104,19.95121,0
          105.75078,19.95095,0
          105.75023,19.95035,0
          105.75023,19.95034,0
          105.74903,19.94894,0
          105.7487,19.9485,0
          105.7487,19.94849,0
          105.74827,19.94783,0
          105.74769,19.94676,0
          105.74746,19.94627,0
          105.74726,19.94578,0
          105.74684,19.94459,0
          105.74683,19.94459,0
          105.74637,19.94326,0
          105.74636,19.94322,0
          105.74606,19.94244,0
          105.74604,19.94236,0
          105.74602,19.94233,0
          105.74575,19.94161,0
          105.74564,19.94125,0
          105.74561,19.94117,0
          105.74556,19.94099,0
          105.74533,19.94029,0
          105.74526,19.94013,0
          105.74518,19.93997,0
          105.74518,19.93996,0
          105.74501,19.93964,0
          105.74486,19.93933,0
          105.74414,19.93806,0
          105.74413,19.93803,0
          105.74395,19.93775,0
          105.74377,19.93743,0
          105.74367,19.93728,0
          105.74365,19.93723,0
          105.74266,19.93559,0
          105.74264,19.93555,0
          105.74222,19.93488,0
          105.7421,19.93467,0
          105.74138,19.9335,0
          105.74137,19.93347,0
          105.74136,19.93346,0
          105.74084,19.93252,0
          105.74083,19.93251,0
          105.74077,19.93241,0
          105.74075,19.93236,0
          105.74048,19.93188,0
          105.74047,19.93187,0
          105.74023,19.93144,0
          105.74021,19.93141,0
          105.74021,19.9314,0
          105.74013,19.93124,0
          105.74006,19.93108,0
          105.73951,19.92994,0
          105.73951,19.92993,0
          105.73937,19.9296,0
          105.73931,19.92943,0
          105.73875,19.92807,0
          105.73871,19.92793,0
          105.73865,19.92776,0
          105.73841,19.92698,0
          105.73838,19.9269,0
          105.73824,19.9264,0
          105.73823,19.9264,0
          105.73808,19.92588,0
          105.73789,19.92508,0
          105.73789,19.92507,0
          105.73754,19.92326,0
          105.73754,19.92322,0
          105.73744,19.92273,0
          105.73702,19.92018,0
          105.73698,19.91998,0
          105.7369,19.91944,0
          105.73671,19.91834,0
          105.73626,19.91534,0
          105.73625,19.91533,0
          105.73614,19.91462,0
          105.73612,19.91444,0
          105.73591,19.91316,0
          105.7359,19.91304,0
          105.73584,19.91274,0
          105.73552,19.91062,0
          105.73552,19.9106,0
          105.7355,19.91052,0
          105.73528,19.90911,0
          105.73528,19.90908,0
          105.73512,19.90821,0
          105.73512,19.90819,0
          105.73511,19.90817,0
          105.73504,19.90753,0
          105.73498,19.90726,0
          105.73478,19.90598,0
          105.73457,19.90375,0
          105.73456,19.90357,0
          105.73455,19.90354,0
          105.73446,19.90255,0
          105.73446,19.9025,0
          105.73444,19.90232,0
          105.73443,19.90214,0
          105.73436,19.90142,0
          105.73429,19.90047,0
          105.73429,19.90038,0
          105.73428,19.90032,0
          105.7342,19.8992,0
          105.7341,19.89818,0
          105.7341,19.89815,0
          105.73396,19.89716,0
          105.7339,19.89689,0
          105.73389,19.89681,0
          105.73383,19.89652,0
          105.73367,19.89586,0
          105.73356,19.89533,0
          105.73326,19.89436,0
          105.73325,19.89434,0
          105.73308,19.89378,0
          105.73298,19.89349,0
          105.73298,19.89348,0
          105.73288,19.89314,0
          105.73282,19.89297,0
          105.73282,19.89296,0
          105.73281,19.89292,0
          105.7326,19.89229,0
          105.7326,19.89228,0
          105.7324,19.89177,0
          105.73205,19.89074,0
          105.73204,19.89072,0
          105.73155,19.88941,0
          105.73151,19.88933,0
          105.73142,19.88908,0
          105.73142,19.88907,0
          105.73135,19.88891,0
          105.73077,19.88739,0
          105.73077,19.88738,0
          105.73071,19.88721,0
          105.73064,19.88705,0
          105.73064,19.88704,0
          105.72972,19.88462,0
          105.72972,19.88461,0
          105.72844,19.88124,0
          105.72842,19.8812,0
          105.72743,19.87848,0
          105.72722,19.87797,0
          105.72713,19.87772,0
          105.72709,19.87763,0
          105.72678,19.8768,0
          105.72678,19.87678,0
          105.72618,19.87518,0
          105.72618,19.87517,0
          105.72593,19.8745,0
          105.72592,19.87449,0
          105.72574,19.87399,0
          105.72573,19.87398,0
          105.72561,19.87365,0
          105.72561,19.87364,0
          105.72542,19.87314,0
          105.72542,19.87313,0
          105.72536,19.87297,0
          105.72536,19.87296,0
          105.72458,19.8709,0
          105.72457,19.87089,0
          105.72454,19.8708,0
          105.72418,19.86989,0
          105.72417,19.86988,0
          105.72411,19.86971,0
          105.72351,19.8682,0
          105.72351,19.86819,0
          105.72349,19.86815,0
          105.72312,19.86719,0
          105.72311,19.86718,0
          105.72276,19.86615,0
          105.72261,19.86583,0
          105.7226,19.86582,0
          105.72236,19.86534,0
          105.72235,19.86533,0
          105.72221,19.86502,0
          105.72212,19.86485,0
          105.72156,19.86391,0
          105.72083,19.86279,0
          105.72066,19.86258,0
          105.72065,19.86256,0
          105.72019,19.862,0
          105.72017,19.86198,0
          105.71958,19.86127,0
          105.71945,19.86114,0
          105.71921,19.86087,0
          105.7183,19.85994,0
          105.71828,19.85991,0
          105.71804,19.85967,0
          105.71763,19.85929,0
          105.71762,19.85927,0
          105.71683,19.85852,0
          105.71669,19.8584,0
          105.71615,19.85788,0
          105.71612,19.85786,0
          105.71182,19.85371,0
          105.71152,19.85344,0
          105.71032,19.85228,0
          105.71009,19.85207,0
          105.70974,19.85172,0
          105.70854,19.85059,0
          105.7068,19.84889,0
          105.70653,19.84864,0
          105.70548,19.84756,0
          105.70424,19.84611,0
          105.70369,19.84537,0
          105.70369,19.84536,0
          105.70323,19.84473,0
          105.70261,19.84378,0
          105.70257,19.8437,0
          105.70237,19.84339,0
          105.69995,19.83932,0
          105.69994,19.83931,0
          105.69889,19.83752,0
          105.6984,19.83664,0
          105.69834,19.83652,0
          105.69754,19.83511,0
          105.69688,19.83382,0
          105.69659,19.83316,0
          105.69631,19.83247,0
          105.69613,19.83198,0
          105.6958,19.83097,0
          105.6958,19.83096,0
          105.69563,19.83038,0
          105.69539,19.82939,0
          105.69534,19.82936,0
          105.69529,19.82929,0
          105.69523,19.82911,0
          105.69514,19.82894,0
          105.69505,19.8288,0
          105.69485,19.82855,0
          105.69478,19.82848,0
          105.69463,19.82836,0
          105.69449,19.82827,0
          105.69448,19.82826,0
          105.69423,19.82814,0
          105.69422,19.82813,0
          105.69409,19.82809,0
          105.69378,19.82802,0
          105.69364,19.828,0
          105.69353,19.82797,0
          105.69349,19.82795,0
          105.69232,19.828,0
          105.69214,19.82799,0
          105.68984,19.82804,0
          105.68982,19.82797,0
          105.68887,19.82566,0
          105.68885,19.82562,0
          105.68862,19.82506,0
          105.68833,19.82443,0
          105.6883,19.82439,0
          105.68824,19.82434,0
          105.68819,19.82431,0
          105.68793,19.82424,0
          105.68656,19.82478,0
          105.68641,19.82483,0
          105.68638,19.82483,0
          105.68634,19.82482,0
          105.68611,19.82494,0
          105.68599,19.82499,0
          105.68582,19.82505,0
          105.68564,19.8251,0
          105.68365,19.82592,0
          105.6834,19.82604,0
          105.67778,19.82829,0
          105.67777,19.82829,0
          105.67626,19.82892,0
          105.67553,19.82917,0
          105.67515,19.82923,0
          105.67049,19.82963,0
          105.67016,19.82968,0
          105.66811,19.83013,0
          105.66733,19.83034,0
          105.66294,19.83171,0
          105.66175,19.83212,0
          105.66173,19.83213,0
          105.65916,19.83309,0
          105.65896,19.83314,0
          105.65831,19.83326,0
          105.65544,19.8337,0
          105.6533,19.83407,0
          105.65286,19.8342,0
          105.65167,19.83463,0
          105.65146,19.83469,0
          105.65104,19.83483,0
          105.65082,19.83487,0
          105.65069,19.83488,0
          105.64815,19.83479,0
          105.64694,19.83478,0
          105.64686,19.83479,0
          105.6465,19.83481,0
          105.64109,19.83545,0
          105.641,19.83547,0
          105.64033,19.83556,0
          105.6372,19.83588,0
          105.62943,19.83683,0
          105.62773,19.83708,0
          105.62685,19.83717,0
          105.62224,19.83776,0
          105.622,19.83777,0
          105.61961,19.83806,0
          105.61953,19.83808,0
          105.60675,19.83963,0
          105.60662,19.83964,0
          105.6018,19.84022,0
          105.599,19.84052,0
          105.59789,19.84066,0
          105.59691,19.84081,0
          105.5963,19.84096,0
          105.5897,19.84299,0
          105.58952,19.84306,0
          105.58935,19.84314,0
          105.58904,19.84333,0
          105.5886,19.84365,0
          105.58722,19.84481,0
          105.58597,19.84582,0
          105.5857,19.84606,0
          105.58498,19.84661,0
          105.58489,19.84669,0
          105.58377,19.84754,0
          105.58312,19.84807,0
          105.58105,19.84965,0
          105.58098,19.84969,0
          105.57902,19.85122,0
          105.579,19.85123,0
          105.57853,19.85156,0
          105.57848,19.8516,0
          105.57827,19.85174,0
          105.57792,19.85191,0
          105.57008,19.85495,0
          105.56852,19.85552,0
          105.55907,19.85838,0
          105.55741,19.85884,0
          105.55338,19.86005,0
          105.55195,19.86054,0
          105.5497,19.86121,0
          105.54969,19.86122,0
          105.54399,19.86261,0
          105.54398,19.86261,0
          105.54356,19.86272,0
          105.54201,19.86308,0
          105.54137,19.86316,0
          105.54063,19.86322,0
          105.5383,19.86331,0
          105.53693,19.86334,0
          105.52343,19.86384,0
          105.52275,19.86389,0
          105.52247,19.86393,0
          105.52211,19.86403,0
          105.52181,19.86413,0
          105.52113,19.86445,0
          105.52074,19.86467,0
          105.51848,19.86651,0
          105.5173,19.86741,0
          105.51674,19.86778,0
          105.51557,19.86865,0
          105.51551,19.8687,0
          105.51383,19.86993,0
          105.51378,19.86996,0
          105.51201,19.87127,0
          105.51151,19.87159,0
          105.51138,19.87165,0
          105.51118,19.87172,0
          105.51117,19.87173,0
          105.51075,19.87182,0
          105.50987,19.87195,0
          105.50972,19.87196,0
          105.50911,19.87205,0
          105.50154,19.87282,0
          105.5009,19.87286,0
          105.49238,19.87377,0
          105.49115,19.87386,0
          105.49018,19.8739,0
          105.48114,19.87399,0
          105.48105,19.87402,0
          105.48097,19.87403,0
          105.48011,19.87406,0
          105.4798,19.8741,0
          105.47978,19.87413,0
          105.47976,19.87415,0
          105.47973,19.87416,0
          105.47971,19.87418,0
          105.47969,19.87418,0
          105.47968,19.87419,0
          105.47958,19.87419,0
          105.47957,19.87418,0
          105.47955,19.87418,0
          105.47953,19.87417,0
          105.47952,19.87416,0
          105.4795,19.87415,0
          105.47945,19.8741,0
          105.47923,19.87407,0
          105.47841,19.8741,0
          105.47838,19.87409,0
          105.47774,19.87409,0
          105.47768,19.87407,0
          105.47763,19.87403,0
          105.47732,19.87405,0
          105.47457,19.87405,0
          105.4679,19.87356,0
          105.46606,19.87346,0
          105.46577,19.87349,0
          105.46423,19.87344,0
          105.46222,19.87342,0
          105.45488,19.87344,0
          105.44754,19.8734,0
          105.44665,19.87344,0
          105.44465,19.87345,0
          105.44446,19.87346,0
          105.44076,19.87349,0
          105.43581,19.87348,0
          105.43556,19.87349,0
          105.43336,19.87349,0
          105.43093,19.87353,0
          105.42993,19.8735,0
          105.42737,19.87357,0
          105.42512,19.87379,0
          105.42379,19.87401,0
          105.42043,19.87467,0
          105.41963,19.87479,0
          105.41959,19.8748,0
          105.41871,19.8749,0
          105.41792,19.87494,0
          105.41722,19.87493,0
          105.41559,19.87482,0
          105.41483,19.87473,0
          105.41381,19.87458,0
          105.41349,19.87452,0
          105.41155,19.87425,0
          105.40976,19.87391,0
          105.40921,19.87384,0
          105.40918,19.8739,0
          105.40911,19.87401,0
          105.40909,19.87403,0
          105.40893,19.87433,0
          105.40892,19.87436,0
          105.40886,19.87449,0
          105.40886,19.8745,0
          105.40881,19.87461,0
          105.4088,19.87465,0
          105.40875,19.87479,0
          105.40874,19.87481,0
          105.40872,19.87491,0
          105.40869,19.87501,0
          105.40866,19.87519,0
          105.40863,19.8753,0
          105.40863,19.87533,0
          105.40856,19.87564,0
          105.4085,19.87597,0
          105.40849,19.876,0
          105.40846,19.87614,0
          105.40846,19.87617,0
          105.40836,19.87661,0
          105.40835,19.87663,0
          105.40828,19.87694,0
          105.40827,19.87696,0
          105.40826,19.87704,0
          105.40824,19.87713,0
          105.40819,19.87729,0
          105.40819,19.87733,0
          105.40813,19.87748,0
          105.40804,19.87778,0
          105.40798,19.87792,0
          105.4079,19.87814,0
          105.40783,19.87829,0
          105.40781,19.87836,0
          105.40763,19.87877,0
          105.40749,19.87913,0
          105.40737,19.87954,0
          105.40733,19.87972,0
          105.40726,19.87997,0
          105.40698,19.88138,0
          105.40691,19.88165,0
          105.40687,19.88186,0
          105.40682,19.88201,0
          105.40669,19.8827,0
          105.40669,19.88272,0
          105.40637,19.88412,0
          105.40637,19.88413,0
          105.40619,19.88501,0
          105.40619,19.88502,0
          105.40598,19.88625,0
          105.40598,19.88627,0
          105.40594,19.88643,0
          105.40591,19.8866,0
          105.40579,19.88713,0
          105.40576,19.88731,0
          105.40568,19.88766,0
          105.40552,19.88799,0
          105.40533,19.88835,0
          105.40509,19.88875,0
          105.40319,19.8917,0
          105.40305,19.89196,0
          105.40148,19.89444,0
          105.40141,19.89457,0
          105.40107,19.89509,0
          105.40055,19.89594,0
          105.39984,19.89704,0
          105.39982,19.89708,0
          105.39942,19.89769,0
          105.39907,19.89839,0
          105.39902,19.89851,0
          105.39899,19.89857,0
          105.39894,19.8987,0
          105.39882,19.89908,0
          105.39878,19.89926,0
          105.39848,19.9015,0
          105.39788,19.90556,0
          105.39779,19.90628,0
          105.3977,19.90681,0
          105.39762,19.90768,0
          105.39762,19.90801,0
          105.3977,19.9091,0
          105.39649,19.90855,0
          105.39524,19.90806,0
          105.39382,19.90754,0
          105.39321,19.9073,0
          105.39238,19.90702,0
          105.39236,19.90701,0
          105.392,19.90689,0
          105.39163,19.90675,0
          105.39024,19.90604,0
          105.39018,19.90598,0
          105.3901,19.90591,0
          105.38995,19.90574,0
          105.38909,19.90468,0
          105.38878,19.90432,0
          105.38778,19.90332,0
          105.38723,19.9027,0
          105.3868,19.9023,0
          105.38626,19.9019,0
          105.38563,19.90148,0
          105.38547,19.90142,0
          105.38525,19.90137,0
          105.38471,19.90131,0
          105.38416,19.90127,0
          105.3835,19.9012,0
          105.38317,19.90118,0
          105.3831,19.90119,0
          105.38291,19.90119,0
          105.38278,19.90117,0
          105.38269,19.90114,0
          105.38253,19.90107,0
          105.38244,19.90101,0
          105.38218,19.90069,0
          105.38188,19.90026,0
          105.38165,19.89998,0
          105.38124,19.8994,0
          105.38118,19.8993,0
          105.3808,19.89783,0
          105.38071,19.8976,0
          105.38052,19.89765,0
          105.37983,19.89777,0
          105.3798,19.89777,0
          105.37951,19.89783,0
          105.37945,19.89785,0
          105.37896,19.89796,0
          105.37889,19.89798,0
          105.37754,19.89826,0
          105.37628,19.89848,0
          105.37607,19.89845,0
          105.37591,19.89841,0
          105.37574,19.89834,0
          105.37533,19.89805,0
          105.37496,19.89771,0
          105.37422,19.89711,0
          105.3742,19.8971,0
          105.37405,19.89699,0
          105.37388,19.89689,0
          105.37376,19.89683,0
          105.37363,19.89678,0
          105.37348,19.89675,0
          105.37311,19.89675,0
          105.3727,19.89679,0
          105.3724,19.89685,0
          105.37237,19.89687,0
          105.37231,19.8969,0
          105.3723,19.89691,0
          105.37219,19.89698,0
          105.37192,19.89718,0
          105.37125,19.89771,0
          105.37113,19.89779,0
          105.37005,19.89836,0
          105.36708,19.89984,0
          105.3669,19.89992,0
          105.36674,19.89998,0
          105.36644,19.90007,0
          105.36637,19.90008,0
          105.36606,19.90009,0
          105.36597,19.90007,0
          105.36589,19.90006,0
          105.36576,19.90002,0
          105.36567,19.89996,0
          105.36556,19.89984,0
          105.36545,19.89966,0
          105.36542,19.89962,0
          105.36517,19.89917,0
          105.36502,19.89895,0
          105.36495,19.89883,0
          105.36491,19.89878,0
          105.36487,19.89874,0
          105.36475,19.89866,0
          105.36444,19.89853,0
          105.36393,19.89839,0
          105.36292,19.89806,0
          105.36237,19.8979,0
          105.36151,19.89761,0
          105.36062,19.89728,0
          105.36058,19.89727,0
          105.36044,19.89722,0
          105.36007,19.89718,0
          105.35987,19.89718,0
          105.35944,19.8972,0
          105.35899,19.89724,0
          105.35889,19.89726,0
          105.3583,19.89734,0
          105.3582,19.89736,0
          105.35781,19.89741,0
          105.35734,19.89751,0
          105.35717,19.89756,0
          105.35345,19.89892,0
          105.35331,19.89898,0
          105.35299,19.8991,0
          105.35255,19.89934,0
          105.35102,19.90033,0
          105.3503,19.90082,0
          105.35025,19.90086,0
          105.35013,19.90094,0
          105.34987,19.90109,0
          105.3494,19.9014,0
          105.34924,19.90153,0
          105.34858,19.90194,0
          105.34718,19.90285,0
          105.34652,19.90318,0
          105.34523,19.90388,0
          105.34522,19.90388,0
          105.34476,19.90415,0
          105.34381,19.90465,0
          105.34278,19.90512,0
          105.34163,19.90551,0
          105.34141,19.90555,0
          105.34109,19.90556,0
          105.34047,19.90554,0
          105.34035,19.90552,0
          105.34004,19.90541,0
          105.33953,19.9052,0
          105.33899,19.905,0
          105.33738,19.90447,0
          105.33556,19.90384,0
          105.33555,19.90383,0
          105.33524,19.90369,0
          105.33498,19.90349,0
          105.33414,19.90265,0
          105.33405,19.90255,0
          105.3339,19.9024,0
          105.33388,19.90239,0
          105.33373,19.90227,0
          105.33353,19.90217,0
          105.33345,19.90215,0
          105.33337,19.90214,0
          105.33319,19.90214,0
          105.33285,19.90216,0
          105.3327,19.90215,0
          105.33261,19.90213,0
          105.33255,19.90211,0
          105.33253,19.9021,0
          105.33252,19.9021,0
          105.33249,19.90208,0
          105.33226,19.90183,0
          105.33202,19.90145,0
          105.33186,19.90124,0
          105.3316,19.90096,0
          105.33158,19.90095,0
          105.33148,19.90082,0
          105.33141,19.90075,0
          105.33121,19.90049,0
          105.33118,19.90043,0
          105.33086,19.89991,0
          105.33074,19.89976,0
          105.33072,19.89973,0
          105.32994,19.89901,0
          105.32947,19.89848,0
          105.32944,19.89844,0
          105.32941,19.89841,0
          105.32939,19.89838,0
          105.32929,19.89831,0
          105.32918,19.89826,0
          105.32906,19.89824,0
          105.32893,19.89824,0
          105.32854,19.8983,0
          105.32837,19.89831,0
          105.32833,19.89832,0
          105.32799,19.89831,0
          105.32769,19.89824,0
          105.32745,19.89813,0
          105.32741,19.89812,0
          105.32737,19.8981,0
          105.32722,19.89804,0
          105.32705,19.89799,0
          105.32689,19.89797,0
          105.32672,19.89797,0
          105.32667,19.89798,0
          105.32663,19.898,0
          105.32653,19.89802,0
          105.32649,19.89804,0
          105.32647,19.89804,0
          105.32583,19.8984,0
          105.32531,19.89867,0
          105.32509,19.89875,0
          105.325,19.89877,0
          105.32497,19.89877,0
          105.32492,19.89878,0
          105.3249,19.89878,0
          105.32482,19.89877,0
          105.3248,19.89877,0
          105.32478,19.89876,0
          105.32471,19.89874,0
          105.32465,19.8987,0
          105.32451,19.89859,0
          105.32417,19.89828,0
          105.32399,19.8981,0
          105.32385,19.8979,0
          105.32373,19.8977,0
          105.32366,19.89761,0
          105.32359,19.89754,0
          105.32351,19.8975,0
          105.32349,19.8975,0
          105.32347,19.89749,0
          105.32329,19.89744,0
          105.32324,19.89743,0
          105.32314,19.89742,0
          105.32296,19.89739,0
          105.32275,19.89734,0
          105.32264,19.8973,0
          105.32258,19.89727,0
          105.32241,19.89717,0
          105.32226,19.89706,0
          105.3222,19.89703,0
          105.3213,19.8964,0
          105.32017,19.89548,0
          105.32011,19.89544,0
          105.32002,19.89537,0
          105.31997,19.89534,0
          105.31996,19.89533,0
          105.3197,19.89518,0
          105.31966,19.89517,0
          105.31944,19.89508,0
          105.31873,19.89486,0
          105.31855,19.89478,0
          105.31835,19.89467,0
          105.3183,19.89462,0
          105.3179,19.89431,0
          105.31767,19.89409,0
          105.3175,19.89394,0
          105.31727,19.8937,0
          105.31707,19.89347,0
          105.31704,19.89343,0
          105.317,19.89336,0
          105.31694,19.8932,0
          105.31691,19.89308,0
          105.3169,19.89306,0
          105.31685,19.89283,0
          105.31684,19.89273,0
          105.31686,19.89255,0
          105.31687,19.89255,0
          105.31694,19.89239,0
          105.31702,19.89224,0
          105.31703,19.89223,0
          105.31708,19.89215,0
          105.31712,19.89207,0
          105.31713,19.89203,0
          105.31713,19.8919,0
          105.31712,19.89187,0
          105.31705,19.89171,0
          105.31697,19.89156,0
          105.31697,19.89155,0
          105.31688,19.8914,0
          105.31643,19.89082,0
          105.31642,19.89082,0
          105.31613,19.89043,0
          105.3161,19.89038,0
          105.31605,19.89031,0
          105.31601,19.89022,0
          105.31601,19.8902,0
          105.31586,19.8898,0
          105.31581,19.88972,0
          105.31571,19.88962,0
          105.31564,19.88957,0
          105.31559,19.88955,0
          105.31375,19.88904,0
          105.31366,19.88901,0
          105.31363,19.88899,0
          105.31355,19.88895,0
          105.31351,19.88892,0
          105.31347,19.88887,0
          105.31338,19.88874,0
          105.31336,19.88869,0
          105.31334,19.88851,0
          105.31336,19.88836,0
          105.31338,19.88832,0
          105.3134,19.88826,0
          105.31346,19.88815,0
          105.31351,19.88809,0
          105.3136,19.888,0
          105.31379,19.88784,0
          105.3139,19.88773,0
          105.31399,19.88761,0
          105.31405,19.88744,0
          105.31405,19.88741,0
          105.31404,19.88735,0
          105.31401,19.88726,0
          105.31397,19.88717,0
          105.31386,19.88705,0
          105.31371,19.88693,0
          105.31342,19.88665,0
          105.3133,19.88647,0
          105.31319,19.88623,0
          105.31298,19.8857,0
          105.3128,19.8852,0
          105.31279,19.88516,0
          105.31269,19.88496,0
          105.31255,19.88474,0
          105.31219,19.88438,0
          105.31208,19.88428,0
          105.31199,19.88416,0
          105.31191,19.88403,0
          105.31189,19.88401,0
          105.31175,19.88379,0
          105.31156,19.88356,0
          105.31137,19.8834,0
          105.31119,19.88331,0
          105.31106,19.88326,0
          105.31052,19.88308,0
          105.31033,19.88303,0
          105.31015,19.88297,0
          105.31008,19.88294,0
          105.30997,19.88291,0
          105.30989,19.88288,0
          105.3097,19.88286,0
          105.30944,19.88287,0
          105.30864,19.88295,0
          105.30859,19.88295,0
          105.30731,19.88306,0
          105.30709,19.88307,0
          105.30674,19.88312,0
          105.30624,19.88326,0
          105.30619,19.88327,0
          105.30618,19.88327,0
          105.30613,19.88328,0
          105.30556,19.88329,0
          105.30516,19.88331,0
          105.30505,19.88333,0
          105.30503,19.88333,0
          105.30485,19.88335,0
          105.30426,19.88344,0
          105.30413,19.88345,0
          105.30402,19.88345,0
          105.30353,19.88337,0
          105.30335,19.88335,0
          105.30334,19.88334,0
          105.30333,19.88334,0
          105.30317,19.88327,0
          105.30286,19.88317,0
          105.30266,19.88314,0
          105.30229,19.88312,0
          105.30207,19.88307,0
          105.30136,19.88286,0
          105.30095,19.88257,0
          105.30073,19.8824,0
          105.30062,19.8823,0
          105.30049,19.88211,0
          105.30048,19.8821,0
          105.30039,19.88196,0
          105.30038,19.88195,0
          105.30034,19.88189,0
          105.30029,19.8818,0
          105.30028,19.88179,0
          105.30025,19.88174,0
          105.30012,19.88162,0
          105.29995,19.88151,0
          105.29985,19.88148,0
          105.29983,19.88147,0
          105.29967,19.88141,0
          105.29966,19.88141,0
          105.29949,19.88136,0
          105.29947,19.88136,0
          105.29938,19.88133,0
          105.2993,19.88131,0
          105.29886,19.88117,0
          105.29867,19.88105,0
          105.29859,19.88097,0
          105.29854,19.88085,0
          105.29854,19.88084,0
          105.29851,19.8807,0
          105.29856,19.88001,0
          105.29856,19.8798,0
          105.29854,19.87967,0
          105.29846,19.87938,0
          105.29824,19.87877,0
          105.29812,19.87839,0
          105.2981,19.87834,0
          105.2977,19.87703,0
          105.29759,19.87675,0
          105.29746,19.87649,0
          105.297,19.87567,0
          105.29693,19.87556,0
          105.29683,19.87543,0
          105.29662,19.87529,0
          105.29632,19.87517,0
          105.29631,19.87516,0
          105.29626,19.87516,0
          105.29593,19.87512,0
          105.29588,19.87511,0
          105.29515,19.87512,0
          105.29459,19.8751,0
          105.29416,19.87502,0
          105.29404,19.87499,0
          105.29403,19.87499,0
          105.29335,19.87488,0
          105.29301,19.87477,0
          105.29267,19.87471,0
          105.29265,19.8747,0
          105.2921,19.87467,0
          105.29141,19.87451,0
          105.29136,19.87449,0
          105.29035,19.87425,0
          105.29009,19.87429,0
          105.2897,19.87441,0
          105.28914,19.87464,0
          105.28862,19.87487,0
          105.28861,19.87487,0
          105.2881,19.8751,0
          105.28809,19.8751,0
          105.28785,19.87521,0
          105.28717,19.87529,0
          105.28659,19.87532,0
          105.28594,19.8754,0
          105.2858,19.87543,0
          105.28579,19.87543,0
          105.28556,19.87552,0
          105.28532,19.87564,0
          105.28529,19.87565,0
          105.28512,19.87574,0
          105.2846,19.87597,0
          105.28415,19.87528,0
          105.28394,19.87498,0
          105.28341,19.87406,0
          105.28299,19.87344,0
          105.28215,19.87202,0
          105.28208,19.87192,0
          105.28202,19.87177,0
          105.28198,19.87157,0
          105.2819,19.87127,0
          105.2819,19.87122,0
          105.28185,19.87095,0
          105.28181,19.87058,0
          105.28167,19.86991,0
          105.28152,19.86891,0
          105.2815,19.86883,0
          105.28147,19.86865,0
          105.28147,19.86861,0
          105.28146,19.86858,0
          105.28145,19.86848,0
          105.28144,19.86847,0
          105.28135,19.86794,0
          105.28133,19.86776,0
          105.28103,19.8661,0
          105.28096,19.86563,0
          105.28095,19.86551,0
          105.28096,19.86538,0
          105.28099,19.86528,0
          105.28107,19.86515,0
          105.2812,19.86498,0
          105.28127,19.86494,0
          105.2815,19.86478,0
          105.28152,19.86477,0
          105.28182,19.86467,0
          105.28188,19.86466,0
          105.28205,19.86461,0
          105.28206,19.86461,0
          105.28218,19.86458,0
          105.28287,19.86447,0
          105.28296,19.86444,0
          105.28304,19.86439,0
          105.28318,19.86424,0
          105.28338,19.86396,0
          105.28341,19.86391,0
          105.28349,19.86381,0
          105.28353,19.86374,0
          105.28381,19.86336,0
          105.28391,19.86321,0
          105.28428,19.8627,0
          105.28465,19.86216,0
          105.28466,19.86215,0
          105.28472,19.86193,0
          105.28472,19.86179,0
          105.28471,19.86166,0
          105.28461,19.86148,0
          105.28448,19.86134,0
          105.28441,19.86129,0
          105.28432,19.86124,0
          105.28425,19.86119,0
          105.284,19.86104,0
          105.28393,19.86099,0
          105.28377,19.8609,0
          105.28303,19.86043,0
          105.28282,19.86025,0
          105.28263,19.85997,0
          105.28259,19.85988,0
          105.28255,19.85981,0
          105.28253,19.85976,0
          105.28227,19.85886,0
          105.28214,19.85847,0
          105.28202,19.85805,0
          105.28187,19.85775,0
          105.28178,19.85765,0
          105.2817,19.85755,0
          105.27987,19.85581,0
          105.27922,19.85508,0
          105.27887,19.85459,0
          105.27874,19.85427,0
          105.27872,19.85413,0
          105.27872,19.85398,0
          105.27874,19.85384,0
          105.27882,19.85352,0
          105.27885,19.85335,0
          105.27887,19.85317,0
          105.27888,19.85298,0
          105.27884,19.85288,0
          105.27881,19.85283,0
          105.27874,19.85274,0
          105.2786,19.85262,0
          105.27832,19.85243,0
          105.27822,19.85237,0
          105.27822,19.85236,0
          105.27814,19.8523,0
          105.27808,19.85224,0
          105.27802,19.85215,0
          105.27797,19.85206,0
          105.27791,19.85166,0
          105.2779,19.85155,0
          105.2779,19.85136,0
          105.27791,19.85126,0
          105.27794,19.85119,0
          105.278,19.85113,0
          105.27808,19.85103,0
          105.27842,19.85081,0
          105.27859,19.85064,0
          105.2787,19.85047,0
          105.27898,19.84985,0
          105.27898,19.84983,0
          105.27903,19.84966,0
          105.27904,19.84965,0
          105.27906,19.84951,0
          105.27907,19.84935,0
          105.27904,19.84915,0
          105.27899,19.84894,0
          105.27894,19.84878,0
          105.27883,19.84836,0
          105.27879,19.84801,0
          105.27877,19.84752,0
          105.27874,19.84736,0
          105.27874,19.84733,0
          105.27871,19.84718,0
          105.27863,19.84664,0
          105.27857,19.84638,0
          105.27848,19.84609,0
          105.27846,19.84605,0
          105.27834,19.84575,0
          105.27825,19.84556,0
          105.27818,19.84538,0
          105.27813,19.84529,0
          105.27809,19.84525,0
          105.27794,19.84516,0
          105.27787,19.84513,0
          105.2778,19.84511,0
          105.27778,19.8451,0
          105.27737,19.8451,0
          105.27697,19.84506,0
          105.27692,19.84505,0
          105.27686,19.84503,0
          105.27686,19.84502,0
          105.27683,19.845,0
          105.27677,19.8449,0
          105.27674,19.84483,0
          105.27674,19.84472,0
          105.27673,19.84469,0
          105.27672,19.84451,0
          105.27669,19.84434,0
          105.27669,19.84432,0
          105.27661,19.8437,0
          105.2766,19.84344,0
          105.27662,19.84326,0
          105.27663,19.84321,0
          105.27676,19.84191,0
          105.27674,19.84137,0
          105.27669,19.84112,0
          105.27669,19.8411,0
          105.27661,19.84066,0
          105.27658,19.84059,0
          105.27657,19.84058,0
          105.27656,19.84056,0
          105.2765,19.84048,0
          105.27637,19.84039,0
          105.27627,19.84035,0
          105.27598,19.84026,0
          105.27577,19.84017,0
          105.27563,19.84009,0
          105.27523,19.83989,0
          105.2746,19.83973,0
          105.27441,19.8397,0
          105.27436,19.83971,0
          105.27432,19.83971,0
          105.2743,19.83972,0
          105.27423,19.83974,0
          105.27407,19.83982,0
          105.27391,19.83988,0
          105.27384,19.8399,0
          105.27375,19.8399,0
          105.27368,19.83988,0
          105.27363,19.83984,0
          105.27346,19.83967,0
          105.2734,19.83962,0
          105.27335,19.83959,0
          105.27335,19.83958,0
          105.27333,19.83957,0
          105.27329,19.83956,0
          105.27326,19.83954,0
          105.27319,19.83952,0
          105.27318,19.83951,0
          105.27283,19.83937,0
          105.27283,19.83936,0
          105.27275,19.8393,0
          105.27269,19.83923,0
          105.27258,19.83899,0
          105.27256,19.83891,0
          105.27256,19.8389,0
          105.27255,19.83884,0
          105.27254,19.83881,0
          105.27254,19.83873,0
          105.27253,19.83864,0
          105.27255,19.83848,0
          105.27257,19.8384,0
          105.27262,19.83832,0
          105.27267,19.83821,0
          105.27267,19.8382,0
          105.2727,19.83815,0
          105.27271,19.83812,0
          105.27291,19.83769,0
          105.27312,19.83736,0
          105.27323,19.83721,0
          105.27324,19.8372,0
          105.27327,19.83716,0
          105.27332,19.83711,0
          105.27348,19.83703,0
          105.27348,19.83702,0
          105.27356,19.83698,0
          105.27363,19.83693,0
          105.27366,19.8369,0
          105.27367,19.83687,0
          105.27369,19.83684,0
          105.27369,19.83676,0
          105.27358,19.83645,0
          105.27353,19.83625,0
          105.27353,19.83624,0
          105.27349,19.83607,0
          105.27351,19.83553,0
          105.2735,19.83537,0
          105.2735,19.83522,0
          105.27353,19.83509,0
          105.27358,19.83501,0
          105.27361,19.83494,0
          105.27361,19.8349,0
          105.27359,19.83484,0
          105.27335,19.83435,0
          105.27334,19.83434,0
          105.27318,19.83404,0
          105.27316,19.83402,0
          105.27313,19.83396,0
          105.27307,19.83387,0
          105.27299,19.83379,0
          105.2722,19.83291,0
          105.27208,19.83274,0
          105.27198,19.83262,0
          105.2719,19.83254,0
          105.27186,19.83248,0
          105.27164,19.83219,0
          105.27156,19.83202,0
          105.27154,19.8319,0
          105.27156,19.83184,0
          105.2718,19.83052,0
          105.2718,19.83035,0
          105.27178,19.83027,0
          105.27178,19.83025,0
          105.2717,19.8299,0
          105.27152,19.82933,0
          105.27138,19.82905,0
          105.27125,19.82873,0
          105.27125,19.82871,0
          105.27112,19.8284,0
          105.2711,19.82837,0
          105.27104,19.82833,0
          105.27095,19.82829,0
          105.27086,19.82828,0
          105.27039,19.82827,0
          105.2702,19.82828,0
          105.2698,19.82828,0
          105.26968,19.82826,0
          105.26952,19.82821,0
          105.26927,19.82808,0
          105.26922,19.82804,0
          105.26907,19.82794,0
          105.26896,19.82782,0
          105.26888,19.82771,0
          105.26887,19.8277,0
          105.26869,19.82745,0
          105.26857,19.82726,0
          105.2685,19.8271,0
          105.26847,19.82697,0
          105.26846,19.82669,0
          105.26844,19.82656,0
          105.26843,19.82643,0
          105.2684,19.82637,0
          105.26839,19.82634,0
          105.2681,19.82615,0
          105.26795,19.82608,0
          105.26794,19.82608,0
          105.26793,19.82607,0
          105.26707,19.82581,0
          105.26688,19.82573,0
          105.26638,19.8254,0
          105.26617,19.82525,0
          105.26596,19.82503,0
          105.26591,19.82495,0
          105.26579,19.82479,0
          105.26565,19.82452,0
          105.2655,19.82435,0
          105.265,19.82388,0
          105.26427,19.82328,0
          105.26391,19.82376,0
          105.2639,19.82378,0
          105.26349,19.82424,0
          105.26346,19.82426,0
          105.26342,19.82428,0
          105.26338,19.82429,0
          105.26295,19.82421,0
          105.26214,19.82399,0
          105.26205,19.82395,0
          105.26196,19.8239,0
          105.26187,19.82381,0
          105.26179,19.8237,0
          105.26166,19.8235,0
          105.26157,19.82339,0
          105.26155,19.82336,0
          105.26142,19.8232,0
          105.26132,19.82311,0
          105.26129,19.8231,0
          105.26119,19.82304,0
          105.261,19.82297,0
          105.26098,19.82296,0
          105.2608,19.8229,0
          105.26064,19.8228,0
          105.26031,19.82263,0
          105.26015,19.82253,0
          105.26014,19.82252,0
          105.25996,19.82241,0
          105.2599,19.82238,0
          105.25977,19.8223,0
          105.25964,19.82223,0
          105.25962,19.82223,0
          105.2595,19.82219,0
          105.25932,19.82215,0
          105.2593,19.82214,0
          105.2582,19.82184,0
          105.25774,19.82169,0
          105.25766,19.82165,0
          105.25683,19.82132,0
          105.25592,19.82091,0
          105.25519,19.82055,0
          105.25475,19.82037,0
          105.25459,19.82033,0
          105.25428,19.82033,0
          105.25416,19.82034,0
          105.25402,19.82034,0
          105.25369,19.82045,0
          105.2532,19.82051,0
          105.25297,19.82051,0
          105.2528,19.82047,0
          105.25271,19.82046,0
          105.25263,19.82046,0
          105.25244,19.82043,0
          105.25229,19.82042,0
          105.25184,19.82042,0
          105.25167,19.82043,0
          105.25163,19.82044,0
          105.25148,19.82045,0
          105.25134,19.82045,0
          105.25129,19.82046,0
          105.2512,19.82046,0
          105.25107,19.82048,0
          105.25091,19.82049,0
          105.25077,19.82049,0
          105.25067,19.82048,0
          105.25024,19.82035,0
          105.25013,19.82035,0
          105.24995,19.82039,0
          105.2496,19.82051,0
          105.24937,19.82054,0
          105.24887,19.82054,0
          105.24871,19.82055,0
          105.24856,19.82057,0
          105.24839,19.82063,0
          105.24822,19.82068,0
          105.24807,19.82076,0
          105.24802,19.82081,0
          105.24785,19.82095,0
          105.24773,19.82107,0
          105.24732,19.82063,0
          105.24698,19.82021,0
          105.24681,19.82026,0
          105.24667,19.82031,0
          105.24646,19.82042,0
          105.24638,19.82049,0
          105.24605,19.82052,0
          105.2457,19.82052,0
          105.24512,19.82043,0
          105.24501,19.82039,0
          105.24494,19.82037,0
          105.2449,19.82035,0
          105.24486,19.82034,0
          105.2448,19.82031,0
          105.24475,19.82024,0
          105.24474,19.82022,0
          105.24473,19.82017,0
          105.24476,19.81993,0
          105.24476,19.81985,0
          105.24475,19.81982,0
          105.24475,19.81979,0
          105.24473,19.81976,0
          105.24471,19.81972,0
          105.24467,19.8197,0
          105.24456,19.81963,0
          105.24446,19.81954,0
          105.24445,19.81952,0
          105.24441,19.81947,0
          105.24433,19.81925,0
          105.2443,19.81921,0
          105.24425,19.81918,0
          105.24419,19.81916,0
          105.24413,19.81916,0
          105.24407,19.81915,0
          105.244,19.81915,0
          105.24395,19.81916,0
          105.24392,19.81918,0
          105.24388,19.81919,0
          105.24381,19.81926,0
          105.24378,19.8193,0
          105.24369,19.81938,0
          105.24354,19.81953,0
          105.24347,19.81957,0
          105.24341,19.81959,0
          105.24333,19.81961,0
          105.2433,19.81961,0
          105.24321,19.81963,0
          105.24313,19.81963,0
          105.24307,19.81961,0
          105.24293,19.81955,0
          105.24287,19.81951,0
          105.24282,19.81947,0
          105.24279,19.81944,0
          105.24277,19.81941,0
          105.24276,19.81936,0
          105.24277,19.81931,0
          105.24276,19.81929,0
          105.24276,19.8192,0
          105.24274,19.81916,0
          105.24273,19.81915,0
          105.2427,19.81914,0
          105.2427,19.81913,0
          105.24261,19.81913,0
          105.24251,19.81911,0
          105.24246,19.81911,0
          105.24199,19.81906,0
          105.24194,19.81904,0
          105.24184,19.81902,0
          105.2418,19.819,0
          105.24164,19.81888,0
          105.24162,19.81886,0
          105.24151,19.81877,0
          105.24148,19.81874,0
          105.24122,19.81854,0
          105.24119,19.81851,0
          105.24113,19.81847,0
          105.24106,19.81839,0
          105.24106,19.81838,0
          105.24102,19.81829,0
          105.24087,19.81789,0
          105.24086,19.81787,0
          105.24084,19.81778,0
          105.24084,19.81773,0
          105.24087,19.81765,0
          105.24091,19.81757,0
          105.24094,19.81754,0
          105.24099,19.81748,0
          105.24109,19.81733,0
          105.2411,19.81729,0
          105.2411,19.81724,0
          105.24108,19.81718,0
          105.24105,19.81712,0
          105.24102,19.81708,0
          105.24094,19.81704,0
          105.24091,19.81704,0
          105.24086,19.81703,0
          105.24083,19.81703,0
          105.24065,19.81706,0
          105.24052,19.81707,0
          105.24045,19.81706,0
          105.24044,19.81705,0
          105.24041,19.81704,0
          105.24036,19.81698,0
          105.24031,19.81693,0
          105.24026,19.81689,0
          105.24018,19.81687,0
          105.24,19.81684,0
          105.23996,19.8168,0
          105.23995,19.8168,0
          105.23989,19.81672,0
          105.23984,19.81661,0
          105.2398,19.81648,0
          105.23979,19.81643,0
          105.23971,19.8158,0
          105.23971,19.81576,0
          105.23969,19.81561,0
          105.23968,19.81559,0
          105.23961,19.81536,0
          105.23958,19.81529,0
          105.23955,19.81525,0
          105.23954,19.81524,0
          105.23951,19.81522,0
          105.23944,19.81516,0
          105.2394,19.81514,0
          105.23936,19.81511,0
          105.23915,19.81501,0
          105.23906,19.81498,0
          105.23862,19.81486,0
          105.23852,19.8148,0
          105.23848,19.81476,0
          105.23846,19.81467,0
          105.23845,19.81464,0
          105.23845,19.81437,0
          105.23842,19.814,0
          105.2384,19.81393,0
          105.2384,19.81392,0
          105.23836,19.81386,0
          105.23831,19.81382,0
          105.23827,19.81378,0
          105.23824,19.81377,0
          105.23821,19.81375,0
          105.23814,19.81375,0
          105.2381,19.81377,0
          105.23809,19.81377,0
          105.23791,19.81385,0
          105.23786,19.81392,0
          105.23768,19.81424,0
          105.23747,19.81443,0
          105.23734,19.81464,0
          105.23731,19.81472,0
          105.2373,19.81473,0
          105.23727,19.81478,0
          105.23723,19.81483,0
          105.23719,19.81487,0
          105.23718,19.81487,0
          105.23712,19.8149,0
          105.237,19.8149,0
          105.23698,19.81491,0
          105.23678,19.81491,0
          105.23643,19.81489,0
          105.2364,19.81488,0
          105.23624,19.81486,0
          105.23621,19.81485,0
          105.23598,19.81484,0
          105.23582,19.81485,0
          105.23564,19.81483,0
          105.23559,19.81481,0
          105.23555,19.81478,0
          105.23549,19.81472,0
          105.2354,19.81465,0
          105.23536,19.81463,0
          105.23529,19.81458,0
          105.23517,19.81451,0
          105.23475,19.81432,0
          105.23468,19.8143,0
          105.23462,19.81427,0
          105.23438,19.8142,0
          105.23427,19.81418,0
          105.2342,19.81418,0
          105.23396,19.81421,0
          105.2339,19.81421,0
          105.23384,19.81419,0
          105.2338,19.81416,0
          105.23378,19.81413,0
          105.23378,19.81412,0
          105.23375,19.81407,0
          105.23372,19.814,0
          105.23371,19.81396,0
          105.23371,19.81395,0
          105.23364,19.81388,0
          105.23363,19.81386,0
          105.23361,19.81385,0
          105.23355,19.81381,0
          105.23348,19.81378,0
          105.23342,19.81376,0
          105.23341,19.81376,0
          105.23329,19.81372,0
          105.23325,19.81369,0
          105.23322,19.81368,0
          105.2332,19.81367,0
          105.23318,19.81365,0
          105.23316,19.81362,0
          105.23313,19.81359,0
          105.233,19.81324,0
          105.23298,19.81322,0
          105.23296,19.81318,0
          105.23293,19.81316,0
          105.23283,19.81311,0
          105.23278,19.8131,0
          105.23272,19.8131,0
          105.23264,19.81311,0
          105.23234,19.81313,0
          105.2321,19.81316,0
          105.23196,19.81316,0
          105.23191,19.81315,0
          105.23185,19.81312,0
          105.23178,19.81304,0
          105.23176,19.81301,0
          105.23168,19.81291,0
          105.23161,19.8128,0
          105.23158,19.81269,0
          105.23157,19.81267,0
          105.23158,19.81252,0
          105.23158,19.81235,0
          105.23156,19.81189,0
          105.23157,19.81183,0
          105.23172,19.81146,0
          105.23175,19.8114,0
          105.23194,19.81095,0
          105.23196,19.81088,0
          105.23198,19.81083,0
          105.23199,19.81077,0
          105.23199,19.81075,0
          105.23198,19.81072,0
          105.23193,19.81062,0
          105.23191,19.81057,0
          105.23176,19.81038,0
          105.23171,19.8103,0
          105.23169,19.81028,0
          105.23167,19.81027,0
          105.23163,19.81024,0
          105.23162,19.81023,0
          105.23152,19.8102,0
          105.23119,19.81031,0
          105.23115,19.81032,0
          105.23097,19.81039,0
          105.23086,19.81042,0
          105.23084,19.81041,0
          105.23073,19.81039,0
          105.23055,19.81033,0
          105.23044,19.8103,0
          105.23038,19.81027,0
          105.23033,19.81023,0
          105.23016,19.81013,0
          105.2301,19.81008,0
          105.22995,19.80998,0
          105.2299,19.80994,0
          105.22984,19.80992,0
          105.22982,19.80991,0
          105.22978,19.8099,0
          105.2297,19.80991,0
          105.22936,19.80992,0
          105.22931,19.80991,0
          105.22913,19.80986,0
          105.22909,19.80984,0
          105.2289,19.80979,0
          105.22849,19.80966,0
          105.22836,19.80963,0
          105.22828,19.8096,0
          105.22817,19.8096,0
          105.22804,19.80961,0
          105.22792,19.80961,0
          105.22781,19.8096,0
          105.22775,19.80958,0
          105.22773,19.80957,0
          105.22768,19.80952,0
          105.22765,19.80945,0
          105.22755,19.80917,0
          105.22753,19.80914,0
          105.2276,19.80918,0
          105.22764,19.80921,0
          105.22767,19.80924,0
          105.22771,19.80926,0
          105.22774,19.80927,0
          105.22775,19.80927,0
          105.22776,19.80926,0
          105.22777,19.80926,0
          105.22777,19.80924,0
          105.22778,19.80923,0
          105.22778,19.80922,0
          105.22777,19.80921,0
          105.22777,19.80918,0
          105.22776,19.80916,0
          105.22766,19.80906,0
          105.22766,19.80905,0
          105.22767,19.80904,0
          105.22768,19.80901,0
          105.22773,19.80891,0
          105.22775,19.80888,0
          105.22776,19.80886,0
          105.22776,19.80885,0
          105.22777,19.80882,0
          105.22777,19.80878,0
          105.22776,19.80876,0
          105.2277,19.8087,0
          105.22767,19.80865,0
          105.22767,19.80862,0
          105.22768,19.80861,0
          105.22768,19.8086,0
          105.2277,19.80859,0
          105.22771,19.80858,0
          105.22773,19.80858,0
          105.22774,19.80857,0
          105.22776,19.80857,0
          105.22777,19.80856,0
          105.22778,19.80854,0
          105.22779,19.8085,0
          105.22781,19.80846,0
          105.22784,19.80844,0
          105.22788,19.80842,0
          105.22806,19.80837,0
          105.22831,19.80824,0
          105.22841,19.8082,0
          105.22847,19.80816,0
          105.22855,19.80812,0
          105.2286,19.80808,0
          105.2286,19.80807,0
          105.22868,19.80798,0
          105.22871,19.80793,0
          105.2288,19.80775,0
          105.22882,19.80768,0
          105.22882,19.80761,0
          105.2288,19.80754,0
          105.2288,19.80748,0
          105.22882,19.80742,0
          105.22892,19.80732,0
          105.22896,19.80727,0
          105.22899,19.80721,0
          105.229,19.80716,0
          105.22902,19.80711,0
          105.2291,19.80717,0
          105.22908,19.8074,0
          105.22905,19.80751,0
          105.22909,19.80768,0
          105.2291,19.80793,0
        </coordinates>
      </LineString>
    </Placemark>
    <Placemark>
      <name>21.7056,104.8670</name>
      <styleUrl>#icon-1899-DB4436-nodesc</styleUrl>
      <Point>
        <coordinates>
          104.8659521,21.7048331,0
        </coordinates>
      </Point>
    </Placemark>
    <Placemark>
      <name>19.8079,105.2297</name>
      <styleUrl>#icon-1899-DB4436-nodesc</styleUrl>
      <Point>
        <coordinates>
          105.2290996,19.8079276,0
        </coordinates>
      </Point>
    </Placemark>
  </Document>
</kml>
